/home/u1/Desktop/devops_project/UniOps-SaaS-Product/backend/venv/lib/python3.12/site-packages/pydantic/_internal/_fields.py:160: UserWarning: Field "model_name" has conflict with protected namespace "model_".

You may be able to resolve this warning by setting `model_config['protected_namespaces'] = ()`.
  warnings.warn(
/home/u1/Desktop/devops_project/UniOps-SaaS-Product/backend/venv/lib/python3.12/site-packages/pydantic/_internal/_fields.py:160: UserWarning: Field "model_version" has conflict with protected namespace "model_".

You may be able to resolve this warning by setting `model_config['protected_namespaces'] = ()`.
  warnings.warn(
/home/u1/Desktop/devops_project/UniOps-SaaS-Product/backend/venv/lib/python3.12/site-packages/pydantic/_internal/_fields.py:160: UserWarning: Field "model_type" has conflict with protected namespace "model_".

You may be able to resolve this warning by setting `model_config['protected_namespaces'] = ()`.
  warnings.warn(
[32m2026-06-16 18:22:45[0m | [1mINFO    [0m | [36mapp.main[0m:[36m96[0m - [1mPrometheus metrics enabled at /metrics[0m
INFO:     Started server process [1217355]
INFO:     Waiting for application startup.
[32m2026-06-16 18:22:45[0m | [1mINFO    [0m | [36mapp.main[0m:[36m29[0m - [1mStarting UniOps v1.0.0[0m
2026-06-16 18:22:45,833 INFO sqlalchemy.engine.Engine BEGIN (implicit)
2026-06-16 18:22:45,834 INFO sqlalchemy.engine.Engine PRAGMA main.table_info("tenants")
2026-06-16 18:22:45,834 INFO sqlalchemy.engine.Engine [raw sql] ()
2026-06-16 18:22:45,834 INFO sqlalchemy.engine.Engine PRAGMA main.table_info("users")
2026-06-16 18:22:45,834 INFO sqlalchemy.engine.Engine [raw sql] ()
2026-06-16 18:22:45,835 INFO sqlalchemy.engine.Engine PRAGMA main.table_info("roles")
2026-06-16 18:22:45,835 INFO sqlalchemy.engine.Engine [raw sql] ()
2026-06-16 18:22:45,835 INFO sqlalchemy.engine.Engine PRAGMA main.table_info("permissions")
2026-06-16 18:22:45,835 INFO sqlalchemy.engine.Engine [raw sql] ()
2026-06-16 18:22:45,835 INFO sqlalchemy.engine.Engine PRAGMA main.table_info("subscriptions")
2026-06-16 18:22:45,835 INFO sqlalchemy.engine.Engine [raw sql] ()
2026-06-16 18:22:45,835 INFO sqlalchemy.engine.Engine PRAGMA main.table_info("integrations")
2026-06-16 18:22:45,835 INFO sqlalchemy.engine.Engine [raw sql] ()
2026-06-16 18:22:45,836 INFO sqlalchemy.engine.Engine PRAGMA main.table_info("pipelines")
2026-06-16 18:22:45,836 INFO sqlalchemy.engine.Engine [raw sql] ()
2026-06-16 18:22:45,836 INFO sqlalchemy.engine.Engine PRAGMA main.table_info("pods")
2026-06-16 18:22:45,836 INFO sqlalchemy.engine.Engine [raw sql] ()
2026-06-16 18:22:45,836 INFO sqlalchemy.engine.Engine PRAGMA main.table_info("threats")
2026-06-16 18:22:45,836 INFO sqlalchemy.engine.Engine [raw sql] ()
2026-06-16 18:22:45,836 INFO sqlalchemy.engine.Engine PRAGMA main.table_info("vulnerabilities")
2026-06-16 18:22:45,837 INFO sqlalchemy.engine.Engine [raw sql] ()
2026-06-16 18:22:45,837 INFO sqlalchemy.engine.Engine PRAGMA main.table_info("compliance")
2026-06-16 18:22:45,837 INFO sqlalchemy.engine.Engine [raw sql] ()
2026-06-16 18:22:45,837 INFO sqlalchemy.engine.Engine PRAGMA main.table_info("cost_metrics")
2026-06-16 18:22:45,837 INFO sqlalchemy.engine.Engine [raw sql] ()
2026-06-16 18:22:45,837 INFO sqlalchemy.engine.Engine PRAGMA main.table_info("cost_anomalies")
2026-06-16 18:22:45,837 INFO sqlalchemy.engine.Engine [raw sql] ()
2026-06-16 18:22:45,838 INFO sqlalchemy.engine.Engine PRAGMA main.table_info("savings")
2026-06-16 18:22:45,838 INFO sqlalchemy.engine.Engine [raw sql] ()
2026-06-16 18:22:45,838 INFO sqlalchemy.engine.Engine PRAGMA main.table_info("ml_predictions")
2026-06-16 18:22:45,838 INFO sqlalchemy.engine.Engine [raw sql] ()
2026-06-16 18:22:45,838 INFO sqlalchemy.engine.Engine PRAGMA main.table_info("ml_patterns")
2026-06-16 18:22:45,838 INFO sqlalchemy.engine.Engine [raw sql] ()
2026-06-16 18:22:45,838 INFO sqlalchemy.engine.Engine PRAGMA main.table_info("ml_recommendations")
2026-06-16 18:22:45,839 INFO sqlalchemy.engine.Engine [raw sql] ()
2026-06-16 18:22:45,839 INFO sqlalchemy.engine.Engine PRAGMA main.table_info("ml_correlations")
2026-06-16 18:22:45,839 INFO sqlalchemy.engine.Engine [raw sql] ()
2026-06-16 18:22:45,839 INFO sqlalchemy.engine.Engine PRAGMA main.table_info("alerts")
2026-06-16 18:22:45,839 INFO sqlalchemy.engine.Engine [raw sql] ()
2026-06-16 18:22:45,839 INFO sqlalchemy.engine.Engine PRAGMA main.table_info("audit_logs")
2026-06-16 18:22:45,839 INFO sqlalchemy.engine.Engine [raw sql] ()
2026-06-16 18:22:45,840 INFO sqlalchemy.engine.Engine PRAGMA main.table_info("webhooks")
2026-06-16 18:22:45,840 INFO sqlalchemy.engine.Engine [raw sql] ()
2026-06-16 18:22:45,840 INFO sqlalchemy.engine.Engine PRAGMA main.table_info("scans")
2026-06-16 18:22:45,840 INFO sqlalchemy.engine.Engine [raw sql] ()
2026-06-16 18:22:45,840 INFO sqlalchemy.engine.Engine PRAGMA main.table_info("repositories")
2026-06-16 18:22:45,840 INFO sqlalchemy.engine.Engine [raw sql] ()
2026-06-16 18:22:45,840 INFO sqlalchemy.engine.Engine PRAGMA main.table_info("api_keys")
2026-06-16 18:22:45,840 INFO sqlalchemy.engine.Engine [raw sql] ()
2026-06-16 18:22:45,841 INFO sqlalchemy.engine.Engine PRAGMA temp.table_info("api_keys")
2026-06-16 18:22:45,841 INFO sqlalchemy.engine.Engine [raw sql] ()
2026-06-16 18:22:45,841 INFO sqlalchemy.engine.Engine 
CREATE TABLE api_keys (
	tenant_id VARCHAR(36) NOT NULL, 
	user_id VARCHAR(36) NOT NULL, 
	name VARCHAR(100) NOT NULL, 
	key_hash VARCHAR(128) NOT NULL, 
	key_prefix VARCHAR(25) NOT NULL, 
	scopes JSON NOT NULL, 
	last_used DATETIME, 
	expires_at DATETIME, 
	is_active BOOLEAN NOT NULL, 
	id VARCHAR(36) NOT NULL, 
	created_at DATETIME NOT NULL, 
	updated_at DATETIME NOT NULL, 
	PRIMARY KEY (id), 
	UNIQUE (key_hash)
)


2026-06-16 18:22:45,841 INFO sqlalchemy.engine.Engine [no key 0.00006s] ()
2026-06-16 18:22:45,845 INFO sqlalchemy.engine.Engine CREATE INDEX ix_api_keys_user_id ON api_keys (user_id)
2026-06-16 18:22:45,845 INFO sqlalchemy.engine.Engine [no key 0.00007s] ()
2026-06-16 18:22:45,847 INFO sqlalchemy.engine.Engine CREATE INDEX ix_api_keys_tenant_id ON api_keys (tenant_id)
2026-06-16 18:22:45,847 INFO sqlalchemy.engine.Engine [no key 0.00006s] ()
2026-06-16 18:22:45,849 INFO sqlalchemy.engine.Engine COMMIT
[32m2026-06-16 18:22:45[0m | [1mINFO    [0m | [36mapp.main[0m:[36m33[0m - [1mDatabase initialized[0m
[32m2026-06-16 18:22:45[0m | [1mINFO    [0m | [36mapp.core.scheduler[0m:[36m22[0m - [1mBackground scheduler starting...[0m
[32m2026-06-16 18:22:45[0m | [1mINFO    [0m | [36mapp.core.scheduler[0m:[36m26[0m - [1mK8s watchers disabled (event loop safety)[0m
[32m2026-06-16 18:22:45[0m | [1mINFO    [0m | [36mapp.core.scheduler[0m:[36m37[0m - [1mScheduler started 6 periodic tasks[0m
[32m2026-06-16 18:22:45[0m | [1mINFO    [0m | [36mapp.main[0m:[36m39[0m - [1mBackground scheduler started[0m
[32m2026-06-16 18:22:45[0m | [1mINFO    [0m | [36mapp.main[0m:[36m51[0m - [1mML event listener task started — will retry Redis connection on failures[0m
[32m2026-06-16 18:22:45[0m | [1mINFO    [0m | [36mapp.services.ml_service[0m:[36m366[0m - [1m[MLListener] Starting — subscribing to 4 channels[0m
INFO:     Application startup complete.
[32m2026-06-16 18:22:45[0m | [31m[1mERROR   [0m | [36mapp.services.ml_service[0m:[36m431[0m - [31m[1m[MLListener] Connection lost: ConnectionError('Error 111 connecting to localhost:6379. 111.') — reconnecting in 5s[0m
INFO:     Uvicorn running on http://0.0.0.0:3001 (Press CTRL+C to quit)
[32m2026-06-16 18:22:46[0m | [1mINFO    [0m | [36mapp.middleware.logging[0m:[36m15[0m - [1m[1f252fda] GET /api/health → 404 (0.71ms)[0m
INFO:     127.0.0.1:58334 - "GET /api/health HTTP/1.1" 404 Not Found
[32m2026-06-16 18:22:47[0m | [1mINFO    [0m | [36mapp.middleware.logging[0m:[36m15[0m - [1m[4e994501] GET /api/health → 404 (0.68ms)[0m
INFO:     127.0.0.1:59558 - "GET /api/health HTTP/1.1" 404 Not Found
[32m2026-06-16 18:22:48[0m | [1mINFO    [0m | [36mapp.middleware.logging[0m:[36m15[0m - [1m[8cabd20f] GET /api/health → 404 (0.63ms)[0m
INFO:     127.0.0.1:59574 - "GET /api/health HTTP/1.1" 404 Not Found
[32m2026-06-16 18:22:49[0m | [1mINFO    [0m | [36mapp.middleware.logging[0m:[36m15[0m - [1m[2b2a4e8e] GET /api/health → 404 (0.66ms)[0m
INFO:     127.0.0.1:59580 - "GET /api/health HTTP/1.1" 404 Not Found
[32m2026-06-16 18:22:50[0m | [1mINFO    [0m | [36mapp.middleware.logging[0m:[36m15[0m - [1m[d0999da0] GET /api/health → 404 (0.71ms)[0m
INFO:     127.0.0.1:59594 - "GET /api/health HTTP/1.1" 404 Not Found
[32m2026-06-16 18:22:50[0m | [31m[1mERROR   [0m | [36mapp.services.ml_service[0m:[36m431[0m - [31m[1m[MLListener] Connection lost: ConnectionError('Error 111 connecting to localhost:6379. 111.') — reconnecting in 10s[0m
[32m2026-06-16 18:22:51[0m | [1mINFO    [0m | [36mapp.middleware.logging[0m:[36m15[0m - [1m[f5df8669] GET /api/health → 404 (0.7ms)[0m
INFO:     127.0.0.1:59610 - "GET /api/health HTTP/1.1" 404 Not Found
[32m2026-06-16 18:22:52[0m | [1mINFO    [0m | [36mapp.middleware.logging[0m:[36m15[0m - [1m[3cf40c50] GET /api/health → 404 (0.88ms)[0m
INFO:     127.0.0.1:59622 - "GET /api/health HTTP/1.1" 404 Not Found
[32m2026-06-16 18:22:53[0m | [1mINFO    [0m | [36mapp.middleware.logging[0m:[36m15[0m - [1m[f2859894] GET /api/health → 404 (0.71ms)[0m
INFO:     127.0.0.1:59626 - "GET /api/health HTTP/1.1" 404 Not Found
[32m2026-06-16 18:22:54[0m | [1mINFO    [0m | [36mapp.middleware.logging[0m:[36m15[0m - [1m[53d538f4] GET /api/health → 404 (0.65ms)[0m
INFO:     127.0.0.1:59632 - "GET /api/health HTTP/1.1" 404 Not Found
[32m2026-06-16 18:22:55[0m | [1mINFO    [0m | [36mapp.middleware.logging[0m:[36m15[0m - [1m[f35300f8] GET /api/health → 404 (0.72ms)[0m
INFO:     127.0.0.1:59634 - "GET /api/health HTTP/1.1" 404 Not Found
[32m2026-06-16 18:22:56[0m | [1mINFO    [0m | [36mapp.middleware.logging[0m:[36m15[0m - [1m[9f290f9f] GET /api/health → 404 (0.79ms)[0m
INFO:     127.0.0.1:59638 - "GET /api/health HTTP/1.1" 404 Not Found
[32m2026-06-16 18:22:57[0m | [1mINFO    [0m | [36mapp.middleware.logging[0m:[36m15[0m - [1m[4824aa0e] GET /api/health → 404 (0.7ms)[0m
INFO:     127.0.0.1:51328 - "GET /api/health HTTP/1.1" 404 Not Found
[32m2026-06-16 18:22:58[0m | [1mINFO    [0m | [36mapp.middleware.logging[0m:[36m15[0m - [1m[32d0aac2] GET /api/health → 404 (0.66ms)[0m
INFO:     127.0.0.1:51340 - "GET /api/health HTTP/1.1" 404 Not Found
[32m2026-06-16 18:22:59[0m | [1mINFO    [0m | [36mapp.middleware.logging[0m:[36m15[0m - [1m[a9dfae72] GET /api/health → 404 (0.7ms)[0m
INFO:     127.0.0.1:51352 - "GET /api/health HTTP/1.1" 404 Not Found
[32m2026-06-16 18:23:00[0m | [1mINFO    [0m | [36mapp.middleware.logging[0m:[36m15[0m - [1m[fffa08e7] GET /api/health → 404 (0.71ms)[0m
INFO:     127.0.0.1:51354 - "GET /api/health HTTP/1.1" 404 Not Found
[32m2026-06-16 18:23:00[0m | [31m[1mERROR   [0m | [36mapp.services.ml_service[0m:[36m431[0m - [31m[1m[MLListener] Connection lost: ConnectionError('Error 111 connecting to localhost:6379. 111.') — reconnecting in 20s[0m
[32m2026-06-16 18:23:01[0m | [1mINFO    [0m | [36mapp.middleware.logging[0m:[36m15[0m - [1m[79aae4cc] GET /api/health → 404 (0.65ms)[0m
INFO:     127.0.0.1:51356 - "GET /api/health HTTP/1.1" 404 Not Found
[32m2026-06-16 18:23:02[0m | [1mINFO    [0m | [36mapp.middleware.logging[0m:[36m15[0m - [1m[9b3d72ae] GET /api/health → 404 (0.67ms)[0m
INFO:     127.0.0.1:51358 - "GET /api/health HTTP/1.1" 404 Not Found
[32m2026-06-16 18:23:03[0m | [1mINFO    [0m | [36mapp.middleware.logging[0m:[36m15[0m - [1m[59ebded9] GET /api/health → 404 (0.69ms)[0m
INFO:     127.0.0.1:51366 - "GET /api/health HTTP/1.1" 404 Not Found
[32m2026-06-16 18:23:10[0m | [1mINFO    [0m | [36mapp.middleware.logging[0m:[36m15[0m - [1m[382f245a] GET / → 404 (0.93ms)[0m
INFO:     127.0.0.1:60256 - "GET / HTTP/1.1" 404 Not Found
[32m2026-06-16 18:23:10[0m | [1mINFO    [0m | [36mapp.middleware.logging[0m:[36m15[0m - [1m[805209b7] GET /favicon.ico → 404 (0.71ms)[0m
INFO:     127.0.0.1:60256 - "GET /favicon.ico HTTP/1.1" 404 Not Found
[32m2026-06-16 18:23:13[0m | [31m[1mERROR   [0m | [36mapp.middleware.logging[0m:[36m23[0m - [31m[1m[965f3f08] GET /api/v1/alerts → ERR (0.94ms): Bearer token required[0m
INFO:     127.0.0.1:60276 - "GET /api/v1/alerts?page_size=10 HTTP/1.1" 401 Unauthorized
ERROR:    Exception in ASGI application
  + Exception Group Traceback (most recent call last):
  |   File "/home/u1/Desktop/devops_project/UniOps-SaaS-Product/backend/venv/lib/python3.12/site-packages/starlette/_utils.py", line 87, in collapse_excgroups
  |     yield
  |   File "/home/u1/Desktop/devops_project/UniOps-SaaS-Product/backend/venv/lib/python3.12/site-packages/starlette/middleware/base.py", line 190, in __call__
  |     async with anyio.create_task_group() as task_group:
  |   File "/home/u1/Desktop/devops_project/UniOps-SaaS-Product/backend/venv/lib/python3.12/site-packages/anyio/_backends/_asyncio.py", line 811, in __aexit__
  |     raise BaseExceptionGroup(
  | ExceptionGroup: unhandled errors in a TaskGroup (1 sub-exception)
  +-+---------------- 1 ----------------
    | Traceback (most recent call last):
    |   File "/home/u1/Desktop/devops_project/UniOps-SaaS-Product/backend/venv/lib/python3.12/site-packages/uvicorn/protocols/http/httptools_impl.py", line 411, in run_asgi
    |     result = await app(  # type: ignore[func-returns-value]
    |              ^^^^^^^^^^^^^^^^^^^^^^^^^^^^^^^^^^^^^^^^^^^^^^
    |   File "/home/u1/Desktop/devops_project/UniOps-SaaS-Product/backend/venv/lib/python3.12/site-packages/uvicorn/middleware/proxy_headers.py", line 69, in __call__
    |     return await self.app(scope, receive, send)
    |            ^^^^^^^^^^^^^^^^^^^^^^^^^^^^^^^^^^^^
    |   File "/home/u1/Desktop/devops_project/UniOps-SaaS-Product/backend/venv/lib/python3.12/site-packages/fastapi/applications.py", line 1054, in __call__
    |     await super().__call__(scope, receive, send)
    |   File "/home/u1/Desktop/devops_project/UniOps-SaaS-Product/backend/venv/lib/python3.12/site-packages/starlette/applications.py", line 123, in __call__
    |     await self.middleware_stack(scope, receive, send)
    |   File "/home/u1/Desktop/devops_project/UniOps-SaaS-Product/backend/venv/lib/python3.12/site-packages/starlette/middleware/errors.py", line 186, in __call__
    |     raise exc
    |   File "/home/u1/Desktop/devops_project/UniOps-SaaS-Product/backend/venv/lib/python3.12/site-packages/starlette/middleware/errors.py", line 164, in __call__
    |     await self.app(scope, receive, _send)
    |   File "/home/u1/Desktop/devops_project/UniOps-SaaS-Product/backend/venv/lib/python3.12/site-packages/starlette/middleware/base.py", line 189, in __call__
    |     with collapse_excgroups():
    |   File "/usr/lib/python3.12/contextlib.py", line 158, in __exit__
    |     self.gen.throw(value)
    |   File "/home/u1/Desktop/devops_project/UniOps-SaaS-Product/backend/venv/lib/python3.12/site-packages/starlette/_utils.py", line 93, in collapse_excgroups
    |     raise exc
    |   File "/home/u1/Desktop/devops_project/UniOps-SaaS-Product/backend/venv/lib/python3.12/site-packages/starlette/middleware/base.py", line 191, in __call__
    |     response = await self.dispatch_func(request, call_next)
    |                ^^^^^^^^^^^^^^^^^^^^^^^^^^^^^^^^^^^^^^^^^^^^
    |   File "/home/u1/Desktop/devops_project/UniOps-SaaS-Product/backend/app/middleware/audit.py", line 20, in dispatch
    |     response = await call_next(request)
    |                ^^^^^^^^^^^^^^^^^^^^^^^^
    |   File "/home/u1/Desktop/devops_project/UniOps-SaaS-Product/backend/venv/lib/python3.12/site-packages/starlette/middleware/base.py", line 165, in call_next
    |     raise app_exc
    |   File "/home/u1/Desktop/devops_project/UniOps-SaaS-Product/backend/venv/lib/python3.12/site-packages/starlette/middleware/base.py", line 151, in coro
    |     await self.app(scope, receive_or_disconnect, send_no_error)
    |   File "/home/u1/Desktop/devops_project/UniOps-SaaS-Product/backend/venv/lib/python3.12/site-packages/starlette/middleware/base.py", line 189, in __call__
    |     with collapse_excgroups():
    |   File "/usr/lib/python3.12/contextlib.py", line 158, in __exit__
    |     self.gen.throw(value)
    |   File "/home/u1/Desktop/devops_project/UniOps-SaaS-Product/backend/venv/lib/python3.12/site-packages/starlette/_utils.py", line 93, in collapse_excgroups
    |     raise exc
    |   File "/home/u1/Desktop/devops_project/UniOps-SaaS-Product/backend/venv/lib/python3.12/site-packages/starlette/middleware/base.py", line 191, in __call__
    |     response = await self.dispatch_func(request, call_next)
    |                ^^^^^^^^^^^^^^^^^^^^^^^^^^^^^^^^^^^^^^^^^^^^
    |   File "/home/u1/Desktop/devops_project/UniOps-SaaS-Product/backend/app/middleware/logging.py", line 13, in dispatch
    |     response = await call_next(request)
    |                ^^^^^^^^^^^^^^^^^^^^^^^^
    |   File "/home/u1/Desktop/devops_project/UniOps-SaaS-Product/backend/venv/lib/python3.12/site-packages/starlette/middleware/base.py", line 165, in call_next
    |     raise app_exc
    |   File "/home/u1/Desktop/devops_project/UniOps-SaaS-Product/backend/venv/lib/python3.12/site-packages/starlette/middleware/base.py", line 151, in coro
    |     await self.app(scope, receive_or_disconnect, send_no_error)
    |   File "/home/u1/Desktop/devops_project/UniOps-SaaS-Product/backend/venv/lib/python3.12/site-packages/starlette/middleware/cors.py", line 85, in __call__
    |     await self.app(scope, receive, send)
    |   File "/home/u1/Desktop/devops_project/UniOps-SaaS-Product/backend/venv/lib/python3.12/site-packages/prometheus_fastapi_instrumentator/middleware.py", line 169, in __call__
    |     raise exc
    |   File "/home/u1/Desktop/devops_project/UniOps-SaaS-Product/backend/venv/lib/python3.12/site-packages/prometheus_fastapi_instrumentator/middleware.py", line 167, in __call__
    |     await self.app(scope, receive, send_wrapper)
    |   File "/home/u1/Desktop/devops_project/UniOps-SaaS-Product/backend/venv/lib/python3.12/site-packages/starlette/middleware/exceptions.py", line 65, in __call__
    |     await wrap_app_handling_exceptions(self.app, conn)(scope, receive, send)
    |   File "/home/u1/Desktop/devops_project/UniOps-SaaS-Product/backend/venv/lib/python3.12/site-packages/starlette/_exception_handler.py", line 64, in wrapped_app
    |     raise exc
    |   File "/home/u1/Desktop/devops_project/UniOps-SaaS-Product/backend/venv/lib/python3.12/site-packages/starlette/_exception_handler.py", line 53, in wrapped_app
    |     await app(scope, receive, sender)
    |   File "/home/u1/Desktop/devops_project/UniOps-SaaS-Product/backend/venv/lib/python3.12/site-packages/starlette/routing.py", line 756, in __call__
    |     await self.middleware_stack(scope, receive, send)
    |   File "/home/u1/Desktop/devops_project/UniOps-SaaS-Product/backend/venv/lib/python3.12/site-packages/starlette/routing.py", line 776, in app
    |     await route.handle(scope, receive, send)
    |   File "/home/u1/Desktop/devops_project/UniOps-SaaS-Product/backend/venv/lib/python3.12/site-packages/starlette/routing.py", line 297, in handle
    |     await self.app(scope, receive, send)
    |   File "/home/u1/Desktop/devops_project/UniOps-SaaS-Product/backend/venv/lib/python3.12/site-packages/starlette/routing.py", line 77, in app
    |     await wrap_app_handling_exceptions(app, request)(scope, receive, send)
    |   File "/home/u1/Desktop/devops_project/UniOps-SaaS-Product/backend/venv/lib/python3.12/site-packages/starlette/_exception_handler.py", line 64, in wrapped_app
    |     raise exc
    |   File "/home/u1/Desktop/devops_project/UniOps-SaaS-Product/backend/venv/lib/python3.12/site-packages/starlette/_exception_handler.py", line 53, in wrapped_app
    |     await app(scope, receive, sender)
    |   File "/home/u1/Desktop/devops_project/UniOps-SaaS-Product/backend/venv/lib/python3.12/site-packages/starlette/routing.py", line 72, in app
    |     response = await func(request)
    |                ^^^^^^^^^^^^^^^^^^^
    |   File "/home/u1/Desktop/devops_project/UniOps-SaaS-Product/backend/venv/lib/python3.12/site-packages/fastapi/routing.py", line 269, in app
    |     solved_result = await solve_dependencies(
    |                     ^^^^^^^^^^^^^^^^^^^^^^^^^
    |   File "/home/u1/Desktop/devops_project/UniOps-SaaS-Product/backend/venv/lib/python3.12/site-packages/fastapi/dependencies/utils.py", line 572, in solve_dependencies
    |     solved_result = await solve_dependencies(
    |                     ^^^^^^^^^^^^^^^^^^^^^^^^^
    |   File "/home/u1/Desktop/devops_project/UniOps-SaaS-Product/backend/venv/lib/python3.12/site-packages/fastapi/dependencies/utils.py", line 600, in solve_dependencies
    |     solved = await call(**sub_values)
    |              ^^^^^^^^^^^^^^^^^^^^^^^^
    |   File "/home/u1/Desktop/devops_project/UniOps-SaaS-Product/backend/app/api/deps.py", line 25, in get_current_user
    |     raise UnauthorizedError("Bearer token required")
    | app.core.exceptions.UnauthorizedError: Bearer token required
    +------------------------------------

During handling of the above exception, another exception occurred:

Traceback (most recent call last):
  File "/home/u1/Desktop/devops_project/UniOps-SaaS-Product/backend/venv/lib/python3.12/site-packages/uvicorn/protocols/http/httptools_impl.py", line 411, in run_asgi
    result = await app(  # type: ignore[func-returns-value]
             ^^^^^^^^^^^^^^^^^^^^^^^^^^^^^^^^^^^^^^^^^^^^^^
  File "/home/u1/Desktop/devops_project/UniOps-SaaS-Product/backend/venv/lib/python3.12/site-packages/uvicorn/middleware/proxy_headers.py", line 69, in __call__
    return await self.app(scope, receive, send)
           ^^^^^^^^^^^^^^^^^^^^^^^^^^^^^^^^^^^^
  File "/home/u1/Desktop/devops_project/UniOps-SaaS-Product/backend/venv/lib/python3.12/site-packages/fastapi/applications.py", line 1054, in __call__
    await super().__call__(scope, receive, send)
  File "/home/u1/Desktop/devops_project/UniOps-SaaS-Product/backend/venv/lib/python3.12/site-packages/starlette/applications.py", line 123, in __call__
    await self.middleware_stack(scope, receive, send)
  File "/home/u1/Desktop/devops_project/UniOps-SaaS-Product/backend/venv/lib/python3.12/site-packages/starlette/middleware/errors.py", line 186, in __call__
    raise exc
  File "/home/u1/Desktop/devops_project/UniOps-SaaS-Product/backend/venv/lib/python3.12/site-packages/starlette/middleware/errors.py", line 164, in __call__
    await self.app(scope, receive, _send)
  File "/home/u1/Desktop/devops_project/UniOps-SaaS-Product/backend/venv/lib/python3.12/site-packages/starlette/middleware/base.py", line 189, in __call__
    with collapse_excgroups():
  File "/usr/lib/python3.12/contextlib.py", line 158, in __exit__
    self.gen.throw(value)
  File "/home/u1/Desktop/devops_project/UniOps-SaaS-Product/backend/venv/lib/python3.12/site-packages/starlette/_utils.py", line 93, in collapse_excgroups
    raise exc
  File "/home/u1/Desktop/devops_project/UniOps-SaaS-Product/backend/venv/lib/python3.12/site-packages/starlette/middleware/base.py", line 191, in __call__
    response = await self.dispatch_func(request, call_next)
               ^^^^^^^^^^^^^^^^^^^^^^^^^^^^^^^^^^^^^^^^^^^^
  File "/home/u1/Desktop/devops_project/UniOps-SaaS-Product/backend/app/middleware/audit.py", line 20, in dispatch
    response = await call_next(request)
               ^^^^^^^^^^^^^^^^^^^^^^^^
  File "/home/u1/Desktop/devops_project/UniOps-SaaS-Product/backend/venv/lib/python3.12/site-packages/starlette/middleware/base.py", line 165, in call_next
    raise app_exc
  File "/home/u1/Desktop/devops_project/UniOps-SaaS-Product/backend/venv/lib/python3.12/site-packages/starlette/middleware/base.py", line 151, in coro
    await self.app(scope, receive_or_disconnect, send_no_error)
  File "/home/u1/Desktop/devops_project/UniOps-SaaS-Product/backend/venv/lib/python3.12/site-packages/starlette/middleware/base.py", line 189, in __call__
    with collapse_excgroups():
  File "/usr/lib/python3.12/contextlib.py", line 158, in __exit__
    self.gen.throw(value)
  File "/home/u1/Desktop/devops_project/UniOps-SaaS-Product/backend/venv/lib/python3.12/site-packages/starlette/_utils.py", line 93, in collapse_excgroups
    raise exc
  File "/home/u1/Desktop/devops_project/UniOps-SaaS-Product/backend/venv/lib/python3.12/site-packages/starlette/middleware/base.py", line 191, in __call__
    response = await self.dispatch_func(request, call_next)
               ^^^^^^^^^^^^^^^^^^^^^^^^^^^^^^^^^^^^^^^^^^^^
  File "/home/u1/Desktop/devops_project/UniOps-SaaS-Product/backend/app/middleware/logging.py", line 13, in dispatch
    response = await call_next(request)
               ^^^^^^^^^^^^^^^^^^^^^^^^
  File "/home/u1/Desktop/devops_project/UniOps-SaaS-Product/backend/venv/lib/python3.12/site-packages/starlette/middleware/base.py", line 165, in call_next
    raise app_exc
  File "/home/u1/Desktop/devops_project/UniOps-SaaS-Product/backend/venv/lib/python3.12/site-packages/starlette/middleware/base.py", line 151, in coro
    await self.app(scope, receive_or_disconnect, send_no_error)
  File "/home/u1/Desktop/devops_project/UniOps-SaaS-Product/backend/venv/lib/python3.12/site-packages/starlette/middleware/cors.py", line 85, in __call__
    await self.app(scope, receive, send)
  File "/home/u1/Desktop/devops_project/UniOps-SaaS-Product/backend/venv/lib/python3.12/site-packages/prometheus_fastapi_instrumentator/middleware.py", line 169, in __call__
    raise exc
  File "/home/u1/Desktop/devops_project/UniOps-SaaS-Product/backend/venv/lib/python3.12/site-packages/prometheus_fastapi_instrumentator/middleware.py", line 167, in __call__
    await self.app(scope, receive, send_wrapper)
  File "/home/u1/Desktop/devops_project/UniOps-SaaS-Product/backend/venv/lib/python3.12/site-packages/starlette/middleware/exceptions.py", line 65, in __call__
    await wrap_app_handling_exceptions(self.app, conn)(scope, receive, send)
  File "/home/u1/Desktop/devops_project/UniOps-SaaS-Product/backend/venv/lib/python3.12/site-packages/starlette/_exception_handler.py", line 64, in wrapped_app
    raise exc
  File "/home/u1/Desktop/devops_project/UniOps-SaaS-Product/backend/venv/lib/python3.12/site-packages/starlette/_exception_handler.py", line 53, in wrapped_app
    await app(scope, receive, sender)
  File "/home/u1/Desktop/devops_project/UniOps-SaaS-Product/backend/venv/lib/python3.12/site-packages/starlette/routing.py", line 756, in __call__
    await self.middleware_stack(scope, receive, send)
  File "/home/u1/Desktop/devops_project/UniOps-SaaS-Product/backend/venv/lib/python3.12/site-packages/starlette/routing.py", line 776, in app
    await route.handle(scope, receive, send)
  File "/home/u1/Desktop/devops_project/UniOps-SaaS-Product/backend/venv/lib/python3.12/site-packages/starlette/routing.py", line 297, in handle
    await self.app(scope, receive, send)
  File "/home/u1/Desktop/devops_project/UniOps-SaaS-Product/backend/venv/lib/python3.12/site-packages/starlette/routing.py", line 77, in app
    await wrap_app_handling_exceptions(app, request)(scope, receive, send)
  File "/home/u1/Desktop/devops_project/UniOps-SaaS-Product/backend/venv/lib/python3.12/site-packages/starlette/_exception_handler.py", line 64, in wrapped_app
    raise exc
  File "/home/u1/Desktop/devops_project/UniOps-SaaS-Product/backend/venv/lib/python3.12/site-packages/starlette/_exception_handler.py", line 53, in wrapped_app
    await app(scope, receive, sender)
  File "/home/u1/Desktop/devops_project/UniOps-SaaS-Product/backend/venv/lib/python3.12/site-packages/starlette/routing.py", line 72, in app
    response = await func(request)
               ^^^^^^^^^^^^^^^^^^^
  File "/home/u1/Desktop/devops_project/UniOps-SaaS-Product/backend/venv/lib/python3.12/site-packages/fastapi/routing.py", line 269, in app
    solved_result = await solve_dependencies(
                    ^^^^^^^^^^^^^^^^^^^^^^^^^
  File "/home/u1/Desktop/devops_project/UniOps-SaaS-Product/backend/venv/lib/python3.12/site-packages/fastapi/dependencies/utils.py", line 572, in solve_dependencies
    solved_result = await solve_dependencies(
                    ^^^^^^^^^^^^^^^^^^^^^^^^^
  File "/home/u1/Desktop/devops_project/UniOps-SaaS-Product/backend/venv/lib/python3.12/site-packages/fastapi/dependencies/utils.py", line 600, in solve_dependencies
    solved = await call(**sub_values)
             ^^^^^^^^^^^^^^^^^^^^^^^^
  File "/home/u1/Desktop/devops_project/UniOps-SaaS-Product/backend/app/api/deps.py", line 25, in get_current_user
    raise UnauthorizedError("Bearer token required")
app.core.exceptions.UnauthorizedError: Bearer token required
[32m2026-06-16 18:23:13[0m | [31m[1mERROR   [0m | [36mapp.middleware.logging[0m:[36m23[0m - [31m[1m[4c504753] GET /api/v1/alerts → ERR (1.57ms): Bearer token required[0m
INFO:     127.0.0.1:60284 - "GET /api/v1/alerts?page_size=10 HTTP/1.1" 401 Unauthorized
ERROR:    Exception in ASGI application
  + Exception Group Traceback (most recent call last):
  |   File "/home/u1/Desktop/devops_project/UniOps-SaaS-Product/backend/venv/lib/python3.12/site-packages/starlette/_utils.py", line 87, in collapse_excgroups
  |     yield
  |   File "/home/u1/Desktop/devops_project/UniOps-SaaS-Product/backend/venv/lib/python3.12/site-packages/starlette/middleware/base.py", line 190, in __call__
  |     async with anyio.create_task_group() as task_group:
  |   File "/home/u1/Desktop/devops_project/UniOps-SaaS-Product/backend/venv/lib/python3.12/site-packages/anyio/_backends/_asyncio.py", line 811, in __aexit__
  |     raise BaseExceptionGroup(
  | ExceptionGroup: unhandled errors in a TaskGroup (1 sub-exception)
  +-+---------------- 1 ----------------
    | Traceback (most recent call last):
    |   File "/home/u1/Desktop/devops_project/UniOps-SaaS-Product/backend/venv/lib/python3.12/site-packages/uvicorn/protocols/http/httptools_impl.py", line 411, in run_asgi
    |     result = await app(  # type: ignore[func-returns-value]
    |              ^^^^^^^^^^^^^^^^^^^^^^^^^^^^^^^^^^^^^^^^^^^^^^
    |   File "/home/u1/Desktop/devops_project/UniOps-SaaS-Product/backend/venv/lib/python3.12/site-packages/uvicorn/middleware/proxy_headers.py", line 69, in __call__
    |     return await self.app(scope, receive, send)
    |            ^^^^^^^^^^^^^^^^^^^^^^^^^^^^^^^^^^^^
    |   File "/home/u1/Desktop/devops_project/UniOps-SaaS-Product/backend/venv/lib/python3.12/site-packages/fastapi/applications.py", line 1054, in __call__
    |     await super().__call__(scope, receive, send)
    |   File "/home/u1/Desktop/devops_project/UniOps-SaaS-Product/backend/venv/lib/python3.12/site-packages/starlette/applications.py", line 123, in __call__
    |     await self.middleware_stack(scope, receive, send)
    |   File "/home/u1/Desktop/devops_project/UniOps-SaaS-Product/backend/venv/lib/python3.12/site-packages/starlette/middleware/errors.py", line 186, in __call__
    |     raise exc
    |   File "/home/u1/Desktop/devops_project/UniOps-SaaS-Product/backend/venv/lib/python3.12/site-packages/starlette/middleware/errors.py", line 164, in __call__
    |     await self.app(scope, receive, _send)
    |   File "/home/u1/Desktop/devops_project/UniOps-SaaS-Product/backend/venv/lib/python3.12/site-packages/starlette/middleware/base.py", line 189, in __call__
    |     with collapse_excgroups():
    |   File "/usr/lib/python3.12/contextlib.py", line 158, in __exit__
    |     self.gen.throw(value)
    |   File "/home/u1/Desktop/devops_project/UniOps-SaaS-Product/backend/venv/lib/python3.12/site-packages/starlette/_utils.py", line 93, in collapse_excgroups
    |     raise exc
    |   File "/home/u1/Desktop/devops_project/UniOps-SaaS-Product/backend/venv/lib/python3.12/site-packages/starlette/middleware/base.py", line 191, in __call__
    |     response = await self.dispatch_func(request, call_next)
    |                ^^^^^^^^^^^^^^^^^^^^^^^^^^^^^^^^^^^^^^^^^^^^
    |   File "/home/u1/Desktop/devops_project/UniOps-SaaS-Product/backend/app/middleware/audit.py", line 20, in dispatch
    |     response = await call_next(request)
    |                ^^^^^^^^^^^^^^^^^^^^^^^^
    |   File "/home/u1/Desktop/devops_project/UniOps-SaaS-Product/backend/venv/lib/python3.12/site-packages/starlette/middleware/base.py", line 165, in call_next
    |     raise app_exc
    |   File "/home/u1/Desktop/devops_project/UniOps-SaaS-Product/backend/venv/lib/python3.12/site-packages/starlette/middleware/base.py", line 151, in coro
    |     await self.app(scope, receive_or_disconnect, send_no_error)
    |   File "/home/u1/Desktop/devops_project/UniOps-SaaS-Product/backend/venv/lib/python3.12/site-packages/starlette/middleware/base.py", line 189, in __call__
    |     with collapse_excgroups():
    |   File "/usr/lib/python3.12/contextlib.py", line 158, in __exit__
    |     self.gen.throw(value)
    |   File "/home/u1/Desktop/devops_project/UniOps-SaaS-Product/backend/venv/lib/python3.12/site-packages/starlette/_utils.py", line 93, in collapse_excgroups
    |     raise exc
    |   File "/home/u1/Desktop/devops_project/UniOps-SaaS-Product/backend/venv/lib/python3.12/site-packages/starlette/middleware/base.py", line 191, in __call__
    |     response = await self.dispatch_func(request, call_next)
    |                ^^^^^^^^^^^^^^^^^^^^^^^^^^^^^^^^^^^^^^^^^^^^
    |   File "/home/u1/Desktop/devops_project/UniOps-SaaS-Product/backend/app/middleware/logging.py", line 13, in dispatch
    |     response = await call_next(request)
    |                ^^^^^^^^^^^^^^^^^^^^^^^^
    |   File "/home/u1/Desktop/devops_project/UniOps-SaaS-Product/backend/venv/lib/python3.12/site-packages/starlette/middleware/base.py", line 165, in call_next
    |     raise app_exc
    |   File "/home/u1/Desktop/devops_project/UniOps-SaaS-Product/backend/venv/lib/python3.12/site-packages/starlette/middleware/base.py", line 151, in coro
    |     await self.app(scope, receive_or_disconnect, send_no_error)
    |   File "/home/u1/Desktop/devops_project/UniOps-SaaS-Product/backend/venv/lib/python3.12/site-packages/starlette/middleware/cors.py", line 85, in __call__
    |     await self.app(scope, receive, send)
    |   File "/home/u1/Desktop/devops_project/UniOps-SaaS-Product/backend/venv/lib/python3.12/site-packages/prometheus_fastapi_instrumentator/middleware.py", line 169, in __call__
    |     raise exc
    |   File "/home/u1/Desktop/devops_project/UniOps-SaaS-Product/backend/venv/lib/python3.12/site-packages/prometheus_fastapi_instrumentator/middleware.py", line 167, in __call__
    |     await self.app(scope, receive, send_wrapper)
    |   File "/home/u1/Desktop/devops_project/UniOps-SaaS-Product/backend/venv/lib/python3.12/site-packages/starlette/middleware/exceptions.py", line 65, in __call__
    |     await wrap_app_handling_exceptions(self.app, conn)(scope, receive, send)
    |   File "/home/u1/Desktop/devops_project/UniOps-SaaS-Product/backend/venv/lib/python3.12/site-packages/starlette/_exception_handler.py", line 64, in wrapped_app
    |     raise exc
    |   File "/home/u1/Desktop/devops_project/UniOps-SaaS-Product/backend/venv/lib/python3.12/site-packages/starlette/_exception_handler.py", line 53, in wrapped_app
    |     await app(scope, receive, sender)
    |   File "/home/u1/Desktop/devops_project/UniOps-SaaS-Product/backend/venv/lib/python3.12/site-packages/starlette/routing.py", line 756, in __call__
    |     await self.middleware_stack(scope, receive, send)
    |   File "/home/u1/Desktop/devops_project/UniOps-SaaS-Product/backend/venv/lib/python3.12/site-packages/starlette/routing.py", line 776, in app
    |     await route.handle(scope, receive, send)
    |   File "/home/u1/Desktop/devops_project/UniOps-SaaS-Product/backend/venv/lib/python3.12/site-packages/starlette/routing.py", line 297, in handle
    |     await self.app(scope, receive, send)
    |   File "/home/u1/Desktop/devops_project/UniOps-SaaS-Product/backend/venv/lib/python3.12/site-packages/starlette/routing.py", line 77, in app
    |     await wrap_app_handling_exceptions(app, request)(scope, receive, send)
    |   File "/home/u1/Desktop/devops_project/UniOps-SaaS-Product/backend/venv/lib/python3.12/site-packages/starlette/_exception_handler.py", line 64, in wrapped_app
    |     raise exc
    |   File "/home/u1/Desktop/devops_project/UniOps-SaaS-Product/backend/venv/lib/python3.12/site-packages/starlette/_exception_handler.py", line 53, in wrapped_app
    |     await app(scope, receive, sender)
    |   File "/home/u1/Desktop/devops_project/UniOps-SaaS-Product/backend/venv/lib/python3.12/site-packages/starlette/routing.py", line 72, in app
    |     response = await func(request)
    |                ^^^^^^^^^^^^^^^^^^^
    |   File "/home/u1/Desktop/devops_project/UniOps-SaaS-Product/backend/venv/lib/python3.12/site-packages/fastapi/routing.py", line 269, in app
    |     solved_result = await solve_dependencies(
    |                     ^^^^^^^^^^^^^^^^^^^^^^^^^
    |   File "/home/u1/Desktop/devops_project/UniOps-SaaS-Product/backend/venv/lib/python3.12/site-packages/fastapi/dependencies/utils.py", line 572, in solve_dependencies
    |     solved_result = await solve_dependencies(
    |                     ^^^^^^^^^^^^^^^^^^^^^^^^^
    |   File "/home/u1/Desktop/devops_project/UniOps-SaaS-Product/backend/venv/lib/python3.12/site-packages/fastapi/dependencies/utils.py", line 600, in solve_dependencies
    |     solved = await call(**sub_values)
    |              ^^^^^^^^^^^^^^^^^^^^^^^^
    |   File "/home/u1/Desktop/devops_project/UniOps-SaaS-Product/backend/app/api/deps.py", line 25, in get_current_user
    |     raise UnauthorizedError("Bearer token required")
    | app.core.exceptions.UnauthorizedError: Bearer token required
    +------------------------------------

During handling of the above exception, another exception occurred:

Traceback (most recent call last):
  File "/home/u1/Desktop/devops_project/UniOps-SaaS-Product/backend/venv/lib/python3.12/site-packages/uvicorn/protocols/http/httptools_impl.py", line 411, in run_asgi
    result = await app(  # type: ignore[func-returns-value]
             ^^^^^^^^^^^^^^^^^^^^^^^^^^^^^^^^^^^^^^^^^^^^^^
  File "/home/u1/Desktop/devops_project/UniOps-SaaS-Product/backend/venv/lib/python3.12/site-packages/uvicorn/middleware/proxy_headers.py", line 69, in __call__
    return await self.app(scope, receive, send)
           ^^^^^^^^^^^^^^^^^^^^^^^^^^^^^^^^^^^^
  File "/home/u1/Desktop/devops_project/UniOps-SaaS-Product/backend/venv/lib/python3.12/site-packages/fastapi/applications.py", line 1054, in __call__
    await super().__call__(scope, receive, send)
  File "/home/u1/Desktop/devops_project/UniOps-SaaS-Product/backend/venv/lib/python3.12/site-packages/starlette/applications.py", line 123, in __call__
    await self.middleware_stack(scope, receive, send)
  File "/home/u1/Desktop/devops_project/UniOps-SaaS-Product/backend/venv/lib/python3.12/site-packages/starlette/middleware/errors.py", line 186, in __call__
    raise exc
  File "/home/u1/Desktop/devops_project/UniOps-SaaS-Product/backend/venv/lib/python3.12/site-packages/starlette/middleware/errors.py", line 164, in __call__
    await self.app(scope, receive, _send)
  File "/home/u1/Desktop/devops_project/UniOps-SaaS-Product/backend/venv/lib/python3.12/site-packages/starlette/middleware/base.py", line 189, in __call__
    with collapse_excgroups():
  File "/usr/lib/python3.12/contextlib.py", line 158, in __exit__
    self.gen.throw(value)
  File "/home/u1/Desktop/devops_project/UniOps-SaaS-Product/backend/venv/lib/python3.12/site-packages/starlette/_utils.py", line 93, in collapse_excgroups
    raise exc
  File "/home/u1/Desktop/devops_project/UniOps-SaaS-Product/backend/venv/lib/python3.12/site-packages/starlette/middleware/base.py", line 191, in __call__
    response = await self.dispatch_func(request, call_next)
               ^^^^^^^^^^^^^^^^^^^^^^^^^^^^^^^^^^^^^^^^^^^^
  File "/home/u1/Desktop/devops_project/UniOps-SaaS-Product/backend/app/middleware/audit.py", line 20, in dispatch
    response = await call_next(request)
               ^^^^^^^^^^^^^^^^^^^^^^^^
  File "/home/u1/Desktop/devops_project/UniOps-SaaS-Product/backend/venv/lib/python3.12/site-packages/starlette/middleware/base.py", line 165, in call_next
    raise app_exc
  File "/home/u1/Desktop/devops_project/UniOps-SaaS-Product/backend/venv/lib/python3.12/site-packages/starlette/middleware/base.py", line 151, in coro
    await self.app(scope, receive_or_disconnect, send_no_error)
  File "/home/u1/Desktop/devops_project/UniOps-SaaS-Product/backend/venv/lib/python3.12/site-packages/starlette/middleware/base.py", line 189, in __call__
    with collapse_excgroups():
  File "/usr/lib/python3.12/contextlib.py", line 158, in __exit__
    self.gen.throw(value)
  File "/home/u1/Desktop/devops_project/UniOps-SaaS-Product/backend/venv/lib/python3.12/site-packages/starlette/_utils.py", line 93, in collapse_excgroups
    raise exc
  File "/home/u1/Desktop/devops_project/UniOps-SaaS-Product/backend/venv/lib/python3.12/site-packages/starlette/middleware/base.py", line 191, in __call__
    response = await self.dispatch_func(request, call_next)
               ^^^^^^^^^^^^^^^^^^^^^^^^^^^^^^^^^^^^^^^^^^^^
  File "/home/u1/Desktop/devops_project/UniOps-SaaS-Product/backend/app/middleware/logging.py", line 13, in dispatch
    response = await call_next(request)
               ^^^^^^^^^^^^^^^^^^^^^^^^
  File "/home/u1/Desktop/devops_project/UniOps-SaaS-Product/backend/venv/lib/python3.12/site-packages/starlette/middleware/base.py", line 165, in call_next
    raise app_exc
  File "/home/u1/Desktop/devops_project/UniOps-SaaS-Product/backend/venv/lib/python3.12/site-packages/starlette/middleware/base.py", line 151, in coro
    await self.app(scope, receive_or_disconnect, send_no_error)
  File "/home/u1/Desktop/devops_project/UniOps-SaaS-Product/backend/venv/lib/python3.12/site-packages/starlette/middleware/cors.py", line 85, in __call__
    await self.app(scope, receive, send)
  File "/home/u1/Desktop/devops_project/UniOps-SaaS-Product/backend/venv/lib/python3.12/site-packages/prometheus_fastapi_instrumentator/middleware.py", line 169, in __call__
    raise exc
  File "/home/u1/Desktop/devops_project/UniOps-SaaS-Product/backend/venv/lib/python3.12/site-packages/prometheus_fastapi_instrumentator/middleware.py", line 167, in __call__
    await self.app(scope, receive, send_wrapper)
  File "/home/u1/Desktop/devops_project/UniOps-SaaS-Product/backend/venv/lib/python3.12/site-packages/starlette/middleware/exceptions.py", line 65, in __call__
    await wrap_app_handling_exceptions(self.app, conn)(scope, receive, send)
  File "/home/u1/Desktop/devops_project/UniOps-SaaS-Product/backend/venv/lib/python3.12/site-packages/starlette/_exception_handler.py", line 64, in wrapped_app
    raise exc
  File "/home/u1/Desktop/devops_project/UniOps-SaaS-Product/backend/venv/lib/python3.12/site-packages/starlette/_exception_handler.py", line 53, in wrapped_app
    await app(scope, receive, sender)
  File "/home/u1/Desktop/devops_project/UniOps-SaaS-Product/backend/venv/lib/python3.12/site-packages/starlette/routing.py", line 756, in __call__
    await self.middleware_stack(scope, receive, send)
  File "/home/u1/Desktop/devops_project/UniOps-SaaS-Product/backend/venv/lib/python3.12/site-packages/starlette/routing.py", line 776, in app
    await route.handle(scope, receive, send)
  File "/home/u1/Desktop/devops_project/UniOps-SaaS-Product/backend/venv/lib/python3.12/site-packages/starlette/routing.py", line 297, in handle
    await self.app(scope, receive, send)
  File "/home/u1/Desktop/devops_project/UniOps-SaaS-Product/backend/venv/lib/python3.12/site-packages/starlette/routing.py", line 77, in app
    await wrap_app_handling_exceptions(app, request)(scope, receive, send)
  File "/home/u1/Desktop/devops_project/UniOps-SaaS-Product/backend/venv/lib/python3.12/site-packages/starlette/_exception_handler.py", line 64, in wrapped_app
    raise exc
  File "/home/u1/Desktop/devops_project/UniOps-SaaS-Product/backend/venv/lib/python3.12/site-packages/starlette/_exception_handler.py", line 53, in wrapped_app
    await app(scope, receive, sender)
  File "/home/u1/Desktop/devops_project/UniOps-SaaS-Product/backend/venv/lib/python3.12/site-packages/starlette/routing.py", line 72, in app
    response = await func(request)
               ^^^^^^^^^^^^^^^^^^^
  File "/home/u1/Desktop/devops_project/UniOps-SaaS-Product/backend/venv/lib/python3.12/site-packages/fastapi/routing.py", line 269, in app
    solved_result = await solve_dependencies(
                    ^^^^^^^^^^^^^^^^^^^^^^^^^
  File "/home/u1/Desktop/devops_project/UniOps-SaaS-Product/backend/venv/lib/python3.12/site-packages/fastapi/dependencies/utils.py", line 572, in solve_dependencies
    solved_result = await solve_dependencies(
                    ^^^^^^^^^^^^^^^^^^^^^^^^^
  File "/home/u1/Desktop/devops_project/UniOps-SaaS-Product/backend/venv/lib/python3.12/site-packages/fastapi/dependencies/utils.py", line 600, in solve_dependencies
    solved = await call(**sub_values)
             ^^^^^^^^^^^^^^^^^^^^^^^^
  File "/home/u1/Desktop/devops_project/UniOps-SaaS-Product/backend/app/api/deps.py", line 25, in get_current_user
    raise UnauthorizedError("Bearer token required")
app.core.exceptions.UnauthorizedError: Bearer token required
[32m2026-06-16 18:23:16[0m | [1mINFO    [0m | [36mapp.tasks.sync_pods[0m:[36m56[0m - [1mSnapshot sync: 0 K8s integrations[0m
[32m2026-06-16 18:23:16[0m | [1mINFO    [0m | [36mapp.tasks.sync_pipelines[0m:[36m44[0m - [1mSyncing pipelines for 0 integrations[0m
[32m2026-06-16 18:23:16[0m | [1mINFO    [0m | [36mapp.tasks.sync_costs[0m:[36m74[0m - [1m[finops_data_load_attempt] tenant=all integrations_found=0[0m
[32m2026-06-16 18:23:16[0m | [1mINFO    [0m | [36mapp.core.scheduler[0m:[36m76[0m - [1mScheduled pod sync: {'integrations': 0, 'pods_synced': 0, 'pods_deleted': 0}[0m
[32m2026-06-16 18:23:16[0m | [1mINFO    [0m | [36mapp.core.scheduler[0m:[36m113[0m - [1mScheduled cost sync: {'integrations': 0, 'cost_records': 0, 'anomalies': 0, 'savings': 0}[0m
[32m2026-06-16 18:23:16[0m | [1mINFO    [0m | [36mapp.core.scheduler[0m:[36m122[0m - [1mScheduled security sync: {'integrations': 0, 'threats': 0, 'vulnerabilities': 0, 'compliance': 0}[0m
[32m2026-06-16 18:23:16[0m | [1mINFO    [0m | [36mapp.tasks.sync_ml_insights[0m:[36m50[0m - [1m[sync_ml] No tenants found — skipping[0m
[32m2026-06-16 18:23:16[0m | [1mINFO    [0m | [36mapp.core.scheduler[0m:[36m139[0m - [1mScheduled ML sync: {'tenants': 0, 'predictions': 0, 'patterns': 0, 'recommendations': 0}[0m
[32m2026-06-16 18:23:20[0m | [31m[1mERROR   [0m | [36mapp.middleware.logging[0m:[36m23[0m - [31m[1m[d7d4077d] GET /api/v1/alerts → ERR (0.84ms): Bearer token required[0m
INFO:     127.0.0.1:54392 - "GET /api/v1/alerts?page_size=10 HTTP/1.1" 401 Unauthorized
ERROR:    Exception in ASGI application
  + Exception Group Traceback (most recent call last):
  |   File "/home/u1/Desktop/devops_project/UniOps-SaaS-Product/backend/venv/lib/python3.12/site-packages/starlette/_utils.py", line 87, in collapse_excgroups
  |     yield
  |   File "/home/u1/Desktop/devops_project/UniOps-SaaS-Product/backend/venv/lib/python3.12/site-packages/starlette/middleware/base.py", line 190, in __call__
  |     async with anyio.create_task_group() as task_group:
  |   File "/home/u1/Desktop/devops_project/UniOps-SaaS-Product/backend/venv/lib/python3.12/site-packages/anyio/_backends/_asyncio.py", line 811, in __aexit__
  |     raise BaseExceptionGroup(
  | ExceptionGroup: unhandled errors in a TaskGroup (1 sub-exception)
  +-+---------------- 1 ----------------
    | Traceback (most recent call last):
    |   File "/home/u1/Desktop/devops_project/UniOps-SaaS-Product/backend/venv/lib/python3.12/site-packages/uvicorn/protocols/http/httptools_impl.py", line 411, in run_asgi
    |     result = await app(  # type: ignore[func-returns-value]
    |              ^^^^^^^^^^^^^^^^^^^^^^^^^^^^^^^^^^^^^^^^^^^^^^
    |   File "/home/u1/Desktop/devops_project/UniOps-SaaS-Product/backend/venv/lib/python3.12/site-packages/uvicorn/middleware/proxy_headers.py", line 69, in __call__
    |     return await self.app(scope, receive, send)
    |            ^^^^^^^^^^^^^^^^^^^^^^^^^^^^^^^^^^^^
    |   File "/home/u1/Desktop/devops_project/UniOps-SaaS-Product/backend/venv/lib/python3.12/site-packages/fastapi/applications.py", line 1054, in __call__
    |     await super().__call__(scope, receive, send)
    |   File "/home/u1/Desktop/devops_project/UniOps-SaaS-Product/backend/venv/lib/python3.12/site-packages/starlette/applications.py", line 123, in __call__
    |     await self.middleware_stack(scope, receive, send)
    |   File "/home/u1/Desktop/devops_project/UniOps-SaaS-Product/backend/venv/lib/python3.12/site-packages/starlette/middleware/errors.py", line 186, in __call__
    |     raise exc
    |   File "/home/u1/Desktop/devops_project/UniOps-SaaS-Product/backend/venv/lib/python3.12/site-packages/starlette/middleware/errors.py", line 164, in __call__
    |     await self.app(scope, receive, _send)
    |   File "/home/u1/Desktop/devops_project/UniOps-SaaS-Product/backend/venv/lib/python3.12/site-packages/starlette/middleware/base.py", line 189, in __call__
    |     with collapse_excgroups():
    |   File "/usr/lib/python3.12/contextlib.py", line 158, in __exit__
    |     self.gen.throw(value)
    |   File "/home/u1/Desktop/devops_project/UniOps-SaaS-Product/backend/venv/lib/python3.12/site-packages/starlette/_utils.py", line 93, in collapse_excgroups
    |     raise exc
    |   File "/home/u1/Desktop/devops_project/UniOps-SaaS-Product/backend/venv/lib/python3.12/site-packages/starlette/middleware/base.py", line 191, in __call__
    |     response = await self.dispatch_func(request, call_next)
    |                ^^^^^^^^^^^^^^^^^^^^^^^^^^^^^^^^^^^^^^^^^^^^
    |   File "/home/u1/Desktop/devops_project/UniOps-SaaS-Product/backend/app/middleware/audit.py", line 20, in dispatch
    |     response = await call_next(request)
    |                ^^^^^^^^^^^^^^^^^^^^^^^^
    |   File "/home/u1/Desktop/devops_project/UniOps-SaaS-Product/backend/venv/lib/python3.12/site-packages/starlette/middleware/base.py", line 165, in call_next
    |     raise app_exc
    |   File "/home/u1/Desktop/devops_project/UniOps-SaaS-Product/backend/venv/lib/python3.12/site-packages/starlette/middleware/base.py", line 151, in coro
    |     await self.app(scope, receive_or_disconnect, send_no_error)
    |   File "/home/u1/Desktop/devops_project/UniOps-SaaS-Product/backend/venv/lib/python3.12/site-packages/starlette/middleware/base.py", line 189, in __call__
    |     with collapse_excgroups():
    |   File "/usr/lib/python3.12/contextlib.py", line 158, in __exit__
    |     self.gen.throw(value)
    |   File "/home/u1/Desktop/devops_project/UniOps-SaaS-Product/backend/venv/lib/python3.12/site-packages/starlette/_utils.py", line 93, in collapse_excgroups
    |     raise exc
    |   File "/home/u1/Desktop/devops_project/UniOps-SaaS-Product/backend/venv/lib/python3.12/site-packages/starlette/middleware/base.py", line 191, in __call__
    |     response = await self.dispatch_func(request, call_next)
    |                ^^^^^^^^^^^^^^^^^^^^^^^^^^^^^^^^^^^^^^^^^^^^
    |   File "/home/u1/Desktop/devops_project/UniOps-SaaS-Product/backend/app/middleware/logging.py", line 13, in dispatch
    |     response = await call_next(request)
    |                ^^^^^^^^^^^^^^^^^^^^^^^^
    |   File "/home/u1/Desktop/devops_project/UniOps-SaaS-Product/backend/venv/lib/python3.12/site-packages/starlette/middleware/base.py", line 165, in call_next
    |     raise app_exc
    |   File "/home/u1/Desktop/devops_project/UniOps-SaaS-Product/backend/venv/lib/python3.12/site-packages/starlette/middleware/base.py", line 151, in coro
    |     await self.app(scope, receive_or_disconnect, send_no_error)
    |   File "/home/u1/Desktop/devops_project/UniOps-SaaS-Product/backend/venv/lib/python3.12/site-packages/starlette/middleware/cors.py", line 85, in __call__
    |     await self.app(scope, receive, send)
    |   File "/home/u1/Desktop/devops_project/UniOps-SaaS-Product/backend/venv/lib/python3.12/site-packages/prometheus_fastapi_instrumentator/middleware.py", line 169, in __call__
    |     raise exc
    |   File "/home/u1/Desktop/devops_project/UniOps-SaaS-Product/backend/venv/lib/python3.12/site-packages/prometheus_fastapi_instrumentator/middleware.py", line 167, in __call__
    |     await self.app(scope, receive, send_wrapper)
    |   File "/home/u1/Desktop/devops_project/UniOps-SaaS-Product/backend/venv/lib/python3.12/site-packages/starlette/middleware/exceptions.py", line 65, in __call__
    |     await wrap_app_handling_exceptions(self.app, conn)(scope, receive, send)
    |   File "/home/u1/Desktop/devops_project/UniOps-SaaS-Product/backend/venv/lib/python3.12/site-packages/starlette/_exception_handler.py", line 64, in wrapped_app
    |     raise exc
    |   File "/home/u1/Desktop/devops_project/UniOps-SaaS-Product/backend/venv/lib/python3.12/site-packages/starlette/_exception_handler.py", line 53, in wrapped_app
    |     await app(scope, receive, sender)
    |   File "/home/u1/Desktop/devops_project/UniOps-SaaS-Product/backend/venv/lib/python3.12/site-packages/starlette/routing.py", line 756, in __call__
    |     await self.middleware_stack(scope, receive, send)
    |   File "/home/u1/Desktop/devops_project/UniOps-SaaS-Product/backend/venv/lib/python3.12/site-packages/starlette/routing.py", line 776, in app
    |     await route.handle(scope, receive, send)
    |   File "/home/u1/Desktop/devops_project/UniOps-SaaS-Product/backend/venv/lib/python3.12/site-packages/starlette/routing.py", line 297, in handle
    |     await self.app(scope, receive, send)
    |   File "/home/u1/Desktop/devops_project/UniOps-SaaS-Product/backend/venv/lib/python3.12/site-packages/starlette/routing.py", line 77, in app
    |     await wrap_app_handling_exceptions(app, request)(scope, receive, send)
    |   File "/home/u1/Desktop/devops_project/UniOps-SaaS-Product/backend/venv/lib/python3.12/site-packages/starlette/_exception_handler.py", line 64, in wrapped_app
    |     raise exc
    |   File "/home/u1/Desktop/devops_project/UniOps-SaaS-Product/backend/venv/lib/python3.12/site-packages/starlette/_exception_handler.py", line 53, in wrapped_app
    |     await app(scope, receive, sender)
    |   File "/home/u1/Desktop/devops_project/UniOps-SaaS-Product/backend/venv/lib/python3.12/site-packages/starlette/routing.py", line 72, in app
    |     response = await func(request)
    |                ^^^^^^^^^^^^^^^^^^^
    |   File "/home/u1/Desktop/devops_project/UniOps-SaaS-Product/backend/venv/lib/python3.12/site-packages/fastapi/routing.py", line 269, in app
    |     solved_result = await solve_dependencies(
    |                     ^^^^^^^^^^^^^^^^^^^^^^^^^
    |   File "/home/u1/Desktop/devops_project/UniOps-SaaS-Product/backend/venv/lib/python3.12/site-packages/fastapi/dependencies/utils.py", line 572, in solve_dependencies
    |     solved_result = await solve_dependencies(
    |                     ^^^^^^^^^^^^^^^^^^^^^^^^^
    |   File "/home/u1/Desktop/devops_project/UniOps-SaaS-Product/backend/venv/lib/python3.12/site-packages/fastapi/dependencies/utils.py", line 600, in solve_dependencies
    |     solved = await call(**sub_values)
    |              ^^^^^^^^^^^^^^^^^^^^^^^^
    |   File "/home/u1/Desktop/devops_project/UniOps-SaaS-Product/backend/app/api/deps.py", line 25, in get_current_user
    |     raise UnauthorizedError("Bearer token required")
    | app.core.exceptions.UnauthorizedError: Bearer token required
    +------------------------------------

During handling of the above exception, another exception occurred:

Traceback (most recent call last):
  File "/home/u1/Desktop/devops_project/UniOps-SaaS-Product/backend/venv/lib/python3.12/site-packages/uvicorn/protocols/http/httptools_impl.py", line 411, in run_asgi
    result = await app(  # type: ignore[func-returns-value]
             ^^^^^^^^^^^^^^^^^^^^^^^^^^^^^^^^^^^^^^^^^^^^^^
  File "/home/u1/Desktop/devops_project/UniOps-SaaS-Product/backend/venv/lib/python3.12/site-packages/uvicorn/middleware/proxy_headers.py", line 69, in __call__
    return await self.app(scope, receive, send)
           ^^^^^^^^^^^^^^^^^^^^^^^^^^^^^^^^^^^^
  File "/home/u1/Desktop/devops_project/UniOps-SaaS-Product/backend/venv/lib/python3.12/site-packages/fastapi/applications.py", line 1054, in __call__
    await super().__call__(scope, receive, send)
  File "/home/u1/Desktop/devops_project/UniOps-SaaS-Product/backend/venv/lib/python3.12/site-packages/starlette/applications.py", line 123, in __call__
    await self.middleware_stack(scope, receive, send)
  File "/home/u1/Desktop/devops_project/UniOps-SaaS-Product/backend/venv/lib/python3.12/site-packages/starlette/middleware/errors.py", line 186, in __call__
    raise exc
  File "/home/u1/Desktop/devops_project/UniOps-SaaS-Product/backend/venv/lib/python3.12/site-packages/starlette/middleware/errors.py", line 164, in __call__
    await self.app(scope, receive, _send)
  File "/home/u1/Desktop/devops_project/UniOps-SaaS-Product/backend/venv/lib/python3.12/site-packages/starlette/middleware/base.py", line 189, in __call__
    with collapse_excgroups():
  File "/usr/lib/python3.12/contextlib.py", line 158, in __exit__
    self.gen.throw(value)
  File "/home/u1/Desktop/devops_project/UniOps-SaaS-Product/backend/venv/lib/python3.12/site-packages/starlette/_utils.py", line 93, in collapse_excgroups
    raise exc
  File "/home/u1/Desktop/devops_project/UniOps-SaaS-Product/backend/venv/lib/python3.12/site-packages/starlette/middleware/base.py", line 191, in __call__
    response = await self.dispatch_func(request, call_next)
               ^^^^^^^^^^^^^^^^^^^^^^^^^^^^^^^^^^^^^^^^^^^^
  File "/home/u1/Desktop/devops_project/UniOps-SaaS-Product/backend/app/middleware/audit.py", line 20, in dispatch
    response = await call_next(request)
               ^^^^^^^^^^^^^^^^^^^^^^^^
  File "/home/u1/Desktop/devops_project/UniOps-SaaS-Product/backend/venv/lib/python3.12/site-packages/starlette/middleware/base.py", line 165, in call_next
    raise app_exc
  File "/home/u1/Desktop/devops_project/UniOps-SaaS-Product/backend/venv/lib/python3.12/site-packages/starlette/middleware/base.py", line 151, in coro
    await self.app(scope, receive_or_disconnect, send_no_error)
  File "/home/u1/Desktop/devops_project/UniOps-SaaS-Product/backend/venv/lib/python3.12/site-packages/starlette/middleware/base.py", line 189, in __call__
    with collapse_excgroups():
  File "/usr/lib/python3.12/contextlib.py", line 158, in __exit__
    self.gen.throw(value)
  File "/home/u1/Desktop/devops_project/UniOps-SaaS-Product/backend/venv/lib/python3.12/site-packages/starlette/_utils.py", line 93, in collapse_excgroups
    raise exc
  File "/home/u1/Desktop/devops_project/UniOps-SaaS-Product/backend/venv/lib/python3.12/site-packages/starlette/middleware/base.py", line 191, in __call__
    response = await self.dispatch_func(request, call_next)
               ^^^^^^^^^^^^^^^^^^^^^^^^^^^^^^^^^^^^^^^^^^^^
  File "/home/u1/Desktop/devops_project/UniOps-SaaS-Product/backend/app/middleware/logging.py", line 13, in dispatch
    response = await call_next(request)
               ^^^^^^^^^^^^^^^^^^^^^^^^
  File "/home/u1/Desktop/devops_project/UniOps-SaaS-Product/backend/venv/lib/python3.12/site-packages/starlette/middleware/base.py", line 165, in call_next
    raise app_exc
  File "/home/u1/Desktop/devops_project/UniOps-SaaS-Product/backend/venv/lib/python3.12/site-packages/starlette/middleware/base.py", line 151, in coro
    await self.app(scope, receive_or_disconnect, send_no_error)
  File "/home/u1/Desktop/devops_project/UniOps-SaaS-Product/backend/venv/lib/python3.12/site-packages/starlette/middleware/cors.py", line 85, in __call__
    await self.app(scope, receive, send)
  File "/home/u1/Desktop/devops_project/UniOps-SaaS-Product/backend/venv/lib/python3.12/site-packages/prometheus_fastapi_instrumentator/middleware.py", line 169, in __call__
    raise exc
  File "/home/u1/Desktop/devops_project/UniOps-SaaS-Product/backend/venv/lib/python3.12/site-packages/prometheus_fastapi_instrumentator/middleware.py", line 167, in __call__
    await self.app(scope, receive, send_wrapper)
  File "/home/u1/Desktop/devops_project/UniOps-SaaS-Product/backend/venv/lib/python3.12/site-packages/starlette/middleware/exceptions.py", line 65, in __call__
    await wrap_app_handling_exceptions(self.app, conn)(scope, receive, send)
  File "/home/u1/Desktop/devops_project/UniOps-SaaS-Product/backend/venv/lib/python3.12/site-packages/starlette/_exception_handler.py", line 64, in wrapped_app
    raise exc
  File "/home/u1/Desktop/devops_project/UniOps-SaaS-Product/backend/venv/lib/python3.12/site-packages/starlette/_exception_handler.py", line 53, in wrapped_app
    await app(scope, receive, sender)
  File "/home/u1/Desktop/devops_project/UniOps-SaaS-Product/backend/venv/lib/python3.12/site-packages/starlette/routing.py", line 756, in __call__
    await self.middleware_stack(scope, receive, send)
  File "/home/u1/Desktop/devops_project/UniOps-SaaS-Product/backend/venv/lib/python3.12/site-packages/starlette/routing.py", line 776, in app
    await route.handle(scope, receive, send)
  File "/home/u1/Desktop/devops_project/UniOps-SaaS-Product/backend/venv/lib/python3.12/site-packages/starlette/routing.py", line 297, in handle
    await self.app(scope, receive, send)
  File "/home/u1/Desktop/devops_project/UniOps-SaaS-Product/backend/venv/lib/python3.12/site-packages/starlette/routing.py", line 77, in app
    await wrap_app_handling_exceptions(app, request)(scope, receive, send)
  File "/home/u1/Desktop/devops_project/UniOps-SaaS-Product/backend/venv/lib/python3.12/site-packages/starlette/_exception_handler.py", line 64, in wrapped_app
    raise exc
  File "/home/u1/Desktop/devops_project/UniOps-SaaS-Product/backend/venv/lib/python3.12/site-packages/starlette/_exception_handler.py", line 53, in wrapped_app
    await app(scope, receive, sender)
  File "/home/u1/Desktop/devops_project/UniOps-SaaS-Product/backend/venv/lib/python3.12/site-packages/starlette/routing.py", line 72, in app
    response = await func(request)
               ^^^^^^^^^^^^^^^^^^^
  File "/home/u1/Desktop/devops_project/UniOps-SaaS-Product/backend/venv/lib/python3.12/site-packages/fastapi/routing.py", line 269, in app
    solved_result = await solve_dependencies(
                    ^^^^^^^^^^^^^^^^^^^^^^^^^
  File "/home/u1/Desktop/devops_project/UniOps-SaaS-Product/backend/venv/lib/python3.12/site-packages/fastapi/dependencies/utils.py", line 572, in solve_dependencies
    solved_result = await solve_dependencies(
                    ^^^^^^^^^^^^^^^^^^^^^^^^^
  File "/home/u1/Desktop/devops_project/UniOps-SaaS-Product/backend/venv/lib/python3.12/site-packages/fastapi/dependencies/utils.py", line 600, in solve_dependencies
    solved = await call(**sub_values)
             ^^^^^^^^^^^^^^^^^^^^^^^^
  File "/home/u1/Desktop/devops_project/UniOps-SaaS-Product/backend/app/api/deps.py", line 25, in get_current_user
    raise UnauthorizedError("Bearer token required")
app.core.exceptions.UnauthorizedError: Bearer token required
[32m2026-06-16 18:23:20[0m | [31m[1mERROR   [0m | [36mapp.middleware.logging[0m:[36m23[0m - [31m[1m[2b735369] GET /api/v1/alerts → ERR (1.02ms): Bearer token required[0m
INFO:     127.0.0.1:54400 - "GET /api/v1/alerts?page_size=10 HTTP/1.1" 401 Unauthorized
ERROR:    Exception in ASGI application
  + Exception Group Traceback (most recent call last):
  |   File "/home/u1/Desktop/devops_project/UniOps-SaaS-Product/backend/venv/lib/python3.12/site-packages/starlette/_utils.py", line 87, in collapse_excgroups
  |     yield
  |   File "/home/u1/Desktop/devops_project/UniOps-SaaS-Product/backend/venv/lib/python3.12/site-packages/starlette/middleware/base.py", line 190, in __call__
  |     async with anyio.create_task_group() as task_group:
  |   File "/home/u1/Desktop/devops_project/UniOps-SaaS-Product/backend/venv/lib/python3.12/site-packages/anyio/_backends/_asyncio.py", line 811, in __aexit__
  |     raise BaseExceptionGroup(
  | ExceptionGroup: unhandled errors in a TaskGroup (1 sub-exception)
  +-+---------------- 1 ----------------
    | Traceback (most recent call last):
    |   File "/home/u1/Desktop/devops_project/UniOps-SaaS-Product/backend/venv/lib/python3.12/site-packages/uvicorn/protocols/http/httptools_impl.py", line 411, in run_asgi
    |     result = await app(  # type: ignore[func-returns-value]
    |              ^^^^^^^^^^^^^^^^^^^^^^^^^^^^^^^^^^^^^^^^^^^^^^
    |   File "/home/u1/Desktop/devops_project/UniOps-SaaS-Product/backend/venv/lib/python3.12/site-packages/uvicorn/middleware/proxy_headers.py", line 69, in __call__
    |     return await self.app(scope, receive, send)
    |            ^^^^^^^^^^^^^^^^^^^^^^^^^^^^^^^^^^^^
    |   File "/home/u1/Desktop/devops_project/UniOps-SaaS-Product/backend/venv/lib/python3.12/site-packages/fastapi/applications.py", line 1054, in __call__
    |     await super().__call__(scope, receive, send)
    |   File "/home/u1/Desktop/devops_project/UniOps-SaaS-Product/backend/venv/lib/python3.12/site-packages/starlette/applications.py", line 123, in __call__
    |     await self.middleware_stack(scope, receive, send)
    |   File "/home/u1/Desktop/devops_project/UniOps-SaaS-Product/backend/venv/lib/python3.12/site-packages/starlette/middleware/errors.py", line 186, in __call__
    |     raise exc
    |   File "/home/u1/Desktop/devops_project/UniOps-SaaS-Product/backend/venv/lib/python3.12/site-packages/starlette/middleware/errors.py", line 164, in __call__
    |     await self.app(scope, receive, _send)
    |   File "/home/u1/Desktop/devops_project/UniOps-SaaS-Product/backend/venv/lib/python3.12/site-packages/starlette/middleware/base.py", line 189, in __call__
    |     with collapse_excgroups():
    |   File "/usr/lib/python3.12/contextlib.py", line 158, in __exit__
    |     self.gen.throw(value)
    |   File "/home/u1/Desktop/devops_project/UniOps-SaaS-Product/backend/venv/lib/python3.12/site-packages/starlette/_utils.py", line 93, in collapse_excgroups
    |     raise exc
    |   File "/home/u1/Desktop/devops_project/UniOps-SaaS-Product/backend/venv/lib/python3.12/site-packages/starlette/middleware/base.py", line 191, in __call__
    |     response = await self.dispatch_func(request, call_next)
    |                ^^^^^^^^^^^^^^^^^^^^^^^^^^^^^^^^^^^^^^^^^^^^
    |   File "/home/u1/Desktop/devops_project/UniOps-SaaS-Product/backend/app/middleware/audit.py", line 20, in dispatch
    |     response = await call_next(request)
    |                ^^^^^^^^^^^^^^^^^^^^^^^^
    |   File "/home/u1/Desktop/devops_project/UniOps-SaaS-Product/backend/venv/lib/python3.12/site-packages/starlette/middleware/base.py", line 165, in call_next
    |     raise app_exc
    |   File "/home/u1/Desktop/devops_project/UniOps-SaaS-Product/backend/venv/lib/python3.12/site-packages/starlette/middleware/base.py", line 151, in coro
    |     await self.app(scope, receive_or_disconnect, send_no_error)
    |   File "/home/u1/Desktop/devops_project/UniOps-SaaS-Product/backend/venv/lib/python3.12/site-packages/starlette/middleware/base.py", line 189, in __call__
    |     with collapse_excgroups():
    |   File "/usr/lib/python3.12/contextlib.py", line 158, in __exit__
    |     self.gen.throw(value)
    |   File "/home/u1/Desktop/devops_project/UniOps-SaaS-Product/backend/venv/lib/python3.12/site-packages/starlette/_utils.py", line 93, in collapse_excgroups
    |     raise exc
    |   File "/home/u1/Desktop/devops_project/UniOps-SaaS-Product/backend/venv/lib/python3.12/site-packages/starlette/middleware/base.py", line 191, in __call__
    |     response = await self.dispatch_func(request, call_next)
    |                ^^^^^^^^^^^^^^^^^^^^^^^^^^^^^^^^^^^^^^^^^^^^
    |   File "/home/u1/Desktop/devops_project/UniOps-SaaS-Product/backend/app/middleware/logging.py", line 13, in dispatch
    |     response = await call_next(request)
    |                ^^^^^^^^^^^^^^^^^^^^^^^^
    |   File "/home/u1/Desktop/devops_project/UniOps-SaaS-Product/backend/venv/lib/python3.12/site-packages/starlette/middleware/base.py", line 165, in call_next
    |     raise app_exc
    |   File "/home/u1/Desktop/devops_project/UniOps-SaaS-Product/backend/venv/lib/python3.12/site-packages/starlette/middleware/base.py", line 151, in coro
    |     await self.app(scope, receive_or_disconnect, send_no_error)
    |   File "/home/u1/Desktop/devops_project/UniOps-SaaS-Product/backend/venv/lib/python3.12/site-packages/starlette/middleware/cors.py", line 85, in __call__
    |     await self.app(scope, receive, send)
    |   File "/home/u1/Desktop/devops_project/UniOps-SaaS-Product/backend/venv/lib/python3.12/site-packages/prometheus_fastapi_instrumentator/middleware.py", line 169, in __call__
    |     raise exc
    |   File "/home/u1/Desktop/devops_project/UniOps-SaaS-Product/backend/venv/lib/python3.12/site-packages/prometheus_fastapi_instrumentator/middleware.py", line 167, in __call__
    |     await self.app(scope, receive, send_wrapper)
    |   File "/home/u1/Desktop/devops_project/UniOps-SaaS-Product/backend/venv/lib/python3.12/site-packages/starlette/middleware/exceptions.py", line 65, in __call__
    |     await wrap_app_handling_exceptions(self.app, conn)(scope, receive, send)
    |   File "/home/u1/Desktop/devops_project/UniOps-SaaS-Product/backend/venv/lib/python3.12/site-packages/starlette/_exception_handler.py", line 64, in wrapped_app
    |     raise exc
    |   File "/home/u1/Desktop/devops_project/UniOps-SaaS-Product/backend/venv/lib/python3.12/site-packages/starlette/_exception_handler.py", line 53, in wrapped_app
    |     await app(scope, receive, sender)
    |   File "/home/u1/Desktop/devops_project/UniOps-SaaS-Product/backend/venv/lib/python3.12/site-packages/starlette/routing.py", line 756, in __call__
    |     await self.middleware_stack(scope, receive, send)
    |   File "/home/u1/Desktop/devops_project/UniOps-SaaS-Product/backend/venv/lib/python3.12/site-packages/starlette/routing.py", line 776, in app
    |     await route.handle(scope, receive, send)
    |   File "/home/u1/Desktop/devops_project/UniOps-SaaS-Product/backend/venv/lib/python3.12/site-packages/starlette/routing.py", line 297, in handle
    |     await self.app(scope, receive, send)
    |   File "/home/u1/Desktop/devops_project/UniOps-SaaS-Product/backend/venv/lib/python3.12/site-packages/starlette/routing.py", line 77, in app
    |     await wrap_app_handling_exceptions(app, request)(scope, receive, send)
    |   File "/home/u1/Desktop/devops_project/UniOps-SaaS-Product/backend/venv/lib/python3.12/site-packages/starlette/_exception_handler.py", line 64, in wrapped_app
    |     raise exc
    |   File "/home/u1/Desktop/devops_project/UniOps-SaaS-Product/backend/venv/lib/python3.12/site-packages/starlette/_exception_handler.py", line 53, in wrapped_app
    |     await app(scope, receive, sender)
    |   File "/home/u1/Desktop/devops_project/UniOps-SaaS-Product/backend/venv/lib/python3.12/site-packages/starlette/routing.py", line 72, in app
    |     response = await func(request)
    |                ^^^^^^^^^^^^^^^^^^^
    |   File "/home/u1/Desktop/devops_project/UniOps-SaaS-Product/backend/venv/lib/python3.12/site-packages/fastapi/routing.py", line 269, in app
    |     solved_result = await solve_dependencies(
    |                     ^^^^^^^^^^^^^^^^^^^^^^^^^
    |   File "/home/u1/Desktop/devops_project/UniOps-SaaS-Product/backend/venv/lib/python3.12/site-packages/fastapi/dependencies/utils.py", line 572, in solve_dependencies
    |     solved_result = await solve_dependencies(
    |                     ^^^^^^^^^^^^^^^^^^^^^^^^^
    |   File "/home/u1/Desktop/devops_project/UniOps-SaaS-Product/backend/venv/lib/python3.12/site-packages/fastapi/dependencies/utils.py", line 600, in solve_dependencies
    |     solved = await call(**sub_values)
    |              ^^^^^^^^^^^^^^^^^^^^^^^^
    |   File "/home/u1/Desktop/devops_project/UniOps-SaaS-Product/backend/app/api/deps.py", line 25, in get_current_user
    |     raise UnauthorizedError("Bearer token required")
    | app.core.exceptions.UnauthorizedError: Bearer token required
    +------------------------------------

During handling of the above exception, another exception occurred:

Traceback (most recent call last):
  File "/home/u1/Desktop/devops_project/UniOps-SaaS-Product/backend/venv/lib/python3.12/site-packages/uvicorn/protocols/http/httptools_impl.py", line 411, in run_asgi
    result = await app(  # type: ignore[func-returns-value]
             ^^^^^^^^^^^^^^^^^^^^^^^^^^^^^^^^^^^^^^^^^^^^^^
  File "/home/u1/Desktop/devops_project/UniOps-SaaS-Product/backend/venv/lib/python3.12/site-packages/uvicorn/middleware/proxy_headers.py", line 69, in __call__
    return await self.app(scope, receive, send)
           ^^^^^^^^^^^^^^^^^^^^^^^^^^^^^^^^^^^^
  File "/home/u1/Desktop/devops_project/UniOps-SaaS-Product/backend/venv/lib/python3.12/site-packages/fastapi/applications.py", line 1054, in __call__
    await super().__call__(scope, receive, send)
  File "/home/u1/Desktop/devops_project/UniOps-SaaS-Product/backend/venv/lib/python3.12/site-packages/starlette/applications.py", line 123, in __call__
    await self.middleware_stack(scope, receive, send)
  File "/home/u1/Desktop/devops_project/UniOps-SaaS-Product/backend/venv/lib/python3.12/site-packages/starlette/middleware/errors.py", line 186, in __call__
    raise exc
  File "/home/u1/Desktop/devops_project/UniOps-SaaS-Product/backend/venv/lib/python3.12/site-packages/starlette/middleware/errors.py", line 164, in __call__
    await self.app(scope, receive, _send)
  File "/home/u1/Desktop/devops_project/UniOps-SaaS-Product/backend/venv/lib/python3.12/site-packages/starlette/middleware/base.py", line 189, in __call__
    with collapse_excgroups():
  File "/usr/lib/python3.12/contextlib.py", line 158, in __exit__
    self.gen.throw(value)
  File "/home/u1/Desktop/devops_project/UniOps-SaaS-Product/backend/venv/lib/python3.12/site-packages/starlette/_utils.py", line 93, in collapse_excgroups
    raise exc
  File "/home/u1/Desktop/devops_project/UniOps-SaaS-Product/backend/venv/lib/python3.12/site-packages/starlette/middleware/base.py", line 191, in __call__
    response = await self.dispatch_func(request, call_next)
               ^^^^^^^^^^^^^^^^^^^^^^^^^^^^^^^^^^^^^^^^^^^^
  File "/home/u1/Desktop/devops_project/UniOps-SaaS-Product/backend/app/middleware/audit.py", line 20, in dispatch
    response = await call_next(request)
               ^^^^^^^^^^^^^^^^^^^^^^^^
  File "/home/u1/Desktop/devops_project/UniOps-SaaS-Product/backend/venv/lib/python3.12/site-packages/starlette/middleware/base.py", line 165, in call_next
    raise app_exc
  File "/home/u1/Desktop/devops_project/UniOps-SaaS-Product/backend/venv/lib/python3.12/site-packages/starlette/middleware/base.py", line 151, in coro
    await self.app(scope, receive_or_disconnect, send_no_error)
  File "/home/u1/Desktop/devops_project/UniOps-SaaS-Product/backend/venv/lib/python3.12/site-packages/starlette/middleware/base.py", line 189, in __call__
    with collapse_excgroups():
  File "/usr/lib/python3.12/contextlib.py", line 158, in __exit__
    self.gen.throw(value)
  File "/home/u1/Desktop/devops_project/UniOps-SaaS-Product/backend/venv/lib/python3.12/site-packages/starlette/_utils.py", line 93, in collapse_excgroups
    raise exc
  File "/home/u1/Desktop/devops_project/UniOps-SaaS-Product/backend/venv/lib/python3.12/site-packages/starlette/middleware/base.py", line 191, in __call__
    response = await self.dispatch_func(request, call_next)
               ^^^^^^^^^^^^^^^^^^^^^^^^^^^^^^^^^^^^^^^^^^^^
  File "/home/u1/Desktop/devops_project/UniOps-SaaS-Product/backend/app/middleware/logging.py", line 13, in dispatch
    response = await call_next(request)
               ^^^^^^^^^^^^^^^^^^^^^^^^
  File "/home/u1/Desktop/devops_project/UniOps-SaaS-Product/backend/venv/lib/python3.12/site-packages/starlette/middleware/base.py", line 165, in call_next
    raise app_exc
  File "/home/u1/Desktop/devops_project/UniOps-SaaS-Product/backend/venv/lib/python3.12/site-packages/starlette/middleware/base.py", line 151, in coro
    await self.app(scope, receive_or_disconnect, send_no_error)
  File "/home/u1/Desktop/devops_project/UniOps-SaaS-Product/backend/venv/lib/python3.12/site-packages/starlette/middleware/cors.py", line 85, in __call__
    await self.app(scope, receive, send)
  File "/home/u1/Desktop/devops_project/UniOps-SaaS-Product/backend/venv/lib/python3.12/site-packages/prometheus_fastapi_instrumentator/middleware.py", line 169, in __call__
    raise exc
  File "/home/u1/Desktop/devops_project/UniOps-SaaS-Product/backend/venv/lib/python3.12/site-packages/prometheus_fastapi_instrumentator/middleware.py", line 167, in __call__
    await self.app(scope, receive, send_wrapper)
  File "/home/u1/Desktop/devops_project/UniOps-SaaS-Product/backend/venv/lib/python3.12/site-packages/starlette/middleware/exceptions.py", line 65, in __call__
    await wrap_app_handling_exceptions(self.app, conn)(scope, receive, send)
  File "/home/u1/Desktop/devops_project/UniOps-SaaS-Product/backend/venv/lib/python3.12/site-packages/starlette/_exception_handler.py", line 64, in wrapped_app
    raise exc
  File "/home/u1/Desktop/devops_project/UniOps-SaaS-Product/backend/venv/lib/python3.12/site-packages/starlette/_exception_handler.py", line 53, in wrapped_app
    await app(scope, receive, sender)
  File "/home/u1/Desktop/devops_project/UniOps-SaaS-Product/backend/venv/lib/python3.12/site-packages/starlette/routing.py", line 756, in __call__
    await self.middleware_stack(scope, receive, send)
  File "/home/u1/Desktop/devops_project/UniOps-SaaS-Product/backend/venv/lib/python3.12/site-packages/starlette/routing.py", line 776, in app
    await route.handle(scope, receive, send)
  File "/home/u1/Desktop/devops_project/UniOps-SaaS-Product/backend/venv/lib/python3.12/site-packages/starlette/routing.py", line 297, in handle
    await self.app(scope, receive, send)
  File "/home/u1/Desktop/devops_project/UniOps-SaaS-Product/backend/venv/lib/python3.12/site-packages/starlette/routing.py", line 77, in app
    await wrap_app_handling_exceptions(app, request)(scope, receive, send)
  File "/home/u1/Desktop/devops_project/UniOps-SaaS-Product/backend/venv/lib/python3.12/site-packages/starlette/_exception_handler.py", line 64, in wrapped_app
    raise exc
  File "/home/u1/Desktop/devops_project/UniOps-SaaS-Product/backend/venv/lib/python3.12/site-packages/starlette/_exception_handler.py", line 53, in wrapped_app
    await app(scope, receive, sender)
  File "/home/u1/Desktop/devops_project/UniOps-SaaS-Product/backend/venv/lib/python3.12/site-packages/starlette/routing.py", line 72, in app
    response = await func(request)
               ^^^^^^^^^^^^^^^^^^^
  File "/home/u1/Desktop/devops_project/UniOps-SaaS-Product/backend/venv/lib/python3.12/site-packages/fastapi/routing.py", line 269, in app
    solved_result = await solve_dependencies(
                    ^^^^^^^^^^^^^^^^^^^^^^^^^
  File "/home/u1/Desktop/devops_project/UniOps-SaaS-Product/backend/venv/lib/python3.12/site-packages/fastapi/dependencies/utils.py", line 572, in solve_dependencies
    solved_result = await solve_dependencies(
                    ^^^^^^^^^^^^^^^^^^^^^^^^^
  File "/home/u1/Desktop/devops_project/UniOps-SaaS-Product/backend/venv/lib/python3.12/site-packages/fastapi/dependencies/utils.py", line 600, in solve_dependencies
    solved = await call(**sub_values)
             ^^^^^^^^^^^^^^^^^^^^^^^^
  File "/home/u1/Desktop/devops_project/UniOps-SaaS-Product/backend/app/api/deps.py", line 25, in get_current_user
    raise UnauthorizedError("Bearer token required")
app.core.exceptions.UnauthorizedError: Bearer token required
[32m2026-06-16 18:23:20[0m | [31m[1mERROR   [0m | [36mapp.services.ml_service[0m:[36m431[0m - [31m[1m[MLListener] Connection lost: ConnectionError('Error 111 connecting to localhost:6379. 111.') — reconnecting in 40s[0m
[32m2026-06-16 18:23:30[0m | [31m[1mERROR   [0m | [36mapp.middleware.logging[0m:[36m23[0m - [31m[1m[c9627684] GET /api/v1/alerts → ERR (6.11ms): Invalid or expired token: Signature verification failed.[0m
[32m2026-06-16 18:23:30[0m | [31m[1mERROR   [0m | [36mapp.middleware.logging[0m:[36m23[0m - [31m[1m[84fceeca] GET /api/v1/integrations → ERR (2.35ms): Invalid or expired token: Signature verification failed.[0m
[32m2026-06-16 18:23:30[0m | [31m[1mERROR   [0m | [36mapp.middleware.logging[0m:[36m23[0m - [31m[1m[ed0b1567] GET /api/v1/companies/stats → ERR (2.44ms): Invalid or expired token: Signature verification failed.[0m
[32m2026-06-16 18:23:30[0m | [31m[1mERROR   [0m | [36mapp.middleware.logging[0m:[36m23[0m - [31m[1m[7f9b11c2] GET /api/v1/companies → ERR (1.46ms): Invalid or expired token: Signature verification failed.[0m
INFO:     127.0.0.1:34638 - "GET /api/v1/alerts?page_size=10 HTTP/1.1" 401 Unauthorized
ERROR:    Exception in ASGI application
  + Exception Group Traceback (most recent call last):
  |   File "/home/u1/Desktop/devops_project/UniOps-SaaS-Product/backend/venv/lib/python3.12/site-packages/starlette/_utils.py", line 87, in collapse_excgroups
  |     yield
  |   File "/home/u1/Desktop/devops_project/UniOps-SaaS-Product/backend/venv/lib/python3.12/site-packages/starlette/middleware/base.py", line 190, in __call__
  |     async with anyio.create_task_group() as task_group:
  |   File "/home/u1/Desktop/devops_project/UniOps-SaaS-Product/backend/venv/lib/python3.12/site-packages/anyio/_backends/_asyncio.py", line 811, in __aexit__
  |     raise BaseExceptionGroup(
  | ExceptionGroup: unhandled errors in a TaskGroup (1 sub-exception)
  +-+---------------- 1 ----------------
    | Traceback (most recent call last):
    |   File "/home/u1/Desktop/devops_project/UniOps-SaaS-Product/backend/venv/lib/python3.12/site-packages/uvicorn/protocols/http/httptools_impl.py", line 411, in run_asgi
    |     result = await app(  # type: ignore[func-returns-value]
    |              ^^^^^^^^^^^^^^^^^^^^^^^^^^^^^^^^^^^^^^^^^^^^^^
    |   File "/home/u1/Desktop/devops_project/UniOps-SaaS-Product/backend/venv/lib/python3.12/site-packages/uvicorn/middleware/proxy_headers.py", line 69, in __call__
    |     return await self.app(scope, receive, send)
    |            ^^^^^^^^^^^^^^^^^^^^^^^^^^^^^^^^^^^^
    |   File "/home/u1/Desktop/devops_project/UniOps-SaaS-Product/backend/venv/lib/python3.12/site-packages/fastapi/applications.py", line 1054, in __call__
    |     await super().__call__(scope, receive, send)
    |   File "/home/u1/Desktop/devops_project/UniOps-SaaS-Product/backend/venv/lib/python3.12/site-packages/starlette/applications.py", line 123, in __call__
    |     await self.middleware_stack(scope, receive, send)
    |   File "/home/u1/Desktop/devops_project/UniOps-SaaS-Product/backend/venv/lib/python3.12/site-packages/starlette/middleware/errors.py", line 186, in __call__
    |     raise exc
    |   File "/home/u1/Desktop/devops_project/UniOps-SaaS-Product/backend/venv/lib/python3.12/site-packages/starlette/middleware/errors.py", line 164, in __call__
    |     await self.app(scope, receive, _send)
    |   File "/home/u1/Desktop/devops_project/UniOps-SaaS-Product/backend/venv/lib/python3.12/site-packages/starlette/middleware/base.py", line 189, in __call__
    |     with collapse_excgroups():
    |   File "/usr/lib/python3.12/contextlib.py", line 158, in __exit__
    |     self.gen.throw(value)
    |   File "/home/u1/Desktop/devops_project/UniOps-SaaS-Product/backend/venv/lib/python3.12/site-packages/starlette/_utils.py", line 93, in collapse_excgroups
    |     raise exc
    |   File "/home/u1/Desktop/devops_project/UniOps-SaaS-Product/backend/venv/lib/python3.12/site-packages/starlette/middleware/base.py", line 191, in __call__
    |     response = await self.dispatch_func(request, call_next)
    |                ^^^^^^^^^^^^^^^^^^^^^^^^^^^^^^^^^^^^^^^^^^^^
    |   File "/home/u1/Desktop/devops_project/UniOps-SaaS-Product/backend/app/middleware/audit.py", line 20, in dispatch
    |     response = await call_next(request)
    |                ^^^^^^^^^^^^^^^^^^^^^^^^
    |   File "/home/u1/Desktop/devops_project/UniOps-SaaS-Product/backend/venv/lib/python3.12/site-packages/starlette/middleware/base.py", line 165, in call_next
    |     raise app_exc
    |   File "/home/u1/Desktop/devops_project/UniOps-SaaS-Product/backend/venv/lib/python3.12/site-packages/starlette/middleware/base.py", line 151, in coro
    |     await self.app(scope, receive_or_disconnect, send_no_error)
    |   File "/home/u1/Desktop/devops_project/UniOps-SaaS-Product/backend/venv/lib/python3.12/site-packages/starlette/middleware/base.py", line 189, in __call__
    |     with collapse_excgroups():
    |   File "/usr/lib/python3.12/contextlib.py", line 158, in __exit__
    |     self.gen.throw(value)
    |   File "/home/u1/Desktop/devops_project/UniOps-SaaS-Product/backend/venv/lib/python3.12/site-packages/starlette/_utils.py", line 93, in collapse_excgroups
    |     raise exc
    |   File "/home/u1/Desktop/devops_project/UniOps-SaaS-Product/backend/venv/lib/python3.12/site-packages/starlette/middleware/base.py", line 191, in __call__
    |     response = await self.dispatch_func(request, call_next)
    |                ^^^^^^^^^^^^^^^^^^^^^^^^^^^^^^^^^^^^^^^^^^^^
    |   File "/home/u1/Desktop/devops_project/UniOps-SaaS-Product/backend/app/middleware/logging.py", line 13, in dispatch
    |     response = await call_next(request)
    |                ^^^^^^^^^^^^^^^^^^^^^^^^
    |   File "/home/u1/Desktop/devops_project/UniOps-SaaS-Product/backend/venv/lib/python3.12/site-packages/starlette/middleware/base.py", line 165, in call_next
    |     raise app_exc
    |   File "/home/u1/Desktop/devops_project/UniOps-SaaS-Product/backend/venv/lib/python3.12/site-packages/starlette/middleware/base.py", line 151, in coro
    |     await self.app(scope, receive_or_disconnect, send_no_error)
    |   File "/home/u1/Desktop/devops_project/UniOps-SaaS-Product/backend/venv/lib/python3.12/site-packages/starlette/middleware/cors.py", line 85, in __call__
    |     await self.app(scope, receive, send)
    |   File "/home/u1/Desktop/devops_project/UniOps-SaaS-Product/backend/venv/lib/python3.12/site-packages/prometheus_fastapi_instrumentator/middleware.py", line 169, in __call__
    |     raise exc
    |   File "/home/u1/Desktop/devops_project/UniOps-SaaS-Product/backend/venv/lib/python3.12/site-packages/prometheus_fastapi_instrumentator/middleware.py", line 167, in __call__
    |     await self.app(scope, receive, send_wrapper)
    |   File "/home/u1/Desktop/devops_project/UniOps-SaaS-Product/backend/venv/lib/python3.12/site-packages/starlette/middleware/exceptions.py", line 65, in __call__
    |     await wrap_app_handling_exceptions(self.app, conn)(scope, receive, send)
    |   File "/home/u1/Desktop/devops_project/UniOps-SaaS-Product/backend/venv/lib/python3.12/site-packages/starlette/_exception_handler.py", line 64, in wrapped_app
    |     raise exc
    |   File "/home/u1/Desktop/devops_project/UniOps-SaaS-Product/backend/venv/lib/python3.12/site-packages/starlette/_exception_handler.py", line 53, in wrapped_app
    |     await app(scope, receive, sender)
    |   File "/home/u1/Desktop/devops_project/UniOps-SaaS-Product/backend/venv/lib/python3.12/site-packages/starlette/routing.py", line 756, in __call__
    |     await self.middleware_stack(scope, receive, send)
    |   File "/home/u1/Desktop/devops_project/UniOps-SaaS-Product/backend/venv/lib/python3.12/site-packages/starlette/routing.py", line 776, in app
    |     await route.handle(scope, receive, send)
    |   File "/home/u1/Desktop/devops_project/UniOps-SaaS-Product/backend/venv/lib/python3.12/site-packages/starlette/routing.py", line 297, in handle
    |     await self.app(scope, receive, send)
    |   File "/home/u1/Desktop/devops_project/UniOps-SaaS-Product/backend/venv/lib/python3.12/site-packages/starlette/routing.py", line 77, in app
    |     await wrap_app_handling_exceptions(app, request)(scope, receive, send)
    |   File "/home/u1/Desktop/devops_project/UniOps-SaaS-Product/backend/venv/lib/python3.12/site-packages/starlette/_exception_handler.py", line 64, in wrapped_app
    |     raise exc
    |   File "/home/u1/Desktop/devops_project/UniOps-SaaS-Product/backend/venv/lib/python3.12/site-packages/starlette/_exception_handler.py", line 53, in wrapped_app
    |     await app(scope, receive, sender)
    |   File "/home/u1/Desktop/devops_project/UniOps-SaaS-Product/backend/venv/lib/python3.12/site-packages/starlette/routing.py", line 72, in app
    |     response = await func(request)
    |                ^^^^^^^^^^^^^^^^^^^
    |   File "/home/u1/Desktop/devops_project/UniOps-SaaS-Product/backend/venv/lib/python3.12/site-packages/fastapi/routing.py", line 269, in app
    |     solved_result = await solve_dependencies(
    |                     ^^^^^^^^^^^^^^^^^^^^^^^^^
    |   File "/home/u1/Desktop/devops_project/UniOps-SaaS-Product/backend/venv/lib/python3.12/site-packages/fastapi/dependencies/utils.py", line 572, in solve_dependencies
    |     solved_result = await solve_dependencies(
    |                     ^^^^^^^^^^^^^^^^^^^^^^^^^
    |   File "/home/u1/Desktop/devops_project/UniOps-SaaS-Product/backend/venv/lib/python3.12/site-packages/fastapi/dependencies/utils.py", line 600, in solve_dependencies
    |     solved = await call(**sub_values)
    |              ^^^^^^^^^^^^^^^^^^^^^^^^
    |   File "/home/u1/Desktop/devops_project/UniOps-SaaS-Product/backend/app/api/deps.py", line 39, in get_current_user
    |     raise UnauthorizedError(str(e))
    | app.core.exceptions.UnauthorizedError: Invalid or expired token: Signature verification failed.
    +------------------------------------

During handling of the above exception, another exception occurred:

Traceback (most recent call last):
  File "/home/u1/Desktop/devops_project/UniOps-SaaS-Product/backend/venv/lib/python3.12/site-packages/uvicorn/protocols/http/httptools_impl.py", line 411, in run_asgi
    result = await app(  # type: ignore[func-returns-value]
             ^^^^^^^^^^^^^^^^^^^^^^^^^^^^^^^^^^^^^^^^^^^^^^
  File "/home/u1/Desktop/devops_project/UniOps-SaaS-Product/backend/venv/lib/python3.12/site-packages/uvicorn/middleware/proxy_headers.py", line 69, in __call__
    return await self.app(scope, receive, send)
           ^^^^^^^^^^^^^^^^^^^^^^^^^^^^^^^^^^^^
  File "/home/u1/Desktop/devops_project/UniOps-SaaS-Product/backend/venv/lib/python3.12/site-packages/fastapi/applications.py", line 1054, in __call__
    await super().__call__(scope, receive, send)
  File "/home/u1/Desktop/devops_project/UniOps-SaaS-Product/backend/venv/lib/python3.12/site-packages/starlette/applications.py", line 123, in __call__
    await self.middleware_stack(scope, receive, send)
  File "/home/u1/Desktop/devops_project/UniOps-SaaS-Product/backend/venv/lib/python3.12/site-packages/starlette/middleware/errors.py", line 186, in __call__
    raise exc
  File "/home/u1/Desktop/devops_project/UniOps-SaaS-Product/backend/venv/lib/python3.12/site-packages/starlette/middleware/errors.py", line 164, in __call__
    await self.app(scope, receive, _send)
  File "/home/u1/Desktop/devops_project/UniOps-SaaS-Product/backend/venv/lib/python3.12/site-packages/starlette/middleware/base.py", line 189, in __call__
    with collapse_excgroups():
  File "/usr/lib/python3.12/contextlib.py", line 158, in __exit__
    self.gen.throw(value)
  File "/home/u1/Desktop/devops_project/UniOps-SaaS-Product/backend/venv/lib/python3.12/site-packages/starlette/_utils.py", line 93, in collapse_excgroups
    raise exc
  File "/home/u1/Desktop/devops_project/UniOps-SaaS-Product/backend/venv/lib/python3.12/site-packages/starlette/middleware/base.py", line 191, in __call__
    response = await self.dispatch_func(request, call_next)
               ^^^^^^^^^^^^^^^^^^^^^^^^^^^^^^^^^^^^^^^^^^^^
  File "/home/u1/Desktop/devops_project/UniOps-SaaS-Product/backend/app/middleware/audit.py", line 20, in dispatch
    response = await call_next(request)
               ^^^^^^^^^^^^^^^^^^^^^^^^
  File "/home/u1/Desktop/devops_project/UniOps-SaaS-Product/backend/venv/lib/python3.12/site-packages/starlette/middleware/base.py", line 165, in call_next
    raise app_exc
  File "/home/u1/Desktop/devops_project/UniOps-SaaS-Product/backend/venv/lib/python3.12/site-packages/starlette/middleware/base.py", line 151, in coro
    await self.app(scope, receive_or_disconnect, send_no_error)
  File "/home/u1/Desktop/devops_project/UniOps-SaaS-Product/backend/venv/lib/python3.12/site-packages/starlette/middleware/base.py", line 189, in __call__
    with collapse_excgroups():
  File "/usr/lib/python3.12/contextlib.py", line 158, in __exit__
    self.gen.throw(value)
  File "/home/u1/Desktop/devops_project/UniOps-SaaS-Product/backend/venv/lib/python3.12/site-packages/starlette/_utils.py", line 93, in collapse_excgroups
    raise exc
  File "/home/u1/Desktop/devops_project/UniOps-SaaS-Product/backend/venv/lib/python3.12/site-packages/starlette/middleware/base.py", line 191, in __call__
    response = await self.dispatch_func(request, call_next)
               ^^^^^^^^^^^^^^^^^^^^^^^^^^^^^^^^^^^^^^^^^^^^
  File "/home/u1/Desktop/devops_project/UniOps-SaaS-Product/backend/app/middleware/logging.py", line 13, in dispatch
    response = await call_next(request)
               ^^^^^^^^^^^^^^^^^^^^^^^^
  File "/home/u1/Desktop/devops_project/UniOps-SaaS-Product/backend/venv/lib/python3.12/site-packages/starlette/middleware/base.py", line 165, in call_next
    raise app_exc
  File "/home/u1/Desktop/devops_project/UniOps-SaaS-Product/backend/venv/lib/python3.12/site-packages/starlette/middleware/base.py", line 151, in coro
    await self.app(scope, receive_or_disconnect, send_no_error)
  File "/home/u1/Desktop/devops_project/UniOps-SaaS-Product/backend/venv/lib/python3.12/site-packages/starlette/middleware/cors.py", line 85, in __call__
    await self.app(scope, receive, send)
  File "/home/u1/Desktop/devops_project/UniOps-SaaS-Product/backend/venv/lib/python3.12/site-packages/prometheus_fastapi_instrumentator/middleware.py", line 169, in __call__
    raise exc
  File "/home/u1/Desktop/devops_project/UniOps-SaaS-Product/backend/venv/lib/python3.12/site-packages/prometheus_fastapi_instrumentator/middleware.py", line 167, in __call__
    await self.app(scope, receive, send_wrapper)
  File "/home/u1/Desktop/devops_project/UniOps-SaaS-Product/backend/venv/lib/python3.12/site-packages/starlette/middleware/exceptions.py", line 65, in __call__
    await wrap_app_handling_exceptions(self.app, conn)(scope, receive, send)
  File "/home/u1/Desktop/devops_project/UniOps-SaaS-Product/backend/venv/lib/python3.12/site-packages/starlette/_exception_handler.py", line 64, in wrapped_app
    raise exc
  File "/home/u1/Desktop/devops_project/UniOps-SaaS-Product/backend/venv/lib/python3.12/site-packages/starlette/_exception_handler.py", line 53, in wrapped_app
    await app(scope, receive, sender)
  File "/home/u1/Desktop/devops_project/UniOps-SaaS-Product/backend/venv/lib/python3.12/site-packages/starlette/routing.py", line 756, in __call__
    await self.middleware_stack(scope, receive, send)
  File "/home/u1/Desktop/devops_project/UniOps-SaaS-Product/backend/venv/lib/python3.12/site-packages/starlette/routing.py", line 776, in app
    await route.handle(scope, receive, send)
  File "/home/u1/Desktop/devops_project/UniOps-SaaS-Product/backend/venv/lib/python3.12/site-packages/starlette/routing.py", line 297, in handle
    await self.app(scope, receive, send)
  File "/home/u1/Desktop/devops_project/UniOps-SaaS-Product/backend/venv/lib/python3.12/site-packages/starlette/routing.py", line 77, in app
    await wrap_app_handling_exceptions(app, request)(scope, receive, send)
  File "/home/u1/Desktop/devops_project/UniOps-SaaS-Product/backend/venv/lib/python3.12/site-packages/starlette/_exception_handler.py", line 64, in wrapped_app
    raise exc
  File "/home/u1/Desktop/devops_project/UniOps-SaaS-Product/backend/venv/lib/python3.12/site-packages/starlette/_exception_handler.py", line 53, in wrapped_app
    await app(scope, receive, sender)
  File "/home/u1/Desktop/devops_project/UniOps-SaaS-Product/backend/venv/lib/python3.12/site-packages/starlette/routing.py", line 72, in app
    response = await func(request)
               ^^^^^^^^^^^^^^^^^^^
  File "/home/u1/Desktop/devops_project/UniOps-SaaS-Product/backend/venv/lib/python3.12/site-packages/fastapi/routing.py", line 269, in app
    solved_result = await solve_dependencies(
                    ^^^^^^^^^^^^^^^^^^^^^^^^^
  File "/home/u1/Desktop/devops_project/UniOps-SaaS-Product/backend/venv/lib/python3.12/site-packages/fastapi/dependencies/utils.py", line 572, in solve_dependencies
    solved_result = await solve_dependencies(
                    ^^^^^^^^^^^^^^^^^^^^^^^^^
  File "/home/u1/Desktop/devops_project/UniOps-SaaS-Product/backend/venv/lib/python3.12/site-packages/fastapi/dependencies/utils.py", line 600, in solve_dependencies
    solved = await call(**sub_values)
             ^^^^^^^^^^^^^^^^^^^^^^^^
  File "/home/u1/Desktop/devops_project/UniOps-SaaS-Product/backend/app/api/deps.py", line 39, in get_current_user
    raise UnauthorizedError(str(e))
app.core.exceptions.UnauthorizedError: Invalid or expired token: Signature verification failed.
INFO:     127.0.0.1:34640 - "GET /api/v1/integrations HTTP/1.1" 401 Unauthorized
ERROR:    Exception in ASGI application
  + Exception Group Traceback (most recent call last):
  |   File "/home/u1/Desktop/devops_project/UniOps-SaaS-Product/backend/venv/lib/python3.12/site-packages/starlette/_utils.py", line 87, in collapse_excgroups
  |     yield
  |   File "/home/u1/Desktop/devops_project/UniOps-SaaS-Product/backend/venv/lib/python3.12/site-packages/starlette/middleware/base.py", line 190, in __call__
  |     async with anyio.create_task_group() as task_group:
  |   File "/home/u1/Desktop/devops_project/UniOps-SaaS-Product/backend/venv/lib/python3.12/site-packages/anyio/_backends/_asyncio.py", line 811, in __aexit__
  |     raise BaseExceptionGroup(
  | ExceptionGroup: unhandled errors in a TaskGroup (1 sub-exception)
  +-+---------------- 1 ----------------
    | Traceback (most recent call last):
    |   File "/home/u1/Desktop/devops_project/UniOps-SaaS-Product/backend/venv/lib/python3.12/site-packages/uvicorn/protocols/http/httptools_impl.py", line 411, in run_asgi
    |     result = await app(  # type: ignore[func-returns-value]
    |              ^^^^^^^^^^^^^^^^^^^^^^^^^^^^^^^^^^^^^^^^^^^^^^
    |   File "/home/u1/Desktop/devops_project/UniOps-SaaS-Product/backend/venv/lib/python3.12/site-packages/uvicorn/middleware/proxy_headers.py", line 69, in __call__
    |     return await self.app(scope, receive, send)
    |            ^^^^^^^^^^^^^^^^^^^^^^^^^^^^^^^^^^^^
    |   File "/home/u1/Desktop/devops_project/UniOps-SaaS-Product/backend/venv/lib/python3.12/site-packages/fastapi/applications.py", line 1054, in __call__
    |     await super().__call__(scope, receive, send)
    |   File "/home/u1/Desktop/devops_project/UniOps-SaaS-Product/backend/venv/lib/python3.12/site-packages/starlette/applications.py", line 123, in __call__
    |     await self.middleware_stack(scope, receive, send)
    |   File "/home/u1/Desktop/devops_project/UniOps-SaaS-Product/backend/venv/lib/python3.12/site-packages/starlette/middleware/errors.py", line 186, in __call__
    |     raise exc
    |   File "/home/u1/Desktop/devops_project/UniOps-SaaS-Product/backend/venv/lib/python3.12/site-packages/starlette/middleware/errors.py", line 164, in __call__
    |     await self.app(scope, receive, _send)
    |   File "/home/u1/Desktop/devops_project/UniOps-SaaS-Product/backend/venv/lib/python3.12/site-packages/starlette/middleware/base.py", line 189, in __call__
    |     with collapse_excgroups():
    |   File "/usr/lib/python3.12/contextlib.py", line 158, in __exit__
    |     self.gen.throw(value)
    |   File "/home/u1/Desktop/devops_project/UniOps-SaaS-Product/backend/venv/lib/python3.12/site-packages/starlette/_utils.py", line 93, in collapse_excgroups
    |     raise exc
    |   File "/home/u1/Desktop/devops_project/UniOps-SaaS-Product/backend/venv/lib/python3.12/site-packages/starlette/middleware/base.py", line 191, in __call__
    |     response = await self.dispatch_func(request, call_next)
    |                ^^^^^^^^^^^^^^^^^^^^^^^^^^^^^^^^^^^^^^^^^^^^
    |   File "/home/u1/Desktop/devops_project/UniOps-SaaS-Product/backend/app/middleware/audit.py", line 20, in dispatch
    |     response = await call_next(request)
    |                ^^^^^^^^^^^^^^^^^^^^^^^^
    |   File "/home/u1/Desktop/devops_project/UniOps-SaaS-Product/backend/venv/lib/python3.12/site-packages/starlette/middleware/base.py", line 165, in call_next
    |     raise app_exc
    |   File "/home/u1/Desktop/devops_project/UniOps-SaaS-Product/backend/venv/lib/python3.12/site-packages/starlette/middleware/base.py", line 151, in coro
    |     await self.app(scope, receive_or_disconnect, send_no_error)
    |   File "/home/u1/Desktop/devops_project/UniOps-SaaS-Product/backend/venv/lib/python3.12/site-packages/starlette/middleware/base.py", line 189, in __call__
    |     with collapse_excgroups():
    |   File "/usr/lib/python3.12/contextlib.py", line 158, in __exit__
    |     self.gen.throw(value)
    |   File "/home/u1/Desktop/devops_project/UniOps-SaaS-Product/backend/venv/lib/python3.12/site-packages/starlette/_utils.py", line 93, in collapse_excgroups
    |     raise exc
    |   File "/home/u1/Desktop/devops_project/UniOps-SaaS-Product/backend/venv/lib/python3.12/site-packages/starlette/middleware/base.py", line 191, in __call__
    |     response = await self.dispatch_func(request, call_next)
    |                ^^^^^^^^^^^^^^^^^^^^^^^^^^^^^^^^^^^^^^^^^^^^
    |   File "/home/u1/Desktop/devops_project/UniOps-SaaS-Product/backend/app/middleware/logging.py", line 13, in dispatch
    |     response = await call_next(request)
    |                ^^^^^^^^^^^^^^^^^^^^^^^^
    |   File "/home/u1/Desktop/devops_project/UniOps-SaaS-Product/backend/venv/lib/python3.12/site-packages/starlette/middleware/base.py", line 165, in call_next
    |     raise app_exc
    |   File "/home/u1/Desktop/devops_project/UniOps-SaaS-Product/backend/venv/lib/python3.12/site-packages/starlette/middleware/base.py", line 151, in coro
    |     await self.app(scope, receive_or_disconnect, send_no_error)
    |   File "/home/u1/Desktop/devops_project/UniOps-SaaS-Product/backend/venv/lib/python3.12/site-packages/starlette/middleware/cors.py", line 85, in __call__
    |     await self.app(scope, receive, send)
    |   File "/home/u1/Desktop/devops_project/UniOps-SaaS-Product/backend/venv/lib/python3.12/site-packages/prometheus_fastapi_instrumentator/middleware.py", line 169, in __call__
    |     raise exc
    |   File "/home/u1/Desktop/devops_project/UniOps-SaaS-Product/backend/venv/lib/python3.12/site-packages/prometheus_fastapi_instrumentator/middleware.py", line 167, in __call__
    |     await self.app(scope, receive, send_wrapper)
    |   File "/home/u1/Desktop/devops_project/UniOps-SaaS-Product/backend/venv/lib/python3.12/site-packages/starlette/middleware/exceptions.py", line 65, in __call__
    |     await wrap_app_handling_exceptions(self.app, conn)(scope, receive, send)
    |   File "/home/u1/Desktop/devops_project/UniOps-SaaS-Product/backend/venv/lib/python3.12/site-packages/starlette/_exception_handler.py", line 64, in wrapped_app
    |     raise exc
    |   File "/home/u1/Desktop/devops_project/UniOps-SaaS-Product/backend/venv/lib/python3.12/site-packages/starlette/_exception_handler.py", line 53, in wrapped_app
    |     await app(scope, receive, sender)
    |   File "/home/u1/Desktop/devops_project/UniOps-SaaS-Product/backend/venv/lib/python3.12/site-packages/starlette/routing.py", line 756, in __call__
    |     await self.middleware_stack(scope, receive, send)
    |   File "/home/u1/Desktop/devops_project/UniOps-SaaS-Product/backend/venv/lib/python3.12/site-packages/starlette/routing.py", line 776, in app
    |     await route.handle(scope, receive, send)
    |   File "/home/u1/Desktop/devops_project/UniOps-SaaS-Product/backend/venv/lib/python3.12/site-packages/starlette/routing.py", line 297, in handle
    |     await self.app(scope, receive, send)
    |   File "/home/u1/Desktop/devops_project/UniOps-SaaS-Product/backend/venv/lib/python3.12/site-packages/starlette/routing.py", line 77, in app
    |     await wrap_app_handling_exceptions(app, request)(scope, receive, send)
    |   File "/home/u1/Desktop/devops_project/UniOps-SaaS-Product/backend/venv/lib/python3.12/site-packages/starlette/_exception_handler.py", line 64, in wrapped_app
    |     raise exc
    |   File "/home/u1/Desktop/devops_project/UniOps-SaaS-Product/backend/venv/lib/python3.12/site-packages/starlette/_exception_handler.py", line 53, in wrapped_app
    |     await app(scope, receive, sender)
    |   File "/home/u1/Desktop/devops_project/UniOps-SaaS-Product/backend/venv/lib/python3.12/site-packages/starlette/routing.py", line 72, in app
    |     response = await func(request)
    |                ^^^^^^^^^^^^^^^^^^^
    |   File "/home/u1/Desktop/devops_project/UniOps-SaaS-Product/backend/venv/lib/python3.12/site-packages/fastapi/routing.py", line 269, in app
    |     solved_result = await solve_dependencies(
    |                     ^^^^^^^^^^^^^^^^^^^^^^^^^
    |   File "/home/u1/Desktop/devops_project/UniOps-SaaS-Product/backend/venv/lib/python3.12/site-packages/fastapi/dependencies/utils.py", line 572, in solve_dependencies
    |     solved_result = await solve_dependencies(
    |                     ^^^^^^^^^^^^^^^^^^^^^^^^^
    |   File "/home/u1/Desktop/devops_project/UniOps-SaaS-Product/backend/venv/lib/python3.12/site-packages/fastapi/dependencies/utils.py", line 600, in solve_dependencies
    |     solved = await call(**sub_values)
    |              ^^^^^^^^^^^^^^^^^^^^^^^^
    |   File "/home/u1/Desktop/devops_project/UniOps-SaaS-Product/backend/app/api/deps.py", line 39, in get_current_user
    |     raise UnauthorizedError(str(e))
    | app.core.exceptions.UnauthorizedError: Invalid or expired token: Signature verification failed.
    +------------------------------------

During handling of the above exception, another exception occurred:

Traceback (most recent call last):
  File "/home/u1/Desktop/devops_project/UniOps-SaaS-Product/backend/venv/lib/python3.12/site-packages/uvicorn/protocols/http/httptools_impl.py", line 411, in run_asgi
    result = await app(  # type: ignore[func-returns-value]
             ^^^^^^^^^^^^^^^^^^^^^^^^^^^^^^^^^^^^^^^^^^^^^^
  File "/home/u1/Desktop/devops_project/UniOps-SaaS-Product/backend/venv/lib/python3.12/site-packages/uvicorn/middleware/proxy_headers.py", line 69, in __call__
    return await self.app(scope, receive, send)
           ^^^^^^^^^^^^^^^^^^^^^^^^^^^^^^^^^^^^
  File "/home/u1/Desktop/devops_project/UniOps-SaaS-Product/backend/venv/lib/python3.12/site-packages/fastapi/applications.py", line 1054, in __call__
    await super().__call__(scope, receive, send)
  File "/home/u1/Desktop/devops_project/UniOps-SaaS-Product/backend/venv/lib/python3.12/site-packages/starlette/applications.py", line 123, in __call__
    await self.middleware_stack(scope, receive, send)
  File "/home/u1/Desktop/devops_project/UniOps-SaaS-Product/backend/venv/lib/python3.12/site-packages/starlette/middleware/errors.py", line 186, in __call__
    raise exc
  File "/home/u1/Desktop/devops_project/UniOps-SaaS-Product/backend/venv/lib/python3.12/site-packages/starlette/middleware/errors.py", line 164, in __call__
    await self.app(scope, receive, _send)
  File "/home/u1/Desktop/devops_project/UniOps-SaaS-Product/backend/venv/lib/python3.12/site-packages/starlette/middleware/base.py", line 189, in __call__
    with collapse_excgroups():
  File "/usr/lib/python3.12/contextlib.py", line 158, in __exit__
    self.gen.throw(value)
  File "/home/u1/Desktop/devops_project/UniOps-SaaS-Product/backend/venv/lib/python3.12/site-packages/starlette/_utils.py", line 93, in collapse_excgroups
    raise exc
  File "/home/u1/Desktop/devops_project/UniOps-SaaS-Product/backend/venv/lib/python3.12/site-packages/starlette/middleware/base.py", line 191, in __call__
    response = await self.dispatch_func(request, call_next)
               ^^^^^^^^^^^^^^^^^^^^^^^^^^^^^^^^^^^^^^^^^^^^
  File "/home/u1/Desktop/devops_project/UniOps-SaaS-Product/backend/app/middleware/audit.py", line 20, in dispatch
    response = await call_next(request)
               ^^^^^^^^^^^^^^^^^^^^^^^^
  File "/home/u1/Desktop/devops_project/UniOps-SaaS-Product/backend/venv/lib/python3.12/site-packages/starlette/middleware/base.py", line 165, in call_next
    raise app_exc
  File "/home/u1/Desktop/devops_project/UniOps-SaaS-Product/backend/venv/lib/python3.12/site-packages/starlette/middleware/base.py", line 151, in coro
    await self.app(scope, receive_or_disconnect, send_no_error)
  File "/home/u1/Desktop/devops_project/UniOps-SaaS-Product/backend/venv/lib/python3.12/site-packages/starlette/middleware/base.py", line 189, in __call__
    with collapse_excgroups():
  File "/usr/lib/python3.12/contextlib.py", line 158, in __exit__
    self.gen.throw(value)
  File "/home/u1/Desktop/devops_project/UniOps-SaaS-Product/backend/venv/lib/python3.12/site-packages/starlette/_utils.py", line 93, in collapse_excgroups
    raise exc
  File "/home/u1/Desktop/devops_project/UniOps-SaaS-Product/backend/venv/lib/python3.12/site-packages/starlette/middleware/base.py", line 191, in __call__
    response = await self.dispatch_func(request, call_next)
               ^^^^^^^^^^^^^^^^^^^^^^^^^^^^^^^^^^^^^^^^^^^^
  File "/home/u1/Desktop/devops_project/UniOps-SaaS-Product/backend/app/middleware/logging.py", line 13, in dispatch
    response = await call_next(request)
               ^^^^^^^^^^^^^^^^^^^^^^^^
  File "/home/u1/Desktop/devops_project/UniOps-SaaS-Product/backend/venv/lib/python3.12/site-packages/starlette/middleware/base.py", line 165, in call_next
    raise app_exc
  File "/home/u1/Desktop/devops_project/UniOps-SaaS-Product/backend/venv/lib/python3.12/site-packages/starlette/middleware/base.py", line 151, in coro
    await self.app(scope, receive_or_disconnect, send_no_error)
  File "/home/u1/Desktop/devops_project/UniOps-SaaS-Product/backend/venv/lib/python3.12/site-packages/starlette/middleware/cors.py", line 85, in __call__
    await self.app(scope, receive, send)
  File "/home/u1/Desktop/devops_project/UniOps-SaaS-Product/backend/venv/lib/python3.12/site-packages/prometheus_fastapi_instrumentator/middleware.py", line 169, in __call__
    raise exc
  File "/home/u1/Desktop/devops_project/UniOps-SaaS-Product/backend/venv/lib/python3.12/site-packages/prometheus_fastapi_instrumentator/middleware.py", line 167, in __call__
    await self.app(scope, receive, send_wrapper)
  File "/home/u1/Desktop/devops_project/UniOps-SaaS-Product/backend/venv/lib/python3.12/site-packages/starlette/middleware/exceptions.py", line 65, in __call__
    await wrap_app_handling_exceptions(self.app, conn)(scope, receive, send)
  File "/home/u1/Desktop/devops_project/UniOps-SaaS-Product/backend/venv/lib/python3.12/site-packages/starlette/_exception_handler.py", line 64, in wrapped_app
    raise exc
  File "/home/u1/Desktop/devops_project/UniOps-SaaS-Product/backend/venv/lib/python3.12/site-packages/starlette/_exception_handler.py", line 53, in wrapped_app
    await app(scope, receive, sender)
  File "/home/u1/Desktop/devops_project/UniOps-SaaS-Product/backend/venv/lib/python3.12/site-packages/starlette/routing.py", line 756, in __call__
    await self.middleware_stack(scope, receive, send)
  File "/home/u1/Desktop/devops_project/UniOps-SaaS-Product/backend/venv/lib/python3.12/site-packages/starlette/routing.py", line 776, in app
    await route.handle(scope, receive, send)
  File "/home/u1/Desktop/devops_project/UniOps-SaaS-Product/backend/venv/lib/python3.12/site-packages/starlette/routing.py", line 297, in handle
    await self.app(scope, receive, send)
  File "/home/u1/Desktop/devops_project/UniOps-SaaS-Product/backend/venv/lib/python3.12/site-packages/starlette/routing.py", line 77, in app
    await wrap_app_handling_exceptions(app, request)(scope, receive, send)
  File "/home/u1/Desktop/devops_project/UniOps-SaaS-Product/backend/venv/lib/python3.12/site-packages/starlette/_exception_handler.py", line 64, in wrapped_app
    raise exc
  File "/home/u1/Desktop/devops_project/UniOps-SaaS-Product/backend/venv/lib/python3.12/site-packages/starlette/_exception_handler.py", line 53, in wrapped_app
    await app(scope, receive, sender)
  File "/home/u1/Desktop/devops_project/UniOps-SaaS-Product/backend/venv/lib/python3.12/site-packages/starlette/routing.py", line 72, in app
    response = await func(request)
               ^^^^^^^^^^^^^^^^^^^
  File "/home/u1/Desktop/devops_project/UniOps-SaaS-Product/backend/venv/lib/python3.12/site-packages/fastapi/routing.py", line 269, in app
    solved_result = await solve_dependencies(
                    ^^^^^^^^^^^^^^^^^^^^^^^^^
  File "/home/u1/Desktop/devops_project/UniOps-SaaS-Product/backend/venv/lib/python3.12/site-packages/fastapi/dependencies/utils.py", line 572, in solve_dependencies
    solved_result = await solve_dependencies(
                    ^^^^^^^^^^^^^^^^^^^^^^^^^
  File "/home/u1/Desktop/devops_project/UniOps-SaaS-Product/backend/venv/lib/python3.12/site-packages/fastapi/dependencies/utils.py", line 600, in solve_dependencies
    solved = await call(**sub_values)
             ^^^^^^^^^^^^^^^^^^^^^^^^
  File "/home/u1/Desktop/devops_project/UniOps-SaaS-Product/backend/app/api/deps.py", line 39, in get_current_user
    raise UnauthorizedError(str(e))
app.core.exceptions.UnauthorizedError: Invalid or expired token: Signature verification failed.
INFO:     127.0.0.1:34642 - "GET /api/v1/companies/stats HTTP/1.1" 401 Unauthorized
ERROR:    Exception in ASGI application
  + Exception Group Traceback (most recent call last):
  |   File "/home/u1/Desktop/devops_project/UniOps-SaaS-Product/backend/venv/lib/python3.12/site-packages/starlette/_utils.py", line 87, in collapse_excgroups
  |     yield
  |   File "/home/u1/Desktop/devops_project/UniOps-SaaS-Product/backend/venv/lib/python3.12/site-packages/starlette/middleware/base.py", line 190, in __call__
  |     async with anyio.create_task_group() as task_group:
  |   File "/home/u1/Desktop/devops_project/UniOps-SaaS-Product/backend/venv/lib/python3.12/site-packages/anyio/_backends/_asyncio.py", line 811, in __aexit__
  |     raise BaseExceptionGroup(
  | ExceptionGroup: unhandled errors in a TaskGroup (1 sub-exception)
  +-+---------------- 1 ----------------
    | Traceback (most recent call last):
    |   File "/home/u1/Desktop/devops_project/UniOps-SaaS-Product/backend/venv/lib/python3.12/site-packages/uvicorn/protocols/http/httptools_impl.py", line 411, in run_asgi
    |     result = await app(  # type: ignore[func-returns-value]
    |              ^^^^^^^^^^^^^^^^^^^^^^^^^^^^^^^^^^^^^^^^^^^^^^
    |   File "/home/u1/Desktop/devops_project/UniOps-SaaS-Product/backend/venv/lib/python3.12/site-packages/uvicorn/middleware/proxy_headers.py", line 69, in __call__
    |     return await self.app(scope, receive, send)
    |            ^^^^^^^^^^^^^^^^^^^^^^^^^^^^^^^^^^^^
    |   File "/home/u1/Desktop/devops_project/UniOps-SaaS-Product/backend/venv/lib/python3.12/site-packages/fastapi/applications.py", line 1054, in __call__
    |     await super().__call__(scope, receive, send)
    |   File "/home/u1/Desktop/devops_project/UniOps-SaaS-Product/backend/venv/lib/python3.12/site-packages/starlette/applications.py", line 123, in __call__
    |     await self.middleware_stack(scope, receive, send)
    |   File "/home/u1/Desktop/devops_project/UniOps-SaaS-Product/backend/venv/lib/python3.12/site-packages/starlette/middleware/errors.py", line 186, in __call__
    |     raise exc
    |   File "/home/u1/Desktop/devops_project/UniOps-SaaS-Product/backend/venv/lib/python3.12/site-packages/starlette/middleware/errors.py", line 164, in __call__
    |     await self.app(scope, receive, _send)
    |   File "/home/u1/Desktop/devops_project/UniOps-SaaS-Product/backend/venv/lib/python3.12/site-packages/starlette/middleware/base.py", line 189, in __call__
    |     with collapse_excgroups():
    |   File "/usr/lib/python3.12/contextlib.py", line 158, in __exit__
    |     self.gen.throw(value)
    |   File "/home/u1/Desktop/devops_project/UniOps-SaaS-Product/backend/venv/lib/python3.12/site-packages/starlette/_utils.py", line 93, in collapse_excgroups
    |     raise exc
    |   File "/home/u1/Desktop/devops_project/UniOps-SaaS-Product/backend/venv/lib/python3.12/site-packages/starlette/middleware/base.py", line 191, in __call__
    |     response = await self.dispatch_func(request, call_next)
    |                ^^^^^^^^^^^^^^^^^^^^^^^^^^^^^^^^^^^^^^^^^^^^
    |   File "/home/u1/Desktop/devops_project/UniOps-SaaS-Product/backend/app/middleware/audit.py", line 20, in dispatch
    |     response = await call_next(request)
    |                ^^^^^^^^^^^^^^^^^^^^^^^^
    |   File "/home/u1/Desktop/devops_project/UniOps-SaaS-Product/backend/venv/lib/python3.12/site-packages/starlette/middleware/base.py", line 165, in call_next
    |     raise app_exc
    |   File "/home/u1/Desktop/devops_project/UniOps-SaaS-Product/backend/venv/lib/python3.12/site-packages/starlette/middleware/base.py", line 151, in coro
    |     await self.app(scope, receive_or_disconnect, send_no_error)
    |   File "/home/u1/Desktop/devops_project/UniOps-SaaS-Product/backend/venv/lib/python3.12/site-packages/starlette/middleware/base.py", line 189, in __call__
    |     with collapse_excgroups():
    |   File "/usr/lib/python3.12/contextlib.py", line 158, in __exit__
    |     self.gen.throw(value)
    |   File "/home/u1/Desktop/devops_project/UniOps-SaaS-Product/backend/venv/lib/python3.12/site-packages/starlette/_utils.py", line 93, in collapse_excgroups
    |     raise exc
    |   File "/home/u1/Desktop/devops_project/UniOps-SaaS-Product/backend/venv/lib/python3.12/site-packages/starlette/middleware/base.py", line 191, in __call__
    |     response = await self.dispatch_func(request, call_next)
    |                ^^^^^^^^^^^^^^^^^^^^^^^^^^^^^^^^^^^^^^^^^^^^
    |   File "/home/u1/Desktop/devops_project/UniOps-SaaS-Product/backend/app/middleware/logging.py", line 13, in dispatch
    |     response = await call_next(request)
    |                ^^^^^^^^^^^^^^^^^^^^^^^^
    |   File "/home/u1/Desktop/devops_project/UniOps-SaaS-Product/backend/venv/lib/python3.12/site-packages/starlette/middleware/base.py", line 165, in call_next
    |     raise app_exc
    |   File "/home/u1/Desktop/devops_project/UniOps-SaaS-Product/backend/venv/lib/python3.12/site-packages/starlette/middleware/base.py", line 151, in coro
    |     await self.app(scope, receive_or_disconnect, send_no_error)
    |   File "/home/u1/Desktop/devops_project/UniOps-SaaS-Product/backend/venv/lib/python3.12/site-packages/starlette/middleware/cors.py", line 85, in __call__
    |     await self.app(scope, receive, send)
    |   File "/home/u1/Desktop/devops_project/UniOps-SaaS-Product/backend/venv/lib/python3.12/site-packages/prometheus_fastapi_instrumentator/middleware.py", line 169, in __call__
    |     raise exc
    |   File "/home/u1/Desktop/devops_project/UniOps-SaaS-Product/backend/venv/lib/python3.12/site-packages/prometheus_fastapi_instrumentator/middleware.py", line 167, in __call__
    |     await self.app(scope, receive, send_wrapper)
    |   File "/home/u1/Desktop/devops_project/UniOps-SaaS-Product/backend/venv/lib/python3.12/site-packages/starlette/middleware/exceptions.py", line 65, in __call__
    |     await wrap_app_handling_exceptions(self.app, conn)(scope, receive, send)
    |   File "/home/u1/Desktop/devops_project/UniOps-SaaS-Product/backend/venv/lib/python3.12/site-packages/starlette/_exception_handler.py", line 64, in wrapped_app
    |     raise exc
    |   File "/home/u1/Desktop/devops_project/UniOps-SaaS-Product/backend/venv/lib/python3.12/site-packages/starlette/_exception_handler.py", line 53, in wrapped_app
    |     await app(scope, receive, sender)
    |   File "/home/u1/Desktop/devops_project/UniOps-SaaS-Product/backend/venv/lib/python3.12/site-packages/starlette/routing.py", line 756, in __call__
    |     await self.middleware_stack(scope, receive, send)
    |   File "/home/u1/Desktop/devops_project/UniOps-SaaS-Product/backend/venv/lib/python3.12/site-packages/starlette/routing.py", line 776, in app
    |     await route.handle(scope, receive, send)
    |   File "/home/u1/Desktop/devops_project/UniOps-SaaS-Product/backend/venv/lib/python3.12/site-packages/starlette/routing.py", line 297, in handle
    |     await self.app(scope, receive, send)
    |   File "/home/u1/Desktop/devops_project/UniOps-SaaS-Product/backend/venv/lib/python3.12/site-packages/starlette/routing.py", line 77, in app
    |     await wrap_app_handling_exceptions(app, request)(scope, receive, send)
    |   File "/home/u1/Desktop/devops_project/UniOps-SaaS-Product/backend/venv/lib/python3.12/site-packages/starlette/_exception_handler.py", line 64, in wrapped_app
    |     raise exc
    |   File "/home/u1/Desktop/devops_project/UniOps-SaaS-Product/backend/venv/lib/python3.12/site-packages/starlette/_exception_handler.py", line 53, in wrapped_app
    |     await app(scope, receive, sender)
    |   File "/home/u1/Desktop/devops_project/UniOps-SaaS-Product/backend/venv/lib/python3.12/site-packages/starlette/routing.py", line 72, in app
    |     response = await func(request)
    |                ^^^^^^^^^^^^^^^^^^^
    |   File "/home/u1/Desktop/devops_project/UniOps-SaaS-Product/backend/venv/lib/python3.12/site-packages/fastapi/routing.py", line 269, in app
    |     solved_result = await solve_dependencies(
    |                     ^^^^^^^^^^^^^^^^^^^^^^^^^
    |   File "/home/u1/Desktop/devops_project/UniOps-SaaS-Product/backend/venv/lib/python3.12/site-packages/fastapi/dependencies/utils.py", line 572, in solve_dependencies
    |     solved_result = await solve_dependencies(
    |                     ^^^^^^^^^^^^^^^^^^^^^^^^^
    |   File "/home/u1/Desktop/devops_project/UniOps-SaaS-Product/backend/venv/lib/python3.12/site-packages/fastapi/dependencies/utils.py", line 600, in solve_dependencies
    |     solved = await call(**sub_values)
    |              ^^^^^^^^^^^^^^^^^^^^^^^^
    |   File "/home/u1/Desktop/devops_project/UniOps-SaaS-Product/backend/app/api/deps.py", line 39, in get_current_user
    |     raise UnauthorizedError(str(e))
    | app.core.exceptions.UnauthorizedError: Invalid or expired token: Signature verification failed.
    +------------------------------------

During handling of the above exception, another exception occurred:

Traceback (most recent call last):
  File "/home/u1/Desktop/devops_project/UniOps-SaaS-Product/backend/venv/lib/python3.12/site-packages/uvicorn/protocols/http/httptools_impl.py", line 411, in run_asgi
    result = await app(  # type: ignore[func-returns-value]
             ^^^^^^^^^^^^^^^^^^^^^^^^^^^^^^^^^^^^^^^^^^^^^^
  File "/home/u1/Desktop/devops_project/UniOps-SaaS-Product/backend/venv/lib/python3.12/site-packages/uvicorn/middleware/proxy_headers.py", line 69, in __call__
    return await self.app(scope, receive, send)
           ^^^^^^^^^^^^^^^^^^^^^^^^^^^^^^^^^^^^
  File "/home/u1/Desktop/devops_project/UniOps-SaaS-Product/backend/venv/lib/python3.12/site-packages/fastapi/applications.py", line 1054, in __call__
    await super().__call__(scope, receive, send)
  File "/home/u1/Desktop/devops_project/UniOps-SaaS-Product/backend/venv/lib/python3.12/site-packages/starlette/applications.py", line 123, in __call__
    await self.middleware_stack(scope, receive, send)
  File "/home/u1/Desktop/devops_project/UniOps-SaaS-Product/backend/venv/lib/python3.12/site-packages/starlette/middleware/errors.py", line 186, in __call__
    raise exc
  File "/home/u1/Desktop/devops_project/UniOps-SaaS-Product/backend/venv/lib/python3.12/site-packages/starlette/middleware/errors.py", line 164, in __call__
    await self.app(scope, receive, _send)
  File "/home/u1/Desktop/devops_project/UniOps-SaaS-Product/backend/venv/lib/python3.12/site-packages/starlette/middleware/base.py", line 189, in __call__
    with collapse_excgroups():
  File "/usr/lib/python3.12/contextlib.py", line 158, in __exit__
    self.gen.throw(value)
  File "/home/u1/Desktop/devops_project/UniOps-SaaS-Product/backend/venv/lib/python3.12/site-packages/starlette/_utils.py", line 93, in collapse_excgroups
    raise exc
  File "/home/u1/Desktop/devops_project/UniOps-SaaS-Product/backend/venv/lib/python3.12/site-packages/starlette/middleware/base.py", line 191, in __call__
    response = await self.dispatch_func(request, call_next)
               ^^^^^^^^^^^^^^^^^^^^^^^^^^^^^^^^^^^^^^^^^^^^
  File "/home/u1/Desktop/devops_project/UniOps-SaaS-Product/backend/app/middleware/audit.py", line 20, in dispatch
    response = await call_next(request)
               ^^^^^^^^^^^^^^^^^^^^^^^^
  File "/home/u1/Desktop/devops_project/UniOps-SaaS-Product/backend/venv/lib/python3.12/site-packages/starlette/middleware/base.py", line 165, in call_next
    raise app_exc
  File "/home/u1/Desktop/devops_project/UniOps-SaaS-Product/backend/venv/lib/python3.12/site-packages/starlette/middleware/base.py", line 151, in coro
    await self.app(scope, receive_or_disconnect, send_no_error)
  File "/home/u1/Desktop/devops_project/UniOps-SaaS-Product/backend/venv/lib/python3.12/site-packages/starlette/middleware/base.py", line 189, in __call__
    with collapse_excgroups():
  File "/usr/lib/python3.12/contextlib.py", line 158, in __exit__
    self.gen.throw(value)
  File "/home/u1/Desktop/devops_project/UniOps-SaaS-Product/backend/venv/lib/python3.12/site-packages/starlette/_utils.py", line 93, in collapse_excgroups
    raise exc
  File "/home/u1/Desktop/devops_project/UniOps-SaaS-Product/backend/venv/lib/python3.12/site-packages/starlette/middleware/base.py", line 191, in __call__
    response = await self.dispatch_func(request, call_next)
               ^^^^^^^^^^^^^^^^^^^^^^^^^^^^^^^^^^^^^^^^^^^^
  File "/home/u1/Desktop/devops_project/UniOps-SaaS-Product/backend/app/middleware/logging.py", line 13, in dispatch
    response = await call_next(request)
               ^^^^^^^^^^^^^^^^^^^^^^^^
  File "/home/u1/Desktop/devops_project/UniOps-SaaS-Product/backend/venv/lib/python3.12/site-packages/starlette/middleware/base.py", line 165, in call_next
    raise app_exc
  File "/home/u1/Desktop/devops_project/UniOps-SaaS-Product/backend/venv/lib/python3.12/site-packages/starlette/middleware/base.py", line 151, in coro
    await self.app(scope, receive_or_disconnect, send_no_error)
  File "/home/u1/Desktop/devops_project/UniOps-SaaS-Product/backend/venv/lib/python3.12/site-packages/starlette/middleware/cors.py", line 85, in __call__
    await self.app(scope, receive, send)
  File "/home/u1/Desktop/devops_project/UniOps-SaaS-Product/backend/venv/lib/python3.12/site-packages/prometheus_fastapi_instrumentator/middleware.py", line 169, in __call__
    raise exc
  File "/home/u1/Desktop/devops_project/UniOps-SaaS-Product/backend/venv/lib/python3.12/site-packages/prometheus_fastapi_instrumentator/middleware.py", line 167, in __call__
    await self.app(scope, receive, send_wrapper)
  File "/home/u1/Desktop/devops_project/UniOps-SaaS-Product/backend/venv/lib/python3.12/site-packages/starlette/middleware/exceptions.py", line 65, in __call__
    await wrap_app_handling_exceptions(self.app, conn)(scope, receive, send)
  File "/home/u1/Desktop/devops_project/UniOps-SaaS-Product/backend/venv/lib/python3.12/site-packages/starlette/_exception_handler.py", line 64, in wrapped_app
    raise exc
  File "/home/u1/Desktop/devops_project/UniOps-SaaS-Product/backend/venv/lib/python3.12/site-packages/starlette/_exception_handler.py", line 53, in wrapped_app
    await app(scope, receive, sender)
  File "/home/u1/Desktop/devops_project/UniOps-SaaS-Product/backend/venv/lib/python3.12/site-packages/starlette/routing.py", line 756, in __call__
    await self.middleware_stack(scope, receive, send)
  File "/home/u1/Desktop/devops_project/UniOps-SaaS-Product/backend/venv/lib/python3.12/site-packages/starlette/routing.py", line 776, in app
    await route.handle(scope, receive, send)
  File "/home/u1/Desktop/devops_project/UniOps-SaaS-Product/backend/venv/lib/python3.12/site-packages/starlette/routing.py", line 297, in handle
    await self.app(scope, receive, send)
  File "/home/u1/Desktop/devops_project/UniOps-SaaS-Product/backend/venv/lib/python3.12/site-packages/starlette/routing.py", line 77, in app
    await wrap_app_handling_exceptions(app, request)(scope, receive, send)
  File "/home/u1/Desktop/devops_project/UniOps-SaaS-Product/backend/venv/lib/python3.12/site-packages/starlette/_exception_handler.py", line 64, in wrapped_app
    raise exc
  File "/home/u1/Desktop/devops_project/UniOps-SaaS-Product/backend/venv/lib/python3.12/site-packages/starlette/_exception_handler.py", line 53, in wrapped_app
    await app(scope, receive, sender)
  File "/home/u1/Desktop/devops_project/UniOps-SaaS-Product/backend/venv/lib/python3.12/site-packages/starlette/routing.py", line 72, in app
    response = await func(request)
               ^^^^^^^^^^^^^^^^^^^
  File "/home/u1/Desktop/devops_project/UniOps-SaaS-Product/backend/venv/lib/python3.12/site-packages/fastapi/routing.py", line 269, in app
    solved_result = await solve_dependencies(
                    ^^^^^^^^^^^^^^^^^^^^^^^^^
  File "/home/u1/Desktop/devops_project/UniOps-SaaS-Product/backend/venv/lib/python3.12/site-packages/fastapi/dependencies/utils.py", line 572, in solve_dependencies
    solved_result = await solve_dependencies(
                    ^^^^^^^^^^^^^^^^^^^^^^^^^
  File "/home/u1/Desktop/devops_project/UniOps-SaaS-Product/backend/venv/lib/python3.12/site-packages/fastapi/dependencies/utils.py", line 600, in solve_dependencies
    solved = await call(**sub_values)
             ^^^^^^^^^^^^^^^^^^^^^^^^
  File "/home/u1/Desktop/devops_project/UniOps-SaaS-Product/backend/app/api/deps.py", line 39, in get_current_user
    raise UnauthorizedError(str(e))
app.core.exceptions.UnauthorizedError: Invalid or expired token: Signature verification failed.
INFO:     127.0.0.1:34656 - "GET /api/v1/companies HTTP/1.1" 401 Unauthorized
ERROR:    Exception in ASGI application
  + Exception Group Traceback (most recent call last):
  |   File "/home/u1/Desktop/devops_project/UniOps-SaaS-Product/backend/venv/lib/python3.12/site-packages/starlette/_utils.py", line 87, in collapse_excgroups
  |     yield
  |   File "/home/u1/Desktop/devops_project/UniOps-SaaS-Product/backend/venv/lib/python3.12/site-packages/starlette/middleware/base.py", line 190, in __call__
  |     async with anyio.create_task_group() as task_group:
  |   File "/home/u1/Desktop/devops_project/UniOps-SaaS-Product/backend/venv/lib/python3.12/site-packages/anyio/_backends/_asyncio.py", line 811, in __aexit__
  |     raise BaseExceptionGroup(
  | ExceptionGroup: unhandled errors in a TaskGroup (1 sub-exception)
  +-+---------------- 1 ----------------
    | Traceback (most recent call last):
    |   File "/home/u1/Desktop/devops_project/UniOps-SaaS-Product/backend/venv/lib/python3.12/site-packages/uvicorn/protocols/http/httptools_impl.py", line 411, in run_asgi
    |     result = await app(  # type: ignore[func-returns-value]
    |              ^^^^^^^^^^^^^^^^^^^^^^^^^^^^^^^^^^^^^^^^^^^^^^
    |   File "/home/u1/Desktop/devops_project/UniOps-SaaS-Product/backend/venv/lib/python3.12/site-packages/uvicorn/middleware/proxy_headers.py", line 69, in __call__
    |     return await self.app(scope, receive, send)
    |            ^^^^^^^^^^^^^^^^^^^^^^^^^^^^^^^^^^^^
    |   File "/home/u1/Desktop/devops_project/UniOps-SaaS-Product/backend/venv/lib/python3.12/site-packages/fastapi/applications.py", line 1054, in __call__
    |     await super().__call__(scope, receive, send)
    |   File "/home/u1/Desktop/devops_project/UniOps-SaaS-Product/backend/venv/lib/python3.12/site-packages/starlette/applications.py", line 123, in __call__
    |     await self.middleware_stack(scope, receive, send)
    |   File "/home/u1/Desktop/devops_project/UniOps-SaaS-Product/backend/venv/lib/python3.12/site-packages/starlette/middleware/errors.py", line 186, in __call__
    |     raise exc
    |   File "/home/u1/Desktop/devops_project/UniOps-SaaS-Product/backend/venv/lib/python3.12/site-packages/starlette/middleware/errors.py", line 164, in __call__
    |     await self.app(scope, receive, _send)
    |   File "/home/u1/Desktop/devops_project/UniOps-SaaS-Product/backend/venv/lib/python3.12/site-packages/starlette/middleware/base.py", line 189, in __call__
    |     with collapse_excgroups():
    |   File "/usr/lib/python3.12/contextlib.py", line 158, in __exit__
    |     self.gen.throw(value)
    |   File "/home/u1/Desktop/devops_project/UniOps-SaaS-Product/backend/venv/lib/python3.12/site-packages/starlette/_utils.py", line 93, in collapse_excgroups
    |     raise exc
    |   File "/home/u1/Desktop/devops_project/UniOps-SaaS-Product/backend/venv/lib/python3.12/site-packages/starlette/middleware/base.py", line 191, in __call__
    |     response = await self.dispatch_func(request, call_next)
    |                ^^^^^^^^^^^^^^^^^^^^^^^^^^^^^^^^^^^^^^^^^^^^
    |   File "/home/u1/Desktop/devops_project/UniOps-SaaS-Product/backend/app/middleware/audit.py", line 20, in dispatch
    |     response = await call_next(request)
    |                ^^^^^^^^^^^^^^^^^^^^^^^^
    |   File "/home/u1/Desktop/devops_project/UniOps-SaaS-Product/backend/venv/lib/python3.12/site-packages/starlette/middleware/base.py", line 165, in call_next
    |     raise app_exc
    |   File "/home/u1/Desktop/devops_project/UniOps-SaaS-Product/backend/venv/lib/python3.12/site-packages/starlette/middleware/base.py", line 151, in coro
    |     await self.app(scope, receive_or_disconnect, send_no_error)
    |   File "/home/u1/Desktop/devops_project/UniOps-SaaS-Product/backend/venv/lib/python3.12/site-packages/starlette/middleware/base.py", line 189, in __call__
    |     with collapse_excgroups():
    |   File "/usr/lib/python3.12/contextlib.py", line 158, in __exit__
    |     self.gen.throw(value)
    |   File "/home/u1/Desktop/devops_project/UniOps-SaaS-Product/backend/venv/lib/python3.12/site-packages/starlette/_utils.py", line 93, in collapse_excgroups
    |     raise exc
    |   File "/home/u1/Desktop/devops_project/UniOps-SaaS-Product/backend/venv/lib/python3.12/site-packages/starlette/middleware/base.py", line 191, in __call__
    |     response = await self.dispatch_func(request, call_next)
    |                ^^^^^^^^^^^^^^^^^^^^^^^^^^^^^^^^^^^^^^^^^^^^
    |   File "/home/u1/Desktop/devops_project/UniOps-SaaS-Product/backend/app/middleware/logging.py", line 13, in dispatch
    |     response = await call_next(request)
    |                ^^^^^^^^^^^^^^^^^^^^^^^^
    |   File "/home/u1/Desktop/devops_project/UniOps-SaaS-Product/backend/venv/lib/python3.12/site-packages/starlette/middleware/base.py", line 165, in call_next
    |     raise app_exc
    |   File "/home/u1/Desktop/devops_project/UniOps-SaaS-Product/backend/venv/lib/python3.12/site-packages/starlette/middleware/base.py", line 151, in coro
    |     await self.app(scope, receive_or_disconnect, send_no_error)
    |   File "/home/u1/Desktop/devops_project/UniOps-SaaS-Product/backend/venv/lib/python3.12/site-packages/starlette/middleware/cors.py", line 85, in __call__
    |     await self.app(scope, receive, send)
    |   File "/home/u1/Desktop/devops_project/UniOps-SaaS-Product/backend/venv/lib/python3.12/site-packages/prometheus_fastapi_instrumentator/middleware.py", line 169, in __call__
    |     raise exc
    |   File "/home/u1/Desktop/devops_project/UniOps-SaaS-Product/backend/venv/lib/python3.12/site-packages/prometheus_fastapi_instrumentator/middleware.py", line 167, in __call__
    |     await self.app(scope, receive, send_wrapper)
    |   File "/home/u1/Desktop/devops_project/UniOps-SaaS-Product/backend/venv/lib/python3.12/site-packages/starlette/middleware/exceptions.py", line 65, in __call__
    |     await wrap_app_handling_exceptions(self.app, conn)(scope, receive, send)
    |   File "/home/u1/Desktop/devops_project/UniOps-SaaS-Product/backend/venv/lib/python3.12/site-packages/starlette/_exception_handler.py", line 64, in wrapped_app
    |     raise exc
    |   File "/home/u1/Desktop/devops_project/UniOps-SaaS-Product/backend/venv/lib/python3.12/site-packages/starlette/_exception_handler.py", line 53, in wrapped_app
    |     await app(scope, receive, sender)
    |   File "/home/u1/Desktop/devops_project/UniOps-SaaS-Product/backend/venv/lib/python3.12/site-packages/starlette/routing.py", line 756, in __call__
    |     await self.middleware_stack(scope, receive, send)
    |   File "/home/u1/Desktop/devops_project/UniOps-SaaS-Product/backend/venv/lib/python3.12/site-packages/starlette/routing.py", line 776, in app
    |     await route.handle(scope, receive, send)
    |   File "/home/u1/Desktop/devops_project/UniOps-SaaS-Product/backend/venv/lib/python3.12/site-packages/starlette/routing.py", line 297, in handle
    |     await self.app(scope, receive, send)
    |   File "/home/u1/Desktop/devops_project/UniOps-SaaS-Product/backend/venv/lib/python3.12/site-packages/starlette/routing.py", line 77, in app
    |     await wrap_app_handling_exceptions(app, request)(scope, receive, send)
    |   File "/home/u1/Desktop/devops_project/UniOps-SaaS-Product/backend/venv/lib/python3.12/site-packages/starlette/_exception_handler.py", line 64, in wrapped_app
    |     raise exc
    |   File "/home/u1/Desktop/devops_project/UniOps-SaaS-Product/backend/venv/lib/python3.12/site-packages/starlette/_exception_handler.py", line 53, in wrapped_app
    |     await app(scope, receive, sender)
    |   File "/home/u1/Desktop/devops_project/UniOps-SaaS-Product/backend/venv/lib/python3.12/site-packages/starlette/routing.py", line 72, in app
    |     response = await func(request)
    |                ^^^^^^^^^^^^^^^^^^^
    |   File "/home/u1/Desktop/devops_project/UniOps-SaaS-Product/backend/venv/lib/python3.12/site-packages/fastapi/routing.py", line 269, in app
    |     solved_result = await solve_dependencies(
    |                     ^^^^^^^^^^^^^^^^^^^^^^^^^
    |   File "/home/u1/Desktop/devops_project/UniOps-SaaS-Product/backend/venv/lib/python3.12/site-packages/fastapi/dependencies/utils.py", line 572, in solve_dependencies
    |     solved_result = await solve_dependencies(
    |                     ^^^^^^^^^^^^^^^^^^^^^^^^^
    |   File "/home/u1/Desktop/devops_project/UniOps-SaaS-Product/backend/venv/lib/python3.12/site-packages/fastapi/dependencies/utils.py", line 600, in solve_dependencies
    |     solved = await call(**sub_values)
    |              ^^^^^^^^^^^^^^^^^^^^^^^^
    |   File "/home/u1/Desktop/devops_project/UniOps-SaaS-Product/backend/app/api/deps.py", line 39, in get_current_user
    |     raise UnauthorizedError(str(e))
    | app.core.exceptions.UnauthorizedError: Invalid or expired token: Signature verification failed.
    +------------------------------------

During handling of the above exception, another exception occurred:

Traceback (most recent call last):
  File "/home/u1/Desktop/devops_project/UniOps-SaaS-Product/backend/venv/lib/python3.12/site-packages/uvicorn/protocols/http/httptools_impl.py", line 411, in run_asgi
    result = await app(  # type: ignore[func-returns-value]
             ^^^^^^^^^^^^^^^^^^^^^^^^^^^^^^^^^^^^^^^^^^^^^^
  File "/home/u1/Desktop/devops_project/UniOps-SaaS-Product/backend/venv/lib/python3.12/site-packages/uvicorn/middleware/proxy_headers.py", line 69, in __call__
    return await self.app(scope, receive, send)
           ^^^^^^^^^^^^^^^^^^^^^^^^^^^^^^^^^^^^
  File "/home/u1/Desktop/devops_project/UniOps-SaaS-Product/backend/venv/lib/python3.12/site-packages/fastapi/applications.py", line 1054, in __call__
    await super().__call__(scope, receive, send)
  File "/home/u1/Desktop/devops_project/UniOps-SaaS-Product/backend/venv/lib/python3.12/site-packages/starlette/applications.py", line 123, in __call__
    await self.middleware_stack(scope, receive, send)
  File "/home/u1/Desktop/devops_project/UniOps-SaaS-Product/backend/venv/lib/python3.12/site-packages/starlette/middleware/errors.py", line 186, in __call__
    raise exc
  File "/home/u1/Desktop/devops_project/UniOps-SaaS-Product/backend/venv/lib/python3.12/site-packages/starlette/middleware/errors.py", line 164, in __call__
    await self.app(scope, receive, _send)
  File "/home/u1/Desktop/devops_project/UniOps-SaaS-Product/backend/venv/lib/python3.12/site-packages/starlette/middleware/base.py", line 189, in __call__
    with collapse_excgroups():
  File "/usr/lib/python3.12/contextlib.py", line 158, in __exit__
    self.gen.throw(value)
  File "/home/u1/Desktop/devops_project/UniOps-SaaS-Product/backend/venv/lib/python3.12/site-packages/starlette/_utils.py", line 93, in collapse_excgroups
    raise exc
  File "/home/u1/Desktop/devops_project/UniOps-SaaS-Product/backend/venv/lib/python3.12/site-packages/starlette/middleware/base.py", line 191, in __call__
    response = await self.dispatch_func(request, call_next)
               ^^^^^^^^^^^^^^^^^^^^^^^^^^^^^^^^^^^^^^^^^^^^
  File "/home/u1/Desktop/devops_project/UniOps-SaaS-Product/backend/app/middleware/audit.py", line 20, in dispatch
    response = await call_next(request)
               ^^^^^^^^^^^^^^^^^^^^^^^^
  File "/home/u1/Desktop/devops_project/UniOps-SaaS-Product/backend/venv/lib/python3.12/site-packages/starlette/middleware/base.py", line 165, in call_next
    raise app_exc
  File "/home/u1/Desktop/devops_project/UniOps-SaaS-Product/backend/venv/lib/python3.12/site-packages/starlette/middleware/base.py", line 151, in coro
    await self.app(scope, receive_or_disconnect, send_no_error)
  File "/home/u1/Desktop/devops_project/UniOps-SaaS-Product/backend/venv/lib/python3.12/site-packages/starlette/middleware/base.py", line 189, in __call__
    with collapse_excgroups():
  File "/usr/lib/python3.12/contextlib.py", line 158, in __exit__
    self.gen.throw(value)
  File "/home/u1/Desktop/devops_project/UniOps-SaaS-Product/backend/venv/lib/python3.12/site-packages/starlette/_utils.py", line 93, in collapse_excgroups
    raise exc
  File "/home/u1/Desktop/devops_project/UniOps-SaaS-Product/backend/venv/lib/python3.12/site-packages/starlette/middleware/base.py", line 191, in __call__
    response = await self.dispatch_func(request, call_next)
               ^^^^^^^^^^^^^^^^^^^^^^^^^^^^^^^^^^^^^^^^^^^^
  File "/home/u1/Desktop/devops_project/UniOps-SaaS-Product/backend/app/middleware/logging.py", line 13, in dispatch
    response = await call_next(request)
               ^^^^^^^^^^^^^^^^^^^^^^^^
  File "/home/u1/Desktop/devops_project/UniOps-SaaS-Product/backend/venv/lib/python3.12/site-packages/starlette/middleware/base.py", line 165, in call_next
    raise app_exc
  File "/home/u1/Desktop/devops_project/UniOps-SaaS-Product/backend/venv/lib/python3.12/site-packages/starlette/middleware/base.py", line 151, in coro
    await self.app(scope, receive_or_disconnect, send_no_error)
  File "/home/u1/Desktop/devops_project/UniOps-SaaS-Product/backend/venv/lib/python3.12/site-packages/starlette/middleware/cors.py", line 85, in __call__
    await self.app(scope, receive, send)
  File "/home/u1/Desktop/devops_project/UniOps-SaaS-Product/backend/venv/lib/python3.12/site-packages/prometheus_fastapi_instrumentator/middleware.py", line 169, in __call__
    raise exc
  File "/home/u1/Desktop/devops_project/UniOps-SaaS-Product/backend/venv/lib/python3.12/site-packages/prometheus_fastapi_instrumentator/middleware.py", line 167, in __call__
    await self.app(scope, receive, send_wrapper)
  File "/home/u1/Desktop/devops_project/UniOps-SaaS-Product/backend/venv/lib/python3.12/site-packages/starlette/middleware/exceptions.py", line 65, in __call__
    await wrap_app_handling_exceptions(self.app, conn)(scope, receive, send)
  File "/home/u1/Desktop/devops_project/UniOps-SaaS-Product/backend/venv/lib/python3.12/site-packages/starlette/_exception_handler.py", line 64, in wrapped_app
    raise exc
  File "/home/u1/Desktop/devops_project/UniOps-SaaS-Product/backend/venv/lib/python3.12/site-packages/starlette/_exception_handler.py", line 53, in wrapped_app
    await app(scope, receive, sender)
  File "/home/u1/Desktop/devops_project/UniOps-SaaS-Product/backend/venv/lib/python3.12/site-packages/starlette/routing.py", line 756, in __call__
    await self.middleware_stack(scope, receive, send)
  File "/home/u1/Desktop/devops_project/UniOps-SaaS-Product/backend/venv/lib/python3.12/site-packages/starlette/routing.py", line 776, in app
    await route.handle(scope, receive, send)
  File "/home/u1/Desktop/devops_project/UniOps-SaaS-Product/backend/venv/lib/python3.12/site-packages/starlette/routing.py", line 297, in handle
    await self.app(scope, receive, send)
  File "/home/u1/Desktop/devops_project/UniOps-SaaS-Product/backend/venv/lib/python3.12/site-packages/starlette/routing.py", line 77, in app
    await wrap_app_handling_exceptions(app, request)(scope, receive, send)
  File "/home/u1/Desktop/devops_project/UniOps-SaaS-Product/backend/venv/lib/python3.12/site-packages/starlette/_exception_handler.py", line 64, in wrapped_app
    raise exc
  File "/home/u1/Desktop/devops_project/UniOps-SaaS-Product/backend/venv/lib/python3.12/site-packages/starlette/_exception_handler.py", line 53, in wrapped_app
    await app(scope, receive, sender)
  File "/home/u1/Desktop/devops_project/UniOps-SaaS-Product/backend/venv/lib/python3.12/site-packages/starlette/routing.py", line 72, in app
    response = await func(request)
               ^^^^^^^^^^^^^^^^^^^
  File "/home/u1/Desktop/devops_project/UniOps-SaaS-Product/backend/venv/lib/python3.12/site-packages/fastapi/routing.py", line 269, in app
    solved_result = await solve_dependencies(
                    ^^^^^^^^^^^^^^^^^^^^^^^^^
  File "/home/u1/Desktop/devops_project/UniOps-SaaS-Product/backend/venv/lib/python3.12/site-packages/fastapi/dependencies/utils.py", line 572, in solve_dependencies
    solved_result = await solve_dependencies(
                    ^^^^^^^^^^^^^^^^^^^^^^^^^
  File "/home/u1/Desktop/devops_project/UniOps-SaaS-Product/backend/venv/lib/python3.12/site-packages/fastapi/dependencies/utils.py", line 600, in solve_dependencies
    solved = await call(**sub_values)
             ^^^^^^^^^^^^^^^^^^^^^^^^
  File "/home/u1/Desktop/devops_project/UniOps-SaaS-Product/backend/app/api/deps.py", line 39, in get_current_user
    raise UnauthorizedError(str(e))
app.core.exceptions.UnauthorizedError: Invalid or expired token: Signature verification failed.
[32m2026-06-16 18:23:30[0m | [31m[1mERROR   [0m | [36mapp.middleware.logging[0m:[36m23[0m - [31m[1m[c15d6375] GET /api/v1/alerts → ERR (1.01ms): Invalid or expired token: Signature verification failed.[0m
INFO:     127.0.0.1:34664 - "GET /api/v1/alerts?page_size=10 HTTP/1.1" 401 Unauthorized
ERROR:    Exception in ASGI application
  + Exception Group Traceback (most recent call last):
  |   File "/home/u1/Desktop/devops_project/UniOps-SaaS-Product/backend/venv/lib/python3.12/site-packages/starlette/_utils.py", line 87, in collapse_excgroups
  |     yield
  |   File "/home/u1/Desktop/devops_project/UniOps-SaaS-Product/backend/venv/lib/python3.12/site-packages/starlette/middleware/base.py", line 190, in __call__
  |     async with anyio.create_task_group() as task_group:
  |   File "/home/u1/Desktop/devops_project/UniOps-SaaS-Product/backend/venv/lib/python3.12/site-packages/anyio/_backends/_asyncio.py", line 811, in __aexit__
  |     raise BaseExceptionGroup(
  | ExceptionGroup: unhandled errors in a TaskGroup (1 sub-exception)
  +-+---------------- 1 ----------------
    | Traceback (most recent call last):
    |   File "/home/u1/Desktop/devops_project/UniOps-SaaS-Product/backend/venv/lib/python3.12/site-packages/uvicorn/protocols/http/httptools_impl.py", line 411, in run_asgi
    |     result = await app(  # type: ignore[func-returns-value]
    |              ^^^^^^^^^^^^^^^^^^^^^^^^^^^^^^^^^^^^^^^^^^^^^^
    |   File "/home/u1/Desktop/devops_project/UniOps-SaaS-Product/backend/venv/lib/python3.12/site-packages/uvicorn/middleware/proxy_headers.py", line 69, in __call__
    |     return await self.app(scope, receive, send)
    |            ^^^^^^^^^^^^^^^^^^^^^^^^^^^^^^^^^^^^
    |   File "/home/u1/Desktop/devops_project/UniOps-SaaS-Product/backend/venv/lib/python3.12/site-packages/fastapi/applications.py", line 1054, in __call__
    |     await super().__call__(scope, receive, send)
    |   File "/home/u1/Desktop/devops_project/UniOps-SaaS-Product/backend/venv/lib/python3.12/site-packages/starlette/applications.py", line 123, in __call__
    |     await self.middleware_stack(scope, receive, send)
    |   File "/home/u1/Desktop/devops_project/UniOps-SaaS-Product/backend/venv/lib/python3.12/site-packages/starlette/middleware/errors.py", line 186, in __call__
    |     raise exc
    |   File "/home/u1/Desktop/devops_project/UniOps-SaaS-Product/backend/venv/lib/python3.12/site-packages/starlette/middleware/errors.py", line 164, in __call__
    |     await self.app(scope, receive, _send)
    |   File "/home/u1/Desktop/devops_project/UniOps-SaaS-Product/backend/venv/lib/python3.12/site-packages/starlette/middleware/base.py", line 189, in __call__
    |     with collapse_excgroups():
    |   File "/usr/lib/python3.12/contextlib.py", line 158, in __exit__
    |     self.gen.throw(value)
    |   File "/home/u1/Desktop/devops_project/UniOps-SaaS-Product/backend/venv/lib/python3.12/site-packages/starlette/_utils.py", line 93, in collapse_excgroups
    |     raise exc
    |   File "/home/u1/Desktop/devops_project/UniOps-SaaS-Product/backend/venv/lib/python3.12/site-packages/starlette/middleware/base.py", line 191, in __call__
    |     response = await self.dispatch_func(request, call_next)
    |                ^^^^^^^^^^^^^^^^^^^^^^^^^^^^^^^^^^^^^^^^^^^^
    |   File "/home/u1/Desktop/devops_project/UniOps-SaaS-Product/backend/app/middleware/audit.py", line 20, in dispatch
    |     response = await call_next(request)
    |                ^^^^^^^^^^^^^^^^^^^^^^^^
    |   File "/home/u1/Desktop/devops_project/UniOps-SaaS-Product/backend/venv/lib/python3.12/site-packages/starlette/middleware/base.py", line 165, in call_next
    |     raise app_exc
    |   File "/home/u1/Desktop/devops_project/UniOps-SaaS-Product/backend/venv/lib/python3.12/site-packages/starlette/middleware/base.py", line 151, in coro
    |     await self.app(scope, receive_or_disconnect, send_no_error)
    |   File "/home/u1/Desktop/devops_project/UniOps-SaaS-Product/backend/venv/lib/python3.12/site-packages/starlette/middleware/base.py", line 189, in __call__
    |     with collapse_excgroups():
    |   File "/usr/lib/python3.12/contextlib.py", line 158, in __exit__
    |     self.gen.throw(value)
    |   File "/home/u1/Desktop/devops_project/UniOps-SaaS-Product/backend/venv/lib/python3.12/site-packages/starlette/_utils.py", line 93, in collapse_excgroups
    |     raise exc
    |   File "/home/u1/Desktop/devops_project/UniOps-SaaS-Product/backend/venv/lib/python3.12/site-packages/starlette/middleware/base.py", line 191, in __call__
    |     response = await self.dispatch_func(request, call_next)
    |                ^^^^^^^^^^^^^^^^^^^^^^^^^^^^^^^^^^^^^^^^^^^^
    |   File "/home/u1/Desktop/devops_project/UniOps-SaaS-Product/backend/app/middleware/logging.py", line 13, in dispatch
    |     response = await call_next(request)
    |                ^^^^^^^^^^^^^^^^^^^^^^^^
    |   File "/home/u1/Desktop/devops_project/UniOps-SaaS-Product/backend/venv/lib/python3.12/site-packages/starlette/middleware/base.py", line 165, in call_next
    |     raise app_exc
    |   File "/home/u1/Desktop/devops_project/UniOps-SaaS-Product/backend/venv/lib/python3.12/site-packages/starlette/middleware/base.py", line 151, in coro
    |     await self.app(scope, receive_or_disconnect, send_no_error)
    |   File "/home/u1/Desktop/devops_project/UniOps-SaaS-Product/backend/venv/lib/python3.12/site-packages/starlette/middleware/cors.py", line 85, in __call__
    |     await self.app(scope, receive, send)
    |   File "/home/u1/Desktop/devops_project/UniOps-SaaS-Product/backend/venv/lib/python3.12/site-packages/prometheus_fastapi_instrumentator/middleware.py", line 169, in __call__
    |     raise exc
    |   File "/home/u1/Desktop/devops_project/UniOps-SaaS-Product/backend/venv/lib/python3.12/site-packages/prometheus_fastapi_instrumentator/middleware.py", line 167, in __call__
    |     await self.app(scope, receive, send_wrapper)
    |   File "/home/u1/Desktop/devops_project/UniOps-SaaS-Product/backend/venv/lib/python3.12/site-packages/starlette/middleware/exceptions.py", line 65, in __call__
    |     await wrap_app_handling_exceptions(self.app, conn)(scope, receive, send)
    |   File "/home/u1/Desktop/devops_project/UniOps-SaaS-Product/backend/venv/lib/python3.12/site-packages/starlette/_exception_handler.py", line 64, in wrapped_app
    |     raise exc
    |   File "/home/u1/Desktop/devops_project/UniOps-SaaS-Product/backend/venv/lib/python3.12/site-packages/starlette/_exception_handler.py", line 53, in wrapped_app
    |     await app(scope, receive, sender)
    |   File "/home/u1/Desktop/devops_project/UniOps-SaaS-Product/backend/venv/lib/python3.12/site-packages/starlette/routing.py", line 756, in __call__
    |     await self.middleware_stack(scope, receive, send)
    |   File "/home/u1/Desktop/devops_project/UniOps-SaaS-Product/backend/venv/lib/python3.12/site-packages/starlette/routing.py", line 776, in app
    |     await route.handle(scope, receive, send)
    |   File "/home/u1/Desktop/devops_project/UniOps-SaaS-Product/backend/venv/lib/python3.12/site-packages/starlette/routing.py", line 297, in handle
    |     await self.app(scope, receive, send)
    |   File "/home/u1/Desktop/devops_project/UniOps-SaaS-Product/backend/venv/lib/python3.12/site-packages/starlette/routing.py", line 77, in app
    |     await wrap_app_handling_exceptions(app, request)(scope, receive, send)
    |   File "/home/u1/Desktop/devops_project/UniOps-SaaS-Product/backend/venv/lib/python3.12/site-packages/starlette/_exception_handler.py", line 64, in wrapped_app
    |     raise exc
    |   File "/home/u1/Desktop/devops_project/UniOps-SaaS-Product/backend/venv/lib/python3.12/site-packages/starlette/_exception_handler.py", line 53, in wrapped_app
    |     await app(scope, receive, sender)
    |   File "/home/u1/Desktop/devops_project/UniOps-SaaS-Product/backend/venv/lib/python3.12/site-packages/starlette/routing.py", line 72, in app
    |     response = await func(request)
    |                ^^^^^^^^^^^^^^^^^^^
    |   File "/home/u1/Desktop/devops_project/UniOps-SaaS-Product/backend/venv/lib/python3.12/site-packages/fastapi/routing.py", line 269, in app
    |     solved_result = await solve_dependencies(
    |                     ^^^^^^^^^^^^^^^^^^^^^^^^^
    |   File "/home/u1/Desktop/devops_project/UniOps-SaaS-Product/backend/venv/lib/python3.12/site-packages/fastapi/dependencies/utils.py", line 572, in solve_dependencies
    |     solved_result = await solve_dependencies(
    |                     ^^^^^^^^^^^^^^^^^^^^^^^^^
    |   File "/home/u1/Desktop/devops_project/UniOps-SaaS-Product/backend/venv/lib/python3.12/site-packages/fastapi/dependencies/utils.py", line 600, in solve_dependencies
    |     solved = await call(**sub_values)
    |              ^^^^^^^^^^^^^^^^^^^^^^^^
    |   File "/home/u1/Desktop/devops_project/UniOps-SaaS-Product/backend/app/api/deps.py", line 39, in get_current_user
    |     raise UnauthorizedError(str(e))
    | app.core.exceptions.UnauthorizedError: Invalid or expired token: Signature verification failed.
    +------------------------------------

During handling of the above exception, another exception occurred:

Traceback (most recent call last):
  File "/home/u1/Desktop/devops_project/UniOps-SaaS-Product/backend/venv/lib/python3.12/site-packages/uvicorn/protocols/http/httptools_impl.py", line 411, in run_asgi
    result = await app(  # type: ignore[func-returns-value]
             ^^^^^^^^^^^^^^^^^^^^^^^^^^^^^^^^^^^^^^^^^^^^^^
  File "/home/u1/Desktop/devops_project/UniOps-SaaS-Product/backend/venv/lib/python3.12/site-packages/uvicorn/middleware/proxy_headers.py", line 69, in __call__
    return await self.app(scope, receive, send)
           ^^^^^^^^^^^^^^^^^^^^^^^^^^^^^^^^^^^^
  File "/home/u1/Desktop/devops_project/UniOps-SaaS-Product/backend/venv/lib/python3.12/site-packages/fastapi/applications.py", line 1054, in __call__
    await super().__call__(scope, receive, send)
  File "/home/u1/Desktop/devops_project/UniOps-SaaS-Product/backend/venv/lib/python3.12/site-packages/starlette/applications.py", line 123, in __call__
    await self.middleware_stack(scope, receive, send)
  File "/home/u1/Desktop/devops_project/UniOps-SaaS-Product/backend/venv/lib/python3.12/site-packages/starlette/middleware/errors.py", line 186, in __call__
    raise exc
  File "/home/u1/Desktop/devops_project/UniOps-SaaS-Product/backend/venv/lib/python3.12/site-packages/starlette/middleware/errors.py", line 164, in __call__
    await self.app(scope, receive, _send)
  File "/home/u1/Desktop/devops_project/UniOps-SaaS-Product/backend/venv/lib/python3.12/site-packages/starlette/middleware/base.py", line 189, in __call__
    with collapse_excgroups():
  File "/usr/lib/python3.12/contextlib.py", line 158, in __exit__
    self.gen.throw(value)
  File "/home/u1/Desktop/devops_project/UniOps-SaaS-Product/backend/venv/lib/python3.12/site-packages/starlette/_utils.py", line 93, in collapse_excgroups
    raise exc
  File "/home/u1/Desktop/devops_project/UniOps-SaaS-Product/backend/venv/lib/python3.12/site-packages/starlette/middleware/base.py", line 191, in __call__
    response = await self.dispatch_func(request, call_next)
               ^^^^^^^^^^^^^^^^^^^^^^^^^^^^^^^^^^^^^^^^^^^^
  File "/home/u1/Desktop/devops_project/UniOps-SaaS-Product/backend/app/middleware/audit.py", line 20, in dispatch
    response = await call_next(request)
               ^^^^^^^^^^^^^^^^^^^^^^^^
  File "/home/u1/Desktop/devops_project/UniOps-SaaS-Product/backend/venv/lib/python3.12/site-packages/starlette/middleware/base.py", line 165, in call_next
    raise app_exc
  File "/home/u1/Desktop/devops_project/UniOps-SaaS-Product/backend/venv/lib/python3.12/site-packages/starlette/middleware/base.py", line 151, in coro
    await self.app(scope, receive_or_disconnect, send_no_error)
  File "/home/u1/Desktop/devops_project/UniOps-SaaS-Product/backend/venv/lib/python3.12/site-packages/starlette/middleware/base.py", line 189, in __call__
    with collapse_excgroups():
  File "/usr/lib/python3.12/contextlib.py", line 158, in __exit__
    self.gen.throw(value)
  File "/home/u1/Desktop/devops_project/UniOps-SaaS-Product/backend/venv/lib/python3.12/site-packages/starlette/_utils.py", line 93, in collapse_excgroups
    raise exc
  File "/home/u1/Desktop/devops_project/UniOps-SaaS-Product/backend/venv/lib/python3.12/site-packages/starlette/middleware/base.py", line 191, in __call__
    response = await self.dispatch_func(request, call_next)
               ^^^^^^^^^^^^^^^^^^^^^^^^^^^^^^^^^^^^^^^^^^^^
  File "/home/u1/Desktop/devops_project/UniOps-SaaS-Product/backend/app/middleware/logging.py", line 13, in dispatch
    response = await call_next(request)
               ^^^^^^^^^^^^^^^^^^^^^^^^
  File "/home/u1/Desktop/devops_project/UniOps-SaaS-Product/backend/venv/lib/python3.12/site-packages/starlette/middleware/base.py", line 165, in call_next
    raise app_exc
  File "/home/u1/Desktop/devops_project/UniOps-SaaS-Product/backend/venv/lib/python3.12/site-packages/starlette/middleware/base.py", line 151, in coro
    await self.app(scope, receive_or_disconnect, send_no_error)
  File "/home/u1/Desktop/devops_project/UniOps-SaaS-Product/backend/venv/lib/python3.12/site-packages/starlette/middleware/cors.py", line 85, in __call__
    await self.app(scope, receive, send)
  File "/home/u1/Desktop/devops_project/UniOps-SaaS-Product/backend/venv/lib/python3.12/site-packages/prometheus_fastapi_instrumentator/middleware.py", line 169, in __call__
    raise exc
  File "/home/u1/Desktop/devops_project/UniOps-SaaS-Product/backend/venv/lib/python3.12/site-packages/prometheus_fastapi_instrumentator/middleware.py", line 167, in __call__
    await self.app(scope, receive, send_wrapper)
  File "/home/u1/Desktop/devops_project/UniOps-SaaS-Product/backend/venv/lib/python3.12/site-packages/starlette/middleware/exceptions.py", line 65, in __call__
    await wrap_app_handling_exceptions(self.app, conn)(scope, receive, send)
  File "/home/u1/Desktop/devops_project/UniOps-SaaS-Product/backend/venv/lib/python3.12/site-packages/starlette/_exception_handler.py", line 64, in wrapped_app
    raise exc
  File "/home/u1/Desktop/devops_project/UniOps-SaaS-Product/backend/venv/lib/python3.12/site-packages/starlette/_exception_handler.py", line 53, in wrapped_app
    await app(scope, receive, sender)
  File "/home/u1/Desktop/devops_project/UniOps-SaaS-Product/backend/venv/lib/python3.12/site-packages/starlette/routing.py", line 756, in __call__
    await self.middleware_stack(scope, receive, send)
  File "/home/u1/Desktop/devops_project/UniOps-SaaS-Product/backend/venv/lib/python3.12/site-packages/starlette/routing.py", line 776, in app
    await route.handle(scope, receive, send)
  File "/home/u1/Desktop/devops_project/UniOps-SaaS-Product/backend/venv/lib/python3.12/site-packages/starlette/routing.py", line 297, in handle
    await self.app(scope, receive, send)
  File "/home/u1/Desktop/devops_project/UniOps-SaaS-Product/backend/venv/lib/python3.12/site-packages/starlette/routing.py", line 77, in app
    await wrap_app_handling_exceptions(app, request)(scope, receive, send)
  File "/home/u1/Desktop/devops_project/UniOps-SaaS-Product/backend/venv/lib/python3.12/site-packages/starlette/_exception_handler.py", line 64, in wrapped_app
    raise exc
  File "/home/u1/Desktop/devops_project/UniOps-SaaS-Product/backend/venv/lib/python3.12/site-packages/starlette/_exception_handler.py", line 53, in wrapped_app
    await app(scope, receive, sender)
  File "/home/u1/Desktop/devops_project/UniOps-SaaS-Product/backend/venv/lib/python3.12/site-packages/starlette/routing.py", line 72, in app
    response = await func(request)
               ^^^^^^^^^^^^^^^^^^^
  File "/home/u1/Desktop/devops_project/UniOps-SaaS-Product/backend/venv/lib/python3.12/site-packages/fastapi/routing.py", line 269, in app
    solved_result = await solve_dependencies(
                    ^^^^^^^^^^^^^^^^^^^^^^^^^
  File "/home/u1/Desktop/devops_project/UniOps-SaaS-Product/backend/venv/lib/python3.12/site-packages/fastapi/dependencies/utils.py", line 572, in solve_dependencies
    solved_result = await solve_dependencies(
                    ^^^^^^^^^^^^^^^^^^^^^^^^^
  File "/home/u1/Desktop/devops_project/UniOps-SaaS-Product/backend/venv/lib/python3.12/site-packages/fastapi/dependencies/utils.py", line 600, in solve_dependencies
    solved = await call(**sub_values)
             ^^^^^^^^^^^^^^^^^^^^^^^^
  File "/home/u1/Desktop/devops_project/UniOps-SaaS-Product/backend/app/api/deps.py", line 39, in get_current_user
    raise UnauthorizedError(str(e))
app.core.exceptions.UnauthorizedError: Invalid or expired token: Signature verification failed.
[32m2026-06-16 18:23:30[0m | [33m[1mWARNING [0m | [36mapp.services.auth_service[0m:[36m39[0m - [33m[1mRedis get failed, using memory fallback: Error 111 connecting to localhost:6379. 111.[0m
[32m2026-06-16 18:23:30[0m | [31m[1mERROR   [0m | [36mapp.middleware.logging[0m:[36m23[0m - [31m[1m[a01f7625] POST /api/v1/auth/refresh → ERR (2.54ms): Invalid or expired refresh token[0m
INFO:     127.0.0.1:34674 - "POST /api/v1/auth/refresh HTTP/1.1" 401 Unauthorized
ERROR:    Exception in ASGI application
  + Exception Group Traceback (most recent call last):
  |   File "/home/u1/Desktop/devops_project/UniOps-SaaS-Product/backend/venv/lib/python3.12/site-packages/starlette/_utils.py", line 87, in collapse_excgroups
  |     yield
  |   File "/home/u1/Desktop/devops_project/UniOps-SaaS-Product/backend/venv/lib/python3.12/site-packages/starlette/middleware/base.py", line 190, in __call__
  |     async with anyio.create_task_group() as task_group:
  |   File "/home/u1/Desktop/devops_project/UniOps-SaaS-Product/backend/venv/lib/python3.12/site-packages/anyio/_backends/_asyncio.py", line 811, in __aexit__
  |     raise BaseExceptionGroup(
  | ExceptionGroup: unhandled errors in a TaskGroup (1 sub-exception)
  +-+---------------- 1 ----------------
    | Traceback (most recent call last):
    |   File "/home/u1/Desktop/devops_project/UniOps-SaaS-Product/backend/venv/lib/python3.12/site-packages/uvicorn/protocols/http/httptools_impl.py", line 411, in run_asgi
    |     result = await app(  # type: ignore[func-returns-value]
    |              ^^^^^^^^^^^^^^^^^^^^^^^^^^^^^^^^^^^^^^^^^^^^^^
    |   File "/home/u1/Desktop/devops_project/UniOps-SaaS-Product/backend/venv/lib/python3.12/site-packages/uvicorn/middleware/proxy_headers.py", line 69, in __call__
    |     return await self.app(scope, receive, send)
    |            ^^^^^^^^^^^^^^^^^^^^^^^^^^^^^^^^^^^^
    |   File "/home/u1/Desktop/devops_project/UniOps-SaaS-Product/backend/venv/lib/python3.12/site-packages/fastapi/applications.py", line 1054, in __call__
    |     await super().__call__(scope, receive, send)
    |   File "/home/u1/Desktop/devops_project/UniOps-SaaS-Product/backend/venv/lib/python3.12/site-packages/starlette/applications.py", line 123, in __call__
    |     await self.middleware_stack(scope, receive, send)
    |   File "/home/u1/Desktop/devops_project/UniOps-SaaS-Product/backend/venv/lib/python3.12/site-packages/starlette/middleware/errors.py", line 186, in __call__
    |     raise exc
    |   File "/home/u1/Desktop/devops_project/UniOps-SaaS-Product/backend/venv/lib/python3.12/site-packages/starlette/middleware/errors.py", line 164, in __call__
    |     await self.app(scope, receive, _send)
    |   File "/home/u1/Desktop/devops_project/UniOps-SaaS-Product/backend/venv/lib/python3.12/site-packages/starlette/middleware/base.py", line 189, in __call__
    |     with collapse_excgroups():
    |   File "/usr/lib/python3.12/contextlib.py", line 158, in __exit__
    |     self.gen.throw(value)
    |   File "/home/u1/Desktop/devops_project/UniOps-SaaS-Product/backend/venv/lib/python3.12/site-packages/starlette/_utils.py", line 93, in collapse_excgroups
    |     raise exc
    |   File "/home/u1/Desktop/devops_project/UniOps-SaaS-Product/backend/venv/lib/python3.12/site-packages/starlette/middleware/base.py", line 191, in __call__
    |     response = await self.dispatch_func(request, call_next)
    |                ^^^^^^^^^^^^^^^^^^^^^^^^^^^^^^^^^^^^^^^^^^^^
    |   File "/home/u1/Desktop/devops_project/UniOps-SaaS-Product/backend/app/middleware/audit.py", line 20, in dispatch
    |     response = await call_next(request)
    |                ^^^^^^^^^^^^^^^^^^^^^^^^
    |   File "/home/u1/Desktop/devops_project/UniOps-SaaS-Product/backend/venv/lib/python3.12/site-packages/starlette/middleware/base.py", line 165, in call_next
    |     raise app_exc
    |   File "/home/u1/Desktop/devops_project/UniOps-SaaS-Product/backend/venv/lib/python3.12/site-packages/starlette/middleware/base.py", line 151, in coro
    |     await self.app(scope, receive_or_disconnect, send_no_error)
    |   File "/home/u1/Desktop/devops_project/UniOps-SaaS-Product/backend/venv/lib/python3.12/site-packages/starlette/middleware/base.py", line 189, in __call__
    |     with collapse_excgroups():
    |   File "/usr/lib/python3.12/contextlib.py", line 158, in __exit__
    |     self.gen.throw(value)
    |   File "/home/u1/Desktop/devops_project/UniOps-SaaS-Product/backend/venv/lib/python3.12/site-packages/starlette/_utils.py", line 93, in collapse_excgroups
    |     raise exc
    |   File "/home/u1/Desktop/devops_project/UniOps-SaaS-Product/backend/venv/lib/python3.12/site-packages/starlette/middleware/base.py", line 191, in __call__
    |     response = await self.dispatch_func(request, call_next)
    |                ^^^^^^^^^^^^^^^^^^^^^^^^^^^^^^^^^^^^^^^^^^^^
    |   File "/home/u1/Desktop/devops_project/UniOps-SaaS-Product/backend/app/middleware/logging.py", line 13, in dispatch
    |     response = await call_next(request)
    |                ^^^^^^^^^^^^^^^^^^^^^^^^
    |   File "/home/u1/Desktop/devops_project/UniOps-SaaS-Product/backend/venv/lib/python3.12/site-packages/starlette/middleware/base.py", line 165, in call_next
    |     raise app_exc
    |   File "/home/u1/Desktop/devops_project/UniOps-SaaS-Product/backend/venv/lib/python3.12/site-packages/starlette/middleware/base.py", line 151, in coro
    |     await self.app(scope, receive_or_disconnect, send_no_error)
    |   File "/home/u1/Desktop/devops_project/UniOps-SaaS-Product/backend/venv/lib/python3.12/site-packages/starlette/middleware/cors.py", line 93, in __call__
    |     await self.simple_response(scope, receive, send, request_headers=headers)
    |   File "/home/u1/Desktop/devops_project/UniOps-SaaS-Product/backend/venv/lib/python3.12/site-packages/starlette/middleware/cors.py", line 148, in simple_response
    |     await self.app(scope, receive, send)
    |   File "/home/u1/Desktop/devops_project/UniOps-SaaS-Product/backend/venv/lib/python3.12/site-packages/prometheus_fastapi_instrumentator/middleware.py", line 169, in __call__
    |     raise exc
    |   File "/home/u1/Desktop/devops_project/UniOps-SaaS-Product/backend/venv/lib/python3.12/site-packages/prometheus_fastapi_instrumentator/middleware.py", line 167, in __call__
    |     await self.app(scope, receive, send_wrapper)
    |   File "/home/u1/Desktop/devops_project/UniOps-SaaS-Product/backend/venv/lib/python3.12/site-packages/starlette/middleware/exceptions.py", line 65, in __call__
    |     await wrap_app_handling_exceptions(self.app, conn)(scope, receive, send)
    |   File "/home/u1/Desktop/devops_project/UniOps-SaaS-Product/backend/venv/lib/python3.12/site-packages/starlette/_exception_handler.py", line 64, in wrapped_app
    |     raise exc
    |   File "/home/u1/Desktop/devops_project/UniOps-SaaS-Product/backend/venv/lib/python3.12/site-packages/starlette/_exception_handler.py", line 53, in wrapped_app
    |     await app(scope, receive, sender)
    |   File "/home/u1/Desktop/devops_project/UniOps-SaaS-Product/backend/venv/lib/python3.12/site-packages/starlette/routing.py", line 756, in __call__
    |     await self.middleware_stack(scope, receive, send)
    |   File "/home/u1/Desktop/devops_project/UniOps-SaaS-Product/backend/venv/lib/python3.12/site-packages/starlette/routing.py", line 776, in app
    |     await route.handle(scope, receive, send)
    |   File "/home/u1/Desktop/devops_project/UniOps-SaaS-Product/backend/venv/lib/python3.12/site-packages/starlette/routing.py", line 297, in handle
    |     await self.app(scope, receive, send)
    |   File "/home/u1/Desktop/devops_project/UniOps-SaaS-Product/backend/venv/lib/python3.12/site-packages/starlette/routing.py", line 77, in app
    |     await wrap_app_handling_exceptions(app, request)(scope, receive, send)
    |   File "/home/u1/Desktop/devops_project/UniOps-SaaS-Product/backend/venv/lib/python3.12/site-packages/starlette/_exception_handler.py", line 64, in wrapped_app
    |     raise exc
    |   File "/home/u1/Desktop/devops_project/UniOps-SaaS-Product/backend/venv/lib/python3.12/site-packages/starlette/_exception_handler.py", line 53, in wrapped_app
    |     await app(scope, receive, sender)
    |   File "/home/u1/Desktop/devops_project/UniOps-SaaS-Product/backend/venv/lib/python3.12/site-packages/starlette/routing.py", line 72, in app
    |     response = await func(request)
    |                ^^^^^^^^^^^^^^^^^^^
    |   File "/home/u1/Desktop/devops_project/UniOps-SaaS-Product/backend/venv/lib/python3.12/site-packages/fastapi/routing.py", line 278, in app
    |     raw_response = await run_endpoint_function(
    |                    ^^^^^^^^^^^^^^^^^^^^^^^^^^^^
    |   File "/home/u1/Desktop/devops_project/UniOps-SaaS-Product/backend/venv/lib/python3.12/site-packages/fastapi/routing.py", line 191, in run_endpoint_function
    |     return await dependant.call(**values)
    |            ^^^^^^^^^^^^^^^^^^^^^^^^^^^^^^
    |   File "/home/u1/Desktop/devops_project/UniOps-SaaS-Product/backend/app/api/v1/endpoints/auth.py", line 35, in refresh_token
    |     tokens = await service.refresh(data.refresh_token)
    |              ^^^^^^^^^^^^^^^^^^^^^^^^^^^^^^^^^^^^^^^^^
    |   File "/home/u1/Desktop/devops_project/UniOps-SaaS-Product/backend/app/services/auth_service.py", line 148, in refresh
    |     raise UnauthorizedError("Invalid or expired refresh token")
    | app.core.exceptions.UnauthorizedError: Invalid or expired refresh token
    +------------------------------------

During handling of the above exception, another exception occurred:

Traceback (most recent call last):
  File "/home/u1/Desktop/devops_project/UniOps-SaaS-Product/backend/venv/lib/python3.12/site-packages/uvicorn/protocols/http/httptools_impl.py", line 411, in run_asgi
    result = await app(  # type: ignore[func-returns-value]
             ^^^^^^^^^^^^^^^^^^^^^^^^^^^^^^^^^^^^^^^^^^^^^^
  File "/home/u1/Desktop/devops_project/UniOps-SaaS-Product/backend/venv/lib/python3.12/site-packages/uvicorn/middleware/proxy_headers.py", line 69, in __call__
    return await self.app(scope, receive, send)
           ^^^^^^^^^^^^^^^^^^^^^^^^^^^^^^^^^^^^
  File "/home/u1/Desktop/devops_project/UniOps-SaaS-Product/backend/venv/lib/python3.12/site-packages/fastapi/applications.py", line 1054, in __call__
    await super().__call__(scope, receive, send)
  File "/home/u1/Desktop/devops_project/UniOps-SaaS-Product/backend/venv/lib/python3.12/site-packages/starlette/applications.py", line 123, in __call__
    await self.middleware_stack(scope, receive, send)
  File "/home/u1/Desktop/devops_project/UniOps-SaaS-Product/backend/venv/lib/python3.12/site-packages/starlette/middleware/errors.py", line 186, in __call__
    raise exc
  File "/home/u1/Desktop/devops_project/UniOps-SaaS-Product/backend/venv/lib/python3.12/site-packages/starlette/middleware/errors.py", line 164, in __call__
    await self.app(scope, receive, _send)
  File "/home/u1/Desktop/devops_project/UniOps-SaaS-Product/backend/venv/lib/python3.12/site-packages/starlette/middleware/base.py", line 189, in __call__
    with collapse_excgroups():
  File "/usr/lib/python3.12/contextlib.py", line 158, in __exit__
    self.gen.throw(value)
  File "/home/u1/Desktop/devops_project/UniOps-SaaS-Product/backend/venv/lib/python3.12/site-packages/starlette/_utils.py", line 93, in collapse_excgroups
    raise exc
  File "/home/u1/Desktop/devops_project/UniOps-SaaS-Product/backend/venv/lib/python3.12/site-packages/starlette/middleware/base.py", line 191, in __call__
    response = await self.dispatch_func(request, call_next)
               ^^^^^^^^^^^^^^^^^^^^^^^^^^^^^^^^^^^^^^^^^^^^
  File "/home/u1/Desktop/devops_project/UniOps-SaaS-Product/backend/app/middleware/audit.py", line 20, in dispatch
    response = await call_next(request)
               ^^^^^^^^^^^^^^^^^^^^^^^^
  File "/home/u1/Desktop/devops_project/UniOps-SaaS-Product/backend/venv/lib/python3.12/site-packages/starlette/middleware/base.py", line 165, in call_next
    raise app_exc
  File "/home/u1/Desktop/devops_project/UniOps-SaaS-Product/backend/venv/lib/python3.12/site-packages/starlette/middleware/base.py", line 151, in coro
    await self.app(scope, receive_or_disconnect, send_no_error)
  File "/home/u1/Desktop/devops_project/UniOps-SaaS-Product/backend/venv/lib/python3.12/site-packages/starlette/middleware/base.py", line 189, in __call__
    with collapse_excgroups():
  File "/usr/lib/python3.12/contextlib.py", line 158, in __exit__
    self.gen.throw(value)
  File "/home/u1/Desktop/devops_project/UniOps-SaaS-Product/backend/venv/lib/python3.12/site-packages/starlette/_utils.py", line 93, in collapse_excgroups
    raise exc
  File "/home/u1/Desktop/devops_project/UniOps-SaaS-Product/backend/venv/lib/python3.12/site-packages/starlette/middleware/base.py", line 191, in __call__
    response = await self.dispatch_func(request, call_next)
               ^^^^^^^^^^^^^^^^^^^^^^^^^^^^^^^^^^^^^^^^^^^^
  File "/home/u1/Desktop/devops_project/UniOps-SaaS-Product/backend/app/middleware/logging.py", line 13, in dispatch
    response = await call_next(request)
               ^^^^^^^^^^^^^^^^^^^^^^^^
  File "/home/u1/Desktop/devops_project/UniOps-SaaS-Product/backend/venv/lib/python3.12/site-packages/starlette/middleware/base.py", line 165, in call_next
    raise app_exc
  File "/home/u1/Desktop/devops_project/UniOps-SaaS-Product/backend/venv/lib/python3.12/site-packages/starlette/middleware/base.py", line 151, in coro
    await self.app(scope, receive_or_disconnect, send_no_error)
  File "/home/u1/Desktop/devops_project/UniOps-SaaS-Product/backend/venv/lib/python3.12/site-packages/starlette/middleware/cors.py", line 93, in __call__
    await self.simple_response(scope, receive, send, request_headers=headers)
  File "/home/u1/Desktop/devops_project/UniOps-SaaS-Product/backend/venv/lib/python3.12/site-packages/starlette/middleware/cors.py", line 148, in simple_response
    await self.app(scope, receive, send)
  File "/home/u1/Desktop/devops_project/UniOps-SaaS-Product/backend/venv/lib/python3.12/site-packages/prometheus_fastapi_instrumentator/middleware.py", line 169, in __call__
    raise exc
  File "/home/u1/Desktop/devops_project/UniOps-SaaS-Product/backend/venv/lib/python3.12/site-packages/prometheus_fastapi_instrumentator/middleware.py", line 167, in __call__
    await self.app(scope, receive, send_wrapper)
  File "/home/u1/Desktop/devops_project/UniOps-SaaS-Product/backend/venv/lib/python3.12/site-packages/starlette/middleware/exceptions.py", line 65, in __call__
    await wrap_app_handling_exceptions(self.app, conn)(scope, receive, send)
  File "/home/u1/Desktop/devops_project/UniOps-SaaS-Product/backend/venv/lib/python3.12/site-packages/starlette/_exception_handler.py", line 64, in wrapped_app
    raise exc
  File "/home/u1/Desktop/devops_project/UniOps-SaaS-Product/backend/venv/lib/python3.12/site-packages/starlette/_exception_handler.py", line 53, in wrapped_app
    await app(scope, receive, sender)
  File "/home/u1/Desktop/devops_project/UniOps-SaaS-Product/backend/venv/lib/python3.12/site-packages/starlette/routing.py", line 756, in __call__
    await self.middleware_stack(scope, receive, send)
  File "/home/u1/Desktop/devops_project/UniOps-SaaS-Product/backend/venv/lib/python3.12/site-packages/starlette/routing.py", line 776, in app
    await route.handle(scope, receive, send)
  File "/home/u1/Desktop/devops_project/UniOps-SaaS-Product/backend/venv/lib/python3.12/site-packages/starlette/routing.py", line 297, in handle
    await self.app(scope, receive, send)
  File "/home/u1/Desktop/devops_project/UniOps-SaaS-Product/backend/venv/lib/python3.12/site-packages/starlette/routing.py", line 77, in app
    await wrap_app_handling_exceptions(app, request)(scope, receive, send)
  File "/home/u1/Desktop/devops_project/UniOps-SaaS-Product/backend/venv/lib/python3.12/site-packages/starlette/_exception_handler.py", line 64, in wrapped_app
    raise exc
  File "/home/u1/Desktop/devops_project/UniOps-SaaS-Product/backend/venv/lib/python3.12/site-packages/starlette/_exception_handler.py", line 53, in wrapped_app
    await app(scope, receive, sender)
  File "/home/u1/Desktop/devops_project/UniOps-SaaS-Product/backend/venv/lib/python3.12/site-packages/starlette/routing.py", line 72, in app
    response = await func(request)
               ^^^^^^^^^^^^^^^^^^^
  File "/home/u1/Desktop/devops_project/UniOps-SaaS-Product/backend/venv/lib/python3.12/site-packages/fastapi/routing.py", line 278, in app
    raw_response = await run_endpoint_function(
                   ^^^^^^^^^^^^^^^^^^^^^^^^^^^^
  File "/home/u1/Desktop/devops_project/UniOps-SaaS-Product/backend/venv/lib/python3.12/site-packages/fastapi/routing.py", line 191, in run_endpoint_function
    return await dependant.call(**values)
           ^^^^^^^^^^^^^^^^^^^^^^^^^^^^^^
  File "/home/u1/Desktop/devops_project/UniOps-SaaS-Product/backend/app/api/v1/endpoints/auth.py", line 35, in refresh_token
    tokens = await service.refresh(data.refresh_token)
             ^^^^^^^^^^^^^^^^^^^^^^^^^^^^^^^^^^^^^^^^^
  File "/home/u1/Desktop/devops_project/UniOps-SaaS-Product/backend/app/services/auth_service.py", line 148, in refresh
    raise UnauthorizedError("Invalid or expired refresh token")
app.core.exceptions.UnauthorizedError: Invalid or expired refresh token
INFO:     ('127.0.0.1', 34684) - "WebSocket /ws/unknown?token=eyJhbGciOiJIUzI1NiIsInR5cCI6IkpXVCJ9.eyJzdWIiOiIyNWY0MjFjZS1hMTA5LTQ2MWQtYTFkMS0xNDgzN2ZkYjc1ZGIiLCJlbWFpbCI6ImRkZGRkZGRkZXNhMTIzQGdtYWlsLmNjb20iLCJ0ZW5hbnRfaWQiOiI5ZjliNDk1OC1jODcxLTRiZWQtOWYxZC04OWI2MmNiNzU1YTAiLCJyb2xlcyI6WyJhZG1pbiJdLCJleHAiOjE3Nzk1MjEzMjcsImlhdCI6MTc3OTUxNzcyNywidHlwZSI6ImFjY2VzcyJ9.JWGcY4-VzuKLWkpzOFVzL1HefuCE1wP60iFPL8hspII" 403
INFO:     connection rejected (403 Forbidden)
INFO:     connection closed
[32m2026-06-16 18:23:30[0m | [33m[1mWARNING [0m | [36mapp.services.auth_service[0m:[36m39[0m - [33m[1mRedis get failed, using memory fallback: Error 111 connecting to localhost:6379. 111.[0m
[32m2026-06-16 18:23:30[0m | [31m[1mERROR   [0m | [36mapp.middleware.logging[0m:[36m23[0m - [31m[1m[0b3dc4f4] POST /api/v1/auth/refresh → ERR (1.68ms): Invalid or expired refresh token[0m
INFO:     127.0.0.1:34694 - "POST /api/v1/auth/refresh HTTP/1.1" 401 Unauthorized
ERROR:    Exception in ASGI application
  + Exception Group Traceback (most recent call last):
  |   File "/home/u1/Desktop/devops_project/UniOps-SaaS-Product/backend/venv/lib/python3.12/site-packages/starlette/_utils.py", line 87, in collapse_excgroups
  |     yield
  |   File "/home/u1/Desktop/devops_project/UniOps-SaaS-Product/backend/venv/lib/python3.12/site-packages/starlette/middleware/base.py", line 190, in __call__
  |     async with anyio.create_task_group() as task_group:
  |   File "/home/u1/Desktop/devops_project/UniOps-SaaS-Product/backend/venv/lib/python3.12/site-packages/anyio/_backends/_asyncio.py", line 811, in __aexit__
  |     raise BaseExceptionGroup(
  | ExceptionGroup: unhandled errors in a TaskGroup (1 sub-exception)
  +-+---------------- 1 ----------------
    | Traceback (most recent call last):
    |   File "/home/u1/Desktop/devops_project/UniOps-SaaS-Product/backend/venv/lib/python3.12/site-packages/uvicorn/protocols/http/httptools_impl.py", line 411, in run_asgi
    |     result = await app(  # type: ignore[func-returns-value]
    |              ^^^^^^^^^^^^^^^^^^^^^^^^^^^^^^^^^^^^^^^^^^^^^^
    |   File "/home/u1/Desktop/devops_project/UniOps-SaaS-Product/backend/venv/lib/python3.12/site-packages/uvicorn/middleware/proxy_headers.py", line 69, in __call__
    |     return await self.app(scope, receive, send)
    |            ^^^^^^^^^^^^^^^^^^^^^^^^^^^^^^^^^^^^
    |   File "/home/u1/Desktop/devops_project/UniOps-SaaS-Product/backend/venv/lib/python3.12/site-packages/fastapi/applications.py", line 1054, in __call__
    |     await super().__call__(scope, receive, send)
    |   File "/home/u1/Desktop/devops_project/UniOps-SaaS-Product/backend/venv/lib/python3.12/site-packages/starlette/applications.py", line 123, in __call__
    |     await self.middleware_stack(scope, receive, send)
    |   File "/home/u1/Desktop/devops_project/UniOps-SaaS-Product/backend/venv/lib/python3.12/site-packages/starlette/middleware/errors.py", line 186, in __call__
    |     raise exc
    |   File "/home/u1/Desktop/devops_project/UniOps-SaaS-Product/backend/venv/lib/python3.12/site-packages/starlette/middleware/errors.py", line 164, in __call__
    |     await self.app(scope, receive, _send)
    |   File "/home/u1/Desktop/devops_project/UniOps-SaaS-Product/backend/venv/lib/python3.12/site-packages/starlette/middleware/base.py", line 189, in __call__
    |     with collapse_excgroups():
    |   File "/usr/lib/python3.12/contextlib.py", line 158, in __exit__
    |     self.gen.throw(value)
    |   File "/home/u1/Desktop/devops_project/UniOps-SaaS-Product/backend/venv/lib/python3.12/site-packages/starlette/_utils.py", line 93, in collapse_excgroups
    |     raise exc
    |   File "/home/u1/Desktop/devops_project/UniOps-SaaS-Product/backend/venv/lib/python3.12/site-packages/starlette/middleware/base.py", line 191, in __call__
    |     response = await self.dispatch_func(request, call_next)
    |                ^^^^^^^^^^^^^^^^^^^^^^^^^^^^^^^^^^^^^^^^^^^^
    |   File "/home/u1/Desktop/devops_project/UniOps-SaaS-Product/backend/app/middleware/audit.py", line 20, in dispatch
    |     response = await call_next(request)
    |                ^^^^^^^^^^^^^^^^^^^^^^^^
    |   File "/home/u1/Desktop/devops_project/UniOps-SaaS-Product/backend/venv/lib/python3.12/site-packages/starlette/middleware/base.py", line 165, in call_next
    |     raise app_exc
    |   File "/home/u1/Desktop/devops_project/UniOps-SaaS-Product/backend/venv/lib/python3.12/site-packages/starlette/middleware/base.py", line 151, in coro
    |     await self.app(scope, receive_or_disconnect, send_no_error)
    |   File "/home/u1/Desktop/devops_project/UniOps-SaaS-Product/backend/venv/lib/python3.12/site-packages/starlette/middleware/base.py", line 189, in __call__
    |     with collapse_excgroups():
    |   File "/usr/lib/python3.12/contextlib.py", line 158, in __exit__
    |     self.gen.throw(value)
    |   File "/home/u1/Desktop/devops_project/UniOps-SaaS-Product/backend/venv/lib/python3.12/site-packages/starlette/_utils.py", line 93, in collapse_excgroups
    |     raise exc
    |   File "/home/u1/Desktop/devops_project/UniOps-SaaS-Product/backend/venv/lib/python3.12/site-packages/starlette/middleware/base.py", line 191, in __call__
    |     response = await self.dispatch_func(request, call_next)
    |                ^^^^^^^^^^^^^^^^^^^^^^^^^^^^^^^^^^^^^^^^^^^^
    |   File "/home/u1/Desktop/devops_project/UniOps-SaaS-Product/backend/app/middleware/logging.py", line 13, in dispatch
    |     response = await call_next(request)
    |                ^^^^^^^^^^^^^^^^^^^^^^^^
    |   File "/home/u1/Desktop/devops_project/UniOps-SaaS-Product/backend/venv/lib/python3.12/site-packages/starlette/middleware/base.py", line 165, in call_next
    |     raise app_exc
    |   File "/home/u1/Desktop/devops_project/UniOps-SaaS-Product/backend/venv/lib/python3.12/site-packages/starlette/middleware/base.py", line 151, in coro
    |     await self.app(scope, receive_or_disconnect, send_no_error)
    |   File "/home/u1/Desktop/devops_project/UniOps-SaaS-Product/backend/venv/lib/python3.12/site-packages/starlette/middleware/cors.py", line 93, in __call__
    |     await self.simple_response(scope, receive, send, request_headers=headers)
    |   File "/home/u1/Desktop/devops_project/UniOps-SaaS-Product/backend/venv/lib/python3.12/site-packages/starlette/middleware/cors.py", line 148, in simple_response
    |     await self.app(scope, receive, send)
    |   File "/home/u1/Desktop/devops_project/UniOps-SaaS-Product/backend/venv/lib/python3.12/site-packages/prometheus_fastapi_instrumentator/middleware.py", line 169, in __call__
    |     raise exc
    |   File "/home/u1/Desktop/devops_project/UniOps-SaaS-Product/backend/venv/lib/python3.12/site-packages/prometheus_fastapi_instrumentator/middleware.py", line 167, in __call__
    |     await self.app(scope, receive, send_wrapper)
    |   File "/home/u1/Desktop/devops_project/UniOps-SaaS-Product/backend/venv/lib/python3.12/site-packages/starlette/middleware/exceptions.py", line 65, in __call__
    |     await wrap_app_handling_exceptions(self.app, conn)(scope, receive, send)
    |   File "/home/u1/Desktop/devops_project/UniOps-SaaS-Product/backend/venv/lib/python3.12/site-packages/starlette/_exception_handler.py", line 64, in wrapped_app
    |     raise exc
    |   File "/home/u1/Desktop/devops_project/UniOps-SaaS-Product/backend/venv/lib/python3.12/site-packages/starlette/_exception_handler.py", line 53, in wrapped_app
    |     await app(scope, receive, sender)
    |   File "/home/u1/Desktop/devops_project/UniOps-SaaS-Product/backend/venv/lib/python3.12/site-packages/starlette/routing.py", line 756, in __call__
    |     await self.middleware_stack(scope, receive, send)
    |   File "/home/u1/Desktop/devops_project/UniOps-SaaS-Product/backend/venv/lib/python3.12/site-packages/starlette/routing.py", line 776, in app
    |     await route.handle(scope, receive, send)
    |   File "/home/u1/Desktop/devops_project/UniOps-SaaS-Product/backend/venv/lib/python3.12/site-packages/starlette/routing.py", line 297, in handle
    |     await self.app(scope, receive, send)
    |   File "/home/u1/Desktop/devops_project/UniOps-SaaS-Product/backend/venv/lib/python3.12/site-packages/starlette/routing.py", line 77, in app
    |     await wrap_app_handling_exceptions(app, request)(scope, receive, send)
    |   File "/home/u1/Desktop/devops_project/UniOps-SaaS-Product/backend/venv/lib/python3.12/site-packages/starlette/_exception_handler.py", line 64, in wrapped_app
    |     raise exc
    |   File "/home/u1/Desktop/devops_project/UniOps-SaaS-Product/backend/venv/lib/python3.12/site-packages/starlette/_exception_handler.py", line 53, in wrapped_app
    |     await app(scope, receive, sender)
    |   File "/home/u1/Desktop/devops_project/UniOps-SaaS-Product/backend/venv/lib/python3.12/site-packages/starlette/routing.py", line 72, in app
    |     response = await func(request)
    |                ^^^^^^^^^^^^^^^^^^^
    |   File "/home/u1/Desktop/devops_project/UniOps-SaaS-Product/backend/venv/lib/python3.12/site-packages/fastapi/routing.py", line 278, in app
    |     raw_response = await run_endpoint_function(
    |                    ^^^^^^^^^^^^^^^^^^^^^^^^^^^^
    |   File "/home/u1/Desktop/devops_project/UniOps-SaaS-Product/backend/venv/lib/python3.12/site-packages/fastapi/routing.py", line 191, in run_endpoint_function
    |     return await dependant.call(**values)
    |            ^^^^^^^^^^^^^^^^^^^^^^^^^^^^^^
    |   File "/home/u1/Desktop/devops_project/UniOps-SaaS-Product/backend/app/api/v1/endpoints/auth.py", line 35, in refresh_token
    |     tokens = await service.refresh(data.refresh_token)
    |              ^^^^^^^^^^^^^^^^^^^^^^^^^^^^^^^^^^^^^^^^^
    |   File "/home/u1/Desktop/devops_project/UniOps-SaaS-Product/backend/app/services/auth_service.py", line 148, in refresh
    |     raise UnauthorizedError("Invalid or expired refresh token")
    | app.core.exceptions.UnauthorizedError: Invalid or expired refresh token
    +------------------------------------

During handling of the above exception, another exception occurred:

Traceback (most recent call last):
  File "/home/u1/Desktop/devops_project/UniOps-SaaS-Product/backend/venv/lib/python3.12/site-packages/uvicorn/protocols/http/httptools_impl.py", line 411, in run_asgi
    result = await app(  # type: ignore[func-returns-value]
             ^^^^^^^^^^^^^^^^^^^^^^^^^^^^^^^^^^^^^^^^^^^^^^
  File "/home/u1/Desktop/devops_project/UniOps-SaaS-Product/backend/venv/lib/python3.12/site-packages/uvicorn/middleware/proxy_headers.py", line 69, in __call__
    return await self.app(scope, receive, send)
           ^^^^^^^^^^^^^^^^^^^^^^^^^^^^^^^^^^^^
  File "/home/u1/Desktop/devops_project/UniOps-SaaS-Product/backend/venv/lib/python3.12/site-packages/fastapi/applications.py", line 1054, in __call__
    await super().__call__(scope, receive, send)
  File "/home/u1/Desktop/devops_project/UniOps-SaaS-Product/backend/venv/lib/python3.12/site-packages/starlette/applications.py", line 123, in __call__
    await self.middleware_stack(scope, receive, send)
  File "/home/u1/Desktop/devops_project/UniOps-SaaS-Product/backend/venv/lib/python3.12/site-packages/starlette/middleware/errors.py", line 186, in __call__
    raise exc
  File "/home/u1/Desktop/devops_project/UniOps-SaaS-Product/backend/venv/lib/python3.12/site-packages/starlette/middleware/errors.py", line 164, in __call__
    await self.app(scope, receive, _send)
  File "/home/u1/Desktop/devops_project/UniOps-SaaS-Product/backend/venv/lib/python3.12/site-packages/starlette/middleware/base.py", line 189, in __call__
    with collapse_excgroups():
  File "/usr/lib/python3.12/contextlib.py", line 158, in __exit__
    self.gen.throw(value)
  File "/home/u1/Desktop/devops_project/UniOps-SaaS-Product/backend/venv/lib/python3.12/site-packages/starlette/_utils.py", line 93, in collapse_excgroups
    raise exc
  File "/home/u1/Desktop/devops_project/UniOps-SaaS-Product/backend/venv/lib/python3.12/site-packages/starlette/middleware/base.py", line 191, in __call__
    response = await self.dispatch_func(request, call_next)
               ^^^^^^^^^^^^^^^^^^^^^^^^^^^^^^^^^^^^^^^^^^^^
  File "/home/u1/Desktop/devops_project/UniOps-SaaS-Product/backend/app/middleware/audit.py", line 20, in dispatch
    response = await call_next(request)
               ^^^^^^^^^^^^^^^^^^^^^^^^
  File "/home/u1/Desktop/devops_project/UniOps-SaaS-Product/backend/venv/lib/python3.12/site-packages/starlette/middleware/base.py", line 165, in call_next
    raise app_exc
  File "/home/u1/Desktop/devops_project/UniOps-SaaS-Product/backend/venv/lib/python3.12/site-packages/starlette/middleware/base.py", line 151, in coro
    await self.app(scope, receive_or_disconnect, send_no_error)
  File "/home/u1/Desktop/devops_project/UniOps-SaaS-Product/backend/venv/lib/python3.12/site-packages/starlette/middleware/base.py", line 189, in __call__
    with collapse_excgroups():
  File "/usr/lib/python3.12/contextlib.py", line 158, in __exit__
    self.gen.throw(value)
  File "/home/u1/Desktop/devops_project/UniOps-SaaS-Product/backend/venv/lib/python3.12/site-packages/starlette/_utils.py", line 93, in collapse_excgroups
    raise exc
  File "/home/u1/Desktop/devops_project/UniOps-SaaS-Product/backend/venv/lib/python3.12/site-packages/starlette/middleware/base.py", line 191, in __call__
    response = await self.dispatch_func(request, call_next)
               ^^^^^^^^^^^^^^^^^^^^^^^^^^^^^^^^^^^^^^^^^^^^
  File "/home/u1/Desktop/devops_project/UniOps-SaaS-Product/backend/app/middleware/logging.py", line 13, in dispatch
    response = await call_next(request)
               ^^^^^^^^^^^^^^^^^^^^^^^^
  File "/home/u1/Desktop/devops_project/UniOps-SaaS-Product/backend/venv/lib/python3.12/site-packages/starlette/middleware/base.py", line 165, in call_next
    raise app_exc
  File "/home/u1/Desktop/devops_project/UniOps-SaaS-Product/backend/venv/lib/python3.12/site-packages/starlette/middleware/base.py", line 151, in coro
    await self.app(scope, receive_or_disconnect, send_no_error)
  File "/home/u1/Desktop/devops_project/UniOps-SaaS-Product/backend/venv/lib/python3.12/site-packages/starlette/middleware/cors.py", line 93, in __call__
    await self.simple_response(scope, receive, send, request_headers=headers)
  File "/home/u1/Desktop/devops_project/UniOps-SaaS-Product/backend/venv/lib/python3.12/site-packages/starlette/middleware/cors.py", line 148, in simple_response
    await self.app(scope, receive, send)
  File "/home/u1/Desktop/devops_project/UniOps-SaaS-Product/backend/venv/lib/python3.12/site-packages/prometheus_fastapi_instrumentator/middleware.py", line 169, in __call__
    raise exc
  File "/home/u1/Desktop/devops_project/UniOps-SaaS-Product/backend/venv/lib/python3.12/site-packages/prometheus_fastapi_instrumentator/middleware.py", line 167, in __call__
    await self.app(scope, receive, send_wrapper)
  File "/home/u1/Desktop/devops_project/UniOps-SaaS-Product/backend/venv/lib/python3.12/site-packages/starlette/middleware/exceptions.py", line 65, in __call__
    await wrap_app_handling_exceptions(self.app, conn)(scope, receive, send)
  File "/home/u1/Desktop/devops_project/UniOps-SaaS-Product/backend/venv/lib/python3.12/site-packages/starlette/_exception_handler.py", line 64, in wrapped_app
    raise exc
  File "/home/u1/Desktop/devops_project/UniOps-SaaS-Product/backend/venv/lib/python3.12/site-packages/starlette/_exception_handler.py", line 53, in wrapped_app
    await app(scope, receive, sender)
  File "/home/u1/Desktop/devops_project/UniOps-SaaS-Product/backend/venv/lib/python3.12/site-packages/starlette/routing.py", line 756, in __call__
    await self.middleware_stack(scope, receive, send)
  File "/home/u1/Desktop/devops_project/UniOps-SaaS-Product/backend/venv/lib/python3.12/site-packages/starlette/routing.py", line 776, in app
    await route.handle(scope, receive, send)
  File "/home/u1/Desktop/devops_project/UniOps-SaaS-Product/backend/venv/lib/python3.12/site-packages/starlette/routing.py", line 297, in handle
    await self.app(scope, receive, send)
  File "/home/u1/Desktop/devops_project/UniOps-SaaS-Product/backend/venv/lib/python3.12/site-packages/starlette/routing.py", line 77, in app
    await wrap_app_handling_exceptions(app, request)(scope, receive, send)
  File "/home/u1/Desktop/devops_project/UniOps-SaaS-Product/backend/venv/lib/python3.12/site-packages/starlette/_exception_handler.py", line 64, in wrapped_app
    raise exc
  File "/home/u1/Desktop/devops_project/UniOps-SaaS-Product/backend/venv/lib/python3.12/site-packages/starlette/_exception_handler.py", line 53, in wrapped_app
    await app(scope, receive, sender)
  File "/home/u1/Desktop/devops_project/UniOps-SaaS-Product/backend/venv/lib/python3.12/site-packages/starlette/routing.py", line 72, in app
    response = await func(request)
               ^^^^^^^^^^^^^^^^^^^
  File "/home/u1/Desktop/devops_project/UniOps-SaaS-Product/backend/venv/lib/python3.12/site-packages/fastapi/routing.py", line 278, in app
    raw_response = await run_endpoint_function(
                   ^^^^^^^^^^^^^^^^^^^^^^^^^^^^
  File "/home/u1/Desktop/devops_project/UniOps-SaaS-Product/backend/venv/lib/python3.12/site-packages/fastapi/routing.py", line 191, in run_endpoint_function
    return await dependant.call(**values)
           ^^^^^^^^^^^^^^^^^^^^^^^^^^^^^^
  File "/home/u1/Desktop/devops_project/UniOps-SaaS-Product/backend/app/api/v1/endpoints/auth.py", line 35, in refresh_token
    tokens = await service.refresh(data.refresh_token)
             ^^^^^^^^^^^^^^^^^^^^^^^^^^^^^^^^^^^^^^^^^
  File "/home/u1/Desktop/devops_project/UniOps-SaaS-Product/backend/app/services/auth_service.py", line 148, in refresh
    raise UnauthorizedError("Invalid or expired refresh token")
app.core.exceptions.UnauthorizedError: Invalid or expired refresh token
[32m2026-06-16 18:23:30[0m | [33m[1mWARNING [0m | [36mapp.services.auth_service[0m:[36m39[0m - [33m[1mRedis get failed, using memory fallback: Error 111 connecting to localhost:6379. 111.[0m
[32m2026-06-16 18:23:30[0m | [33m[1mWARNING [0m | [36mapp.services.auth_service[0m:[36m39[0m - [33m[1mRedis get failed, using memory fallback: Error 111 connecting to localhost:6379. 111.[0m
[32m2026-06-16 18:23:30[0m | [33m[1mWARNING [0m | [36mapp.services.auth_service[0m:[36m39[0m - [33m[1mRedis get failed, using memory fallback: Error 111 connecting to localhost:6379. 111.[0m
[32m2026-06-16 18:23:30[0m | [31m[1mERROR   [0m | [36mapp.middleware.logging[0m:[36m23[0m - [31m[1m[c5b70263] POST /api/v1/auth/refresh → ERR (3.73ms): Invalid or expired refresh token[0m
[32m2026-06-16 18:23:30[0m | [31m[1mERROR   [0m | [36mapp.middleware.logging[0m:[36m23[0m - [31m[1m[a1893956] POST /api/v1/auth/refresh → ERR (3.47ms): Invalid or expired refresh token[0m
[32m2026-06-16 18:23:30[0m | [31m[1mERROR   [0m | [36mapp.middleware.logging[0m:[36m23[0m - [31m[1m[4ee39583] POST /api/v1/auth/refresh → ERR (3.07ms): Invalid or expired refresh token[0m
INFO:     127.0.0.1:34704 - "POST /api/v1/auth/refresh HTTP/1.1" 401 Unauthorized
ERROR:    Exception in ASGI application
  + Exception Group Traceback (most recent call last):
  |   File "/home/u1/Desktop/devops_project/UniOps-SaaS-Product/backend/venv/lib/python3.12/site-packages/starlette/_utils.py", line 87, in collapse_excgroups
  |     yield
  |   File "/home/u1/Desktop/devops_project/UniOps-SaaS-Product/backend/venv/lib/python3.12/site-packages/starlette/middleware/base.py", line 190, in __call__
  |     async with anyio.create_task_group() as task_group:
  |   File "/home/u1/Desktop/devops_project/UniOps-SaaS-Product/backend/venv/lib/python3.12/site-packages/anyio/_backends/_asyncio.py", line 811, in __aexit__
  |     raise BaseExceptionGroup(
  | ExceptionGroup: unhandled errors in a TaskGroup (1 sub-exception)
  +-+---------------- 1 ----------------
    | Traceback (most recent call last):
    |   File "/home/u1/Desktop/devops_project/UniOps-SaaS-Product/backend/venv/lib/python3.12/site-packages/uvicorn/protocols/http/httptools_impl.py", line 411, in run_asgi
    |     result = await app(  # type: ignore[func-returns-value]
    |              ^^^^^^^^^^^^^^^^^^^^^^^^^^^^^^^^^^^^^^^^^^^^^^
    |   File "/home/u1/Desktop/devops_project/UniOps-SaaS-Product/backend/venv/lib/python3.12/site-packages/uvicorn/middleware/proxy_headers.py", line 69, in __call__
    |     return await self.app(scope, receive, send)
    |            ^^^^^^^^^^^^^^^^^^^^^^^^^^^^^^^^^^^^
    |   File "/home/u1/Desktop/devops_project/UniOps-SaaS-Product/backend/venv/lib/python3.12/site-packages/fastapi/applications.py", line 1054, in __call__
    |     await super().__call__(scope, receive, send)
    |   File "/home/u1/Desktop/devops_project/UniOps-SaaS-Product/backend/venv/lib/python3.12/site-packages/starlette/applications.py", line 123, in __call__
    |     await self.middleware_stack(scope, receive, send)
    |   File "/home/u1/Desktop/devops_project/UniOps-SaaS-Product/backend/venv/lib/python3.12/site-packages/starlette/middleware/errors.py", line 186, in __call__
    |     raise exc
    |   File "/home/u1/Desktop/devops_project/UniOps-SaaS-Product/backend/venv/lib/python3.12/site-packages/starlette/middleware/errors.py", line 164, in __call__
    |     await self.app(scope, receive, _send)
    |   File "/home/u1/Desktop/devops_project/UniOps-SaaS-Product/backend/venv/lib/python3.12/site-packages/starlette/middleware/base.py", line 189, in __call__
    |     with collapse_excgroups():
    |   File "/usr/lib/python3.12/contextlib.py", line 158, in __exit__
    |     self.gen.throw(value)
    |   File "/home/u1/Desktop/devops_project/UniOps-SaaS-Product/backend/venv/lib/python3.12/site-packages/starlette/_utils.py", line 93, in collapse_excgroups
    |     raise exc
    |   File "/home/u1/Desktop/devops_project/UniOps-SaaS-Product/backend/venv/lib/python3.12/site-packages/starlette/middleware/base.py", line 191, in __call__
    |     response = await self.dispatch_func(request, call_next)
    |                ^^^^^^^^^^^^^^^^^^^^^^^^^^^^^^^^^^^^^^^^^^^^
    |   File "/home/u1/Desktop/devops_project/UniOps-SaaS-Product/backend/app/middleware/audit.py", line 20, in dispatch
    |     response = await call_next(request)
    |                ^^^^^^^^^^^^^^^^^^^^^^^^
    |   File "/home/u1/Desktop/devops_project/UniOps-SaaS-Product/backend/venv/lib/python3.12/site-packages/starlette/middleware/base.py", line 165, in call_next
    |     raise app_exc
    |   File "/home/u1/Desktop/devops_project/UniOps-SaaS-Product/backend/venv/lib/python3.12/site-packages/starlette/middleware/base.py", line 151, in coro
    |     await self.app(scope, receive_or_disconnect, send_no_error)
    |   File "/home/u1/Desktop/devops_project/UniOps-SaaS-Product/backend/venv/lib/python3.12/site-packages/starlette/middleware/base.py", line 189, in __call__
    |     with collapse_excgroups():
    |   File "/usr/lib/python3.12/contextlib.py", line 158, in __exit__
    |     self.gen.throw(value)
    |   File "/home/u1/Desktop/devops_project/UniOps-SaaS-Product/backend/venv/lib/python3.12/site-packages/starlette/_utils.py", line 93, in collapse_excgroups
    |     raise exc
    |   File "/home/u1/Desktop/devops_project/UniOps-SaaS-Product/backend/venv/lib/python3.12/site-packages/starlette/middleware/base.py", line 191, in __call__
    |     response = await self.dispatch_func(request, call_next)
    |                ^^^^^^^^^^^^^^^^^^^^^^^^^^^^^^^^^^^^^^^^^^^^
    |   File "/home/u1/Desktop/devops_project/UniOps-SaaS-Product/backend/app/middleware/logging.py", line 13, in dispatch
    |     response = await call_next(request)
    |                ^^^^^^^^^^^^^^^^^^^^^^^^
    |   File "/home/u1/Desktop/devops_project/UniOps-SaaS-Product/backend/venv/lib/python3.12/site-packages/starlette/middleware/base.py", line 165, in call_next
    |     raise app_exc
    |   File "/home/u1/Desktop/devops_project/UniOps-SaaS-Product/backend/venv/lib/python3.12/site-packages/starlette/middleware/base.py", line 151, in coro
    |     await self.app(scope, receive_or_disconnect, send_no_error)
    |   File "/home/u1/Desktop/devops_project/UniOps-SaaS-Product/backend/venv/lib/python3.12/site-packages/starlette/middleware/cors.py", line 93, in __call__
    |     await self.simple_response(scope, receive, send, request_headers=headers)
    |   File "/home/u1/Desktop/devops_project/UniOps-SaaS-Product/backend/venv/lib/python3.12/site-packages/starlette/middleware/cors.py", line 148, in simple_response
    |     await self.app(scope, receive, send)
    |   File "/home/u1/Desktop/devops_project/UniOps-SaaS-Product/backend/venv/lib/python3.12/site-packages/prometheus_fastapi_instrumentator/middleware.py", line 169, in __call__
    |     raise exc
    |   File "/home/u1/Desktop/devops_project/UniOps-SaaS-Product/backend/venv/lib/python3.12/site-packages/prometheus_fastapi_instrumentator/middleware.py", line 167, in __call__
    |     await self.app(scope, receive, send_wrapper)
    |   File "/home/u1/Desktop/devops_project/UniOps-SaaS-Product/backend/venv/lib/python3.12/site-packages/starlette/middleware/exceptions.py", line 65, in __call__
    |     await wrap_app_handling_exceptions(self.app, conn)(scope, receive, send)
    |   File "/home/u1/Desktop/devops_project/UniOps-SaaS-Product/backend/venv/lib/python3.12/site-packages/starlette/_exception_handler.py", line 64, in wrapped_app
    |     raise exc
    |   File "/home/u1/Desktop/devops_project/UniOps-SaaS-Product/backend/venv/lib/python3.12/site-packages/starlette/_exception_handler.py", line 53, in wrapped_app
    |     await app(scope, receive, sender)
    |   File "/home/u1/Desktop/devops_project/UniOps-SaaS-Product/backend/venv/lib/python3.12/site-packages/starlette/routing.py", line 756, in __call__
    |     await self.middleware_stack(scope, receive, send)
    |   File "/home/u1/Desktop/devops_project/UniOps-SaaS-Product/backend/venv/lib/python3.12/site-packages/starlette/routing.py", line 776, in app
    |     await route.handle(scope, receive, send)
    |   File "/home/u1/Desktop/devops_project/UniOps-SaaS-Product/backend/venv/lib/python3.12/site-packages/starlette/routing.py", line 297, in handle
    |     await self.app(scope, receive, send)
    |   File "/home/u1/Desktop/devops_project/UniOps-SaaS-Product/backend/venv/lib/python3.12/site-packages/starlette/routing.py", line 77, in app
    |     await wrap_app_handling_exceptions(app, request)(scope, receive, send)
    |   File "/home/u1/Desktop/devops_project/UniOps-SaaS-Product/backend/venv/lib/python3.12/site-packages/starlette/_exception_handler.py", line 64, in wrapped_app
    |     raise exc
    |   File "/home/u1/Desktop/devops_project/UniOps-SaaS-Product/backend/venv/lib/python3.12/site-packages/starlette/_exception_handler.py", line 53, in wrapped_app
    |     await app(scope, receive, sender)
    |   File "/home/u1/Desktop/devops_project/UniOps-SaaS-Product/backend/venv/lib/python3.12/site-packages/starlette/routing.py", line 72, in app
    |     response = await func(request)
    |                ^^^^^^^^^^^^^^^^^^^
    |   File "/home/u1/Desktop/devops_project/UniOps-SaaS-Product/backend/venv/lib/python3.12/site-packages/fastapi/routing.py", line 278, in app
    |     raw_response = await run_endpoint_function(
    |                    ^^^^^^^^^^^^^^^^^^^^^^^^^^^^
    |   File "/home/u1/Desktop/devops_project/UniOps-SaaS-Product/backend/venv/lib/python3.12/site-packages/fastapi/routing.py", line 191, in run_endpoint_function
    |     return await dependant.call(**values)
    |            ^^^^^^^^^^^^^^^^^^^^^^^^^^^^^^
    |   File "/home/u1/Desktop/devops_project/UniOps-SaaS-Product/backend/app/api/v1/endpoints/auth.py", line 35, in refresh_token
    |     tokens = await service.refresh(data.refresh_token)
    |              ^^^^^^^^^^^^^^^^^^^^^^^^^^^^^^^^^^^^^^^^^
    |   File "/home/u1/Desktop/devops_project/UniOps-SaaS-Product/backend/app/services/auth_service.py", line 148, in refresh
    |     raise UnauthorizedError("Invalid or expired refresh token")
    | app.core.exceptions.UnauthorizedError: Invalid or expired refresh token
    +------------------------------------

During handling of the above exception, another exception occurred:

Traceback (most recent call last):
  File "/home/u1/Desktop/devops_project/UniOps-SaaS-Product/backend/venv/lib/python3.12/site-packages/uvicorn/protocols/http/httptools_impl.py", line 411, in run_asgi
    result = await app(  # type: ignore[func-returns-value]
             ^^^^^^^^^^^^^^^^^^^^^^^^^^^^^^^^^^^^^^^^^^^^^^
  File "/home/u1/Desktop/devops_project/UniOps-SaaS-Product/backend/venv/lib/python3.12/site-packages/uvicorn/middleware/proxy_headers.py", line 69, in __call__
    return await self.app(scope, receive, send)
           ^^^^^^^^^^^^^^^^^^^^^^^^^^^^^^^^^^^^
  File "/home/u1/Desktop/devops_project/UniOps-SaaS-Product/backend/venv/lib/python3.12/site-packages/fastapi/applications.py", line 1054, in __call__
    await super().__call__(scope, receive, send)
  File "/home/u1/Desktop/devops_project/UniOps-SaaS-Product/backend/venv/lib/python3.12/site-packages/starlette/applications.py", line 123, in __call__
    await self.middleware_stack(scope, receive, send)
  File "/home/u1/Desktop/devops_project/UniOps-SaaS-Product/backend/venv/lib/python3.12/site-packages/starlette/middleware/errors.py", line 186, in __call__
    raise exc
  File "/home/u1/Desktop/devops_project/UniOps-SaaS-Product/backend/venv/lib/python3.12/site-packages/starlette/middleware/errors.py", line 164, in __call__
    await self.app(scope, receive, _send)
  File "/home/u1/Desktop/devops_project/UniOps-SaaS-Product/backend/venv/lib/python3.12/site-packages/starlette/middleware/base.py", line 189, in __call__
    with collapse_excgroups():
  File "/usr/lib/python3.12/contextlib.py", line 158, in __exit__
    self.gen.throw(value)
  File "/home/u1/Desktop/devops_project/UniOps-SaaS-Product/backend/venv/lib/python3.12/site-packages/starlette/_utils.py", line 93, in collapse_excgroups
    raise exc
  File "/home/u1/Desktop/devops_project/UniOps-SaaS-Product/backend/venv/lib/python3.12/site-packages/starlette/middleware/base.py", line 191, in __call__
    response = await self.dispatch_func(request, call_next)
               ^^^^^^^^^^^^^^^^^^^^^^^^^^^^^^^^^^^^^^^^^^^^
  File "/home/u1/Desktop/devops_project/UniOps-SaaS-Product/backend/app/middleware/audit.py", line 20, in dispatch
    response = await call_next(request)
               ^^^^^^^^^^^^^^^^^^^^^^^^
  File "/home/u1/Desktop/devops_project/UniOps-SaaS-Product/backend/venv/lib/python3.12/site-packages/starlette/middleware/base.py", line 165, in call_next
    raise app_exc
  File "/home/u1/Desktop/devops_project/UniOps-SaaS-Product/backend/venv/lib/python3.12/site-packages/starlette/middleware/base.py", line 151, in coro
    await self.app(scope, receive_or_disconnect, send_no_error)
  File "/home/u1/Desktop/devops_project/UniOps-SaaS-Product/backend/venv/lib/python3.12/site-packages/starlette/middleware/base.py", line 189, in __call__
    with collapse_excgroups():
  File "/usr/lib/python3.12/contextlib.py", line 158, in __exit__
    self.gen.throw(value)
  File "/home/u1/Desktop/devops_project/UniOps-SaaS-Product/backend/venv/lib/python3.12/site-packages/starlette/_utils.py", line 93, in collapse_excgroups
    raise exc
  File "/home/u1/Desktop/devops_project/UniOps-SaaS-Product/backend/venv/lib/python3.12/site-packages/starlette/middleware/base.py", line 191, in __call__
    response = await self.dispatch_func(request, call_next)
               ^^^^^^^^^^^^^^^^^^^^^^^^^^^^^^^^^^^^^^^^^^^^
  File "/home/u1/Desktop/devops_project/UniOps-SaaS-Product/backend/app/middleware/logging.py", line 13, in dispatch
    response = await call_next(request)
               ^^^^^^^^^^^^^^^^^^^^^^^^
  File "/home/u1/Desktop/devops_project/UniOps-SaaS-Product/backend/venv/lib/python3.12/site-packages/starlette/middleware/base.py", line 165, in call_next
    raise app_exc
  File "/home/u1/Desktop/devops_project/UniOps-SaaS-Product/backend/venv/lib/python3.12/site-packages/starlette/middleware/base.py", line 151, in coro
    await self.app(scope, receive_or_disconnect, send_no_error)
  File "/home/u1/Desktop/devops_project/UniOps-SaaS-Product/backend/venv/lib/python3.12/site-packages/starlette/middleware/cors.py", line 93, in __call__
    await self.simple_response(scope, receive, send, request_headers=headers)
  File "/home/u1/Desktop/devops_project/UniOps-SaaS-Product/backend/venv/lib/python3.12/site-packages/starlette/middleware/cors.py", line 148, in simple_response
    await self.app(scope, receive, send)
  File "/home/u1/Desktop/devops_project/UniOps-SaaS-Product/backend/venv/lib/python3.12/site-packages/prometheus_fastapi_instrumentator/middleware.py", line 169, in __call__
    raise exc
  File "/home/u1/Desktop/devops_project/UniOps-SaaS-Product/backend/venv/lib/python3.12/site-packages/prometheus_fastapi_instrumentator/middleware.py", line 167, in __call__
    await self.app(scope, receive, send_wrapper)
  File "/home/u1/Desktop/devops_project/UniOps-SaaS-Product/backend/venv/lib/python3.12/site-packages/starlette/middleware/exceptions.py", line 65, in __call__
    await wrap_app_handling_exceptions(self.app, conn)(scope, receive, send)
  File "/home/u1/Desktop/devops_project/UniOps-SaaS-Product/backend/venv/lib/python3.12/site-packages/starlette/_exception_handler.py", line 64, in wrapped_app
    raise exc
  File "/home/u1/Desktop/devops_project/UniOps-SaaS-Product/backend/venv/lib/python3.12/site-packages/starlette/_exception_handler.py", line 53, in wrapped_app
    await app(scope, receive, sender)
  File "/home/u1/Desktop/devops_project/UniOps-SaaS-Product/backend/venv/lib/python3.12/site-packages/starlette/routing.py", line 756, in __call__
    await self.middleware_stack(scope, receive, send)
  File "/home/u1/Desktop/devops_project/UniOps-SaaS-Product/backend/venv/lib/python3.12/site-packages/starlette/routing.py", line 776, in app
    await route.handle(scope, receive, send)
  File "/home/u1/Desktop/devops_project/UniOps-SaaS-Product/backend/venv/lib/python3.12/site-packages/starlette/routing.py", line 297, in handle
    await self.app(scope, receive, send)
  File "/home/u1/Desktop/devops_project/UniOps-SaaS-Product/backend/venv/lib/python3.12/site-packages/starlette/routing.py", line 77, in app
    await wrap_app_handling_exceptions(app, request)(scope, receive, send)
  File "/home/u1/Desktop/devops_project/UniOps-SaaS-Product/backend/venv/lib/python3.12/site-packages/starlette/_exception_handler.py", line 64, in wrapped_app
    raise exc
  File "/home/u1/Desktop/devops_project/UniOps-SaaS-Product/backend/venv/lib/python3.12/site-packages/starlette/_exception_handler.py", line 53, in wrapped_app
    await app(scope, receive, sender)
  File "/home/u1/Desktop/devops_project/UniOps-SaaS-Product/backend/venv/lib/python3.12/site-packages/starlette/routing.py", line 72, in app
    response = await func(request)
               ^^^^^^^^^^^^^^^^^^^
  File "/home/u1/Desktop/devops_project/UniOps-SaaS-Product/backend/venv/lib/python3.12/site-packages/fastapi/routing.py", line 278, in app
    raw_response = await run_endpoint_function(
                   ^^^^^^^^^^^^^^^^^^^^^^^^^^^^
  File "/home/u1/Desktop/devops_project/UniOps-SaaS-Product/backend/venv/lib/python3.12/site-packages/fastapi/routing.py", line 191, in run_endpoint_function
    return await dependant.call(**values)
           ^^^^^^^^^^^^^^^^^^^^^^^^^^^^^^
  File "/home/u1/Desktop/devops_project/UniOps-SaaS-Product/backend/app/api/v1/endpoints/auth.py", line 35, in refresh_token
    tokens = await service.refresh(data.refresh_token)
             ^^^^^^^^^^^^^^^^^^^^^^^^^^^^^^^^^^^^^^^^^
  File "/home/u1/Desktop/devops_project/UniOps-SaaS-Product/backend/app/services/auth_service.py", line 148, in refresh
    raise UnauthorizedError("Invalid or expired refresh token")
app.core.exceptions.UnauthorizedError: Invalid or expired refresh token
INFO:     127.0.0.1:34706 - "POST /api/v1/auth/refresh HTTP/1.1" 401 Unauthorized
ERROR:    Exception in ASGI application
  + Exception Group Traceback (most recent call last):
  |   File "/home/u1/Desktop/devops_project/UniOps-SaaS-Product/backend/venv/lib/python3.12/site-packages/starlette/_utils.py", line 87, in collapse_excgroups
  |     yield
  |   File "/home/u1/Desktop/devops_project/UniOps-SaaS-Product/backend/venv/lib/python3.12/site-packages/starlette/middleware/base.py", line 190, in __call__
  |     async with anyio.create_task_group() as task_group:
  |   File "/home/u1/Desktop/devops_project/UniOps-SaaS-Product/backend/venv/lib/python3.12/site-packages/anyio/_backends/_asyncio.py", line 811, in __aexit__
  |     raise BaseExceptionGroup(
  | ExceptionGroup: unhandled errors in a TaskGroup (1 sub-exception)
  +-+---------------- 1 ----------------
    | Traceback (most recent call last):
    |   File "/home/u1/Desktop/devops_project/UniOps-SaaS-Product/backend/venv/lib/python3.12/site-packages/uvicorn/protocols/http/httptools_impl.py", line 411, in run_asgi
    |     result = await app(  # type: ignore[func-returns-value]
    |              ^^^^^^^^^^^^^^^^^^^^^^^^^^^^^^^^^^^^^^^^^^^^^^
    |   File "/home/u1/Desktop/devops_project/UniOps-SaaS-Product/backend/venv/lib/python3.12/site-packages/uvicorn/middleware/proxy_headers.py", line 69, in __call__
    |     return await self.app(scope, receive, send)
    |            ^^^^^^^^^^^^^^^^^^^^^^^^^^^^^^^^^^^^
    |   File "/home/u1/Desktop/devops_project/UniOps-SaaS-Product/backend/venv/lib/python3.12/site-packages/fastapi/applications.py", line 1054, in __call__
    |     await super().__call__(scope, receive, send)
    |   File "/home/u1/Desktop/devops_project/UniOps-SaaS-Product/backend/venv/lib/python3.12/site-packages/starlette/applications.py", line 123, in __call__
    |     await self.middleware_stack(scope, receive, send)
    |   File "/home/u1/Desktop/devops_project/UniOps-SaaS-Product/backend/venv/lib/python3.12/site-packages/starlette/middleware/errors.py", line 186, in __call__
    |     raise exc
    |   File "/home/u1/Desktop/devops_project/UniOps-SaaS-Product/backend/venv/lib/python3.12/site-packages/starlette/middleware/errors.py", line 164, in __call__
    |     await self.app(scope, receive, _send)
    |   File "/home/u1/Desktop/devops_project/UniOps-SaaS-Product/backend/venv/lib/python3.12/site-packages/starlette/middleware/base.py", line 189, in __call__
    |     with collapse_excgroups():
    |   File "/usr/lib/python3.12/contextlib.py", line 158, in __exit__
    |     self.gen.throw(value)
    |   File "/home/u1/Desktop/devops_project/UniOps-SaaS-Product/backend/venv/lib/python3.12/site-packages/starlette/_utils.py", line 93, in collapse_excgroups
    |     raise exc
    |   File "/home/u1/Desktop/devops_project/UniOps-SaaS-Product/backend/venv/lib/python3.12/site-packages/starlette/middleware/base.py", line 191, in __call__
    |     response = await self.dispatch_func(request, call_next)
    |                ^^^^^^^^^^^^^^^^^^^^^^^^^^^^^^^^^^^^^^^^^^^^
    |   File "/home/u1/Desktop/devops_project/UniOps-SaaS-Product/backend/app/middleware/audit.py", line 20, in dispatch
    |     response = await call_next(request)
    |                ^^^^^^^^^^^^^^^^^^^^^^^^
    |   File "/home/u1/Desktop/devops_project/UniOps-SaaS-Product/backend/venv/lib/python3.12/site-packages/starlette/middleware/base.py", line 165, in call_next
    |     raise app_exc
    |   File "/home/u1/Desktop/devops_project/UniOps-SaaS-Product/backend/venv/lib/python3.12/site-packages/starlette/middleware/base.py", line 151, in coro
    |     await self.app(scope, receive_or_disconnect, send_no_error)
    |   File "/home/u1/Desktop/devops_project/UniOps-SaaS-Product/backend/venv/lib/python3.12/site-packages/starlette/middleware/base.py", line 189, in __call__
    |     with collapse_excgroups():
    |   File "/usr/lib/python3.12/contextlib.py", line 158, in __exit__
    |     self.gen.throw(value)
    |   File "/home/u1/Desktop/devops_project/UniOps-SaaS-Product/backend/venv/lib/python3.12/site-packages/starlette/_utils.py", line 93, in collapse_excgroups
    |     raise exc
    |   File "/home/u1/Desktop/devops_project/UniOps-SaaS-Product/backend/venv/lib/python3.12/site-packages/starlette/middleware/base.py", line 191, in __call__
    |     response = await self.dispatch_func(request, call_next)
    |                ^^^^^^^^^^^^^^^^^^^^^^^^^^^^^^^^^^^^^^^^^^^^
    |   File "/home/u1/Desktop/devops_project/UniOps-SaaS-Product/backend/app/middleware/logging.py", line 13, in dispatch
    |     response = await call_next(request)
    |                ^^^^^^^^^^^^^^^^^^^^^^^^
    |   File "/home/u1/Desktop/devops_project/UniOps-SaaS-Product/backend/venv/lib/python3.12/site-packages/starlette/middleware/base.py", line 165, in call_next
    |     raise app_exc
    |   File "/home/u1/Desktop/devops_project/UniOps-SaaS-Product/backend/venv/lib/python3.12/site-packages/starlette/middleware/base.py", line 151, in coro
    |     await self.app(scope, receive_or_disconnect, send_no_error)
    |   File "/home/u1/Desktop/devops_project/UniOps-SaaS-Product/backend/venv/lib/python3.12/site-packages/starlette/middleware/cors.py", line 93, in __call__
    |     await self.simple_response(scope, receive, send, request_headers=headers)
    |   File "/home/u1/Desktop/devops_project/UniOps-SaaS-Product/backend/venv/lib/python3.12/site-packages/starlette/middleware/cors.py", line 148, in simple_response
    |     await self.app(scope, receive, send)
    |   File "/home/u1/Desktop/devops_project/UniOps-SaaS-Product/backend/venv/lib/python3.12/site-packages/prometheus_fastapi_instrumentator/middleware.py", line 169, in __call__
    |     raise exc
    |   File "/home/u1/Desktop/devops_project/UniOps-SaaS-Product/backend/venv/lib/python3.12/site-packages/prometheus_fastapi_instrumentator/middleware.py", line 167, in __call__
    |     await self.app(scope, receive, send_wrapper)
    |   File "/home/u1/Desktop/devops_project/UniOps-SaaS-Product/backend/venv/lib/python3.12/site-packages/starlette/middleware/exceptions.py", line 65, in __call__
    |     await wrap_app_handling_exceptions(self.app, conn)(scope, receive, send)
    |   File "/home/u1/Desktop/devops_project/UniOps-SaaS-Product/backend/venv/lib/python3.12/site-packages/starlette/_exception_handler.py", line 64, in wrapped_app
    |     raise exc
    |   File "/home/u1/Desktop/devops_project/UniOps-SaaS-Product/backend/venv/lib/python3.12/site-packages/starlette/_exception_handler.py", line 53, in wrapped_app
    |     await app(scope, receive, sender)
    |   File "/home/u1/Desktop/devops_project/UniOps-SaaS-Product/backend/venv/lib/python3.12/site-packages/starlette/routing.py", line 756, in __call__
    |     await self.middleware_stack(scope, receive, send)
    |   File "/home/u1/Desktop/devops_project/UniOps-SaaS-Product/backend/venv/lib/python3.12/site-packages/starlette/routing.py", line 776, in app
    |     await route.handle(scope, receive, send)
    |   File "/home/u1/Desktop/devops_project/UniOps-SaaS-Product/backend/venv/lib/python3.12/site-packages/starlette/routing.py", line 297, in handle
    |     await self.app(scope, receive, send)
    |   File "/home/u1/Desktop/devops_project/UniOps-SaaS-Product/backend/venv/lib/python3.12/site-packages/starlette/routing.py", line 77, in app
    |     await wrap_app_handling_exceptions(app, request)(scope, receive, send)
    |   File "/home/u1/Desktop/devops_project/UniOps-SaaS-Product/backend/venv/lib/python3.12/site-packages/starlette/_exception_handler.py", line 64, in wrapped_app
    |     raise exc
    |   File "/home/u1/Desktop/devops_project/UniOps-SaaS-Product/backend/venv/lib/python3.12/site-packages/starlette/_exception_handler.py", line 53, in wrapped_app
    |     await app(scope, receive, sender)
    |   File "/home/u1/Desktop/devops_project/UniOps-SaaS-Product/backend/venv/lib/python3.12/site-packages/starlette/routing.py", line 72, in app
    |     response = await func(request)
    |                ^^^^^^^^^^^^^^^^^^^
    |   File "/home/u1/Desktop/devops_project/UniOps-SaaS-Product/backend/venv/lib/python3.12/site-packages/fastapi/routing.py", line 278, in app
    |     raw_response = await run_endpoint_function(
    |                    ^^^^^^^^^^^^^^^^^^^^^^^^^^^^
    |   File "/home/u1/Desktop/devops_project/UniOps-SaaS-Product/backend/venv/lib/python3.12/site-packages/fastapi/routing.py", line 191, in run_endpoint_function
    |     return await dependant.call(**values)
    |            ^^^^^^^^^^^^^^^^^^^^^^^^^^^^^^
    |   File "/home/u1/Desktop/devops_project/UniOps-SaaS-Product/backend/app/api/v1/endpoints/auth.py", line 35, in refresh_token
    |     tokens = await service.refresh(data.refresh_token)
    |              ^^^^^^^^^^^^^^^^^^^^^^^^^^^^^^^^^^^^^^^^^
    |   File "/home/u1/Desktop/devops_project/UniOps-SaaS-Product/backend/app/services/auth_service.py", line 148, in refresh
    |     raise UnauthorizedError("Invalid or expired refresh token")
    | app.core.exceptions.UnauthorizedError: Invalid or expired refresh token
    +------------------------------------

During handling of the above exception, another exception occurred:

Traceback (most recent call last):
  File "/home/u1/Desktop/devops_project/UniOps-SaaS-Product/backend/venv/lib/python3.12/site-packages/uvicorn/protocols/http/httptools_impl.py", line 411, in run_asgi
    result = await app(  # type: ignore[func-returns-value]
             ^^^^^^^^^^^^^^^^^^^^^^^^^^^^^^^^^^^^^^^^^^^^^^
  File "/home/u1/Desktop/devops_project/UniOps-SaaS-Product/backend/venv/lib/python3.12/site-packages/uvicorn/middleware/proxy_headers.py", line 69, in __call__
    return await self.app(scope, receive, send)
           ^^^^^^^^^^^^^^^^^^^^^^^^^^^^^^^^^^^^
  File "/home/u1/Desktop/devops_project/UniOps-SaaS-Product/backend/venv/lib/python3.12/site-packages/fastapi/applications.py", line 1054, in __call__
    await super().__call__(scope, receive, send)
  File "/home/u1/Desktop/devops_project/UniOps-SaaS-Product/backend/venv/lib/python3.12/site-packages/starlette/applications.py", line 123, in __call__
    await self.middleware_stack(scope, receive, send)
  File "/home/u1/Desktop/devops_project/UniOps-SaaS-Product/backend/venv/lib/python3.12/site-packages/starlette/middleware/errors.py", line 186, in __call__
    raise exc
  File "/home/u1/Desktop/devops_project/UniOps-SaaS-Product/backend/venv/lib/python3.12/site-packages/starlette/middleware/errors.py", line 164, in __call__
    await self.app(scope, receive, _send)
  File "/home/u1/Desktop/devops_project/UniOps-SaaS-Product/backend/venv/lib/python3.12/site-packages/starlette/middleware/base.py", line 189, in __call__
    with collapse_excgroups():
  File "/usr/lib/python3.12/contextlib.py", line 158, in __exit__
    self.gen.throw(value)
  File "/home/u1/Desktop/devops_project/UniOps-SaaS-Product/backend/venv/lib/python3.12/site-packages/starlette/_utils.py", line 93, in collapse_excgroups
    raise exc
  File "/home/u1/Desktop/devops_project/UniOps-SaaS-Product/backend/venv/lib/python3.12/site-packages/starlette/middleware/base.py", line 191, in __call__
    response = await self.dispatch_func(request, call_next)
               ^^^^^^^^^^^^^^^^^^^^^^^^^^^^^^^^^^^^^^^^^^^^
  File "/home/u1/Desktop/devops_project/UniOps-SaaS-Product/backend/app/middleware/audit.py", line 20, in dispatch
    response = await call_next(request)
               ^^^^^^^^^^^^^^^^^^^^^^^^
  File "/home/u1/Desktop/devops_project/UniOps-SaaS-Product/backend/venv/lib/python3.12/site-packages/starlette/middleware/base.py", line 165, in call_next
    raise app_exc
  File "/home/u1/Desktop/devops_project/UniOps-SaaS-Product/backend/venv/lib/python3.12/site-packages/starlette/middleware/base.py", line 151, in coro
    await self.app(scope, receive_or_disconnect, send_no_error)
  File "/home/u1/Desktop/devops_project/UniOps-SaaS-Product/backend/venv/lib/python3.12/site-packages/starlette/middleware/base.py", line 189, in __call__
    with collapse_excgroups():
  File "/usr/lib/python3.12/contextlib.py", line 158, in __exit__
    self.gen.throw(value)
  File "/home/u1/Desktop/devops_project/UniOps-SaaS-Product/backend/venv/lib/python3.12/site-packages/starlette/_utils.py", line 93, in collapse_excgroups
    raise exc
  File "/home/u1/Desktop/devops_project/UniOps-SaaS-Product/backend/venv/lib/python3.12/site-packages/starlette/middleware/base.py", line 191, in __call__
    response = await self.dispatch_func(request, call_next)
               ^^^^^^^^^^^^^^^^^^^^^^^^^^^^^^^^^^^^^^^^^^^^
  File "/home/u1/Desktop/devops_project/UniOps-SaaS-Product/backend/app/middleware/logging.py", line 13, in dispatch
    response = await call_next(request)
               ^^^^^^^^^^^^^^^^^^^^^^^^
  File "/home/u1/Desktop/devops_project/UniOps-SaaS-Product/backend/venv/lib/python3.12/site-packages/starlette/middleware/base.py", line 165, in call_next
    raise app_exc
  File "/home/u1/Desktop/devops_project/UniOps-SaaS-Product/backend/venv/lib/python3.12/site-packages/starlette/middleware/base.py", line 151, in coro
    await self.app(scope, receive_or_disconnect, send_no_error)
  File "/home/u1/Desktop/devops_project/UniOps-SaaS-Product/backend/venv/lib/python3.12/site-packages/starlette/middleware/cors.py", line 93, in __call__
    await self.simple_response(scope, receive, send, request_headers=headers)
  File "/home/u1/Desktop/devops_project/UniOps-SaaS-Product/backend/venv/lib/python3.12/site-packages/starlette/middleware/cors.py", line 148, in simple_response
    await self.app(scope, receive, send)
  File "/home/u1/Desktop/devops_project/UniOps-SaaS-Product/backend/venv/lib/python3.12/site-packages/prometheus_fastapi_instrumentator/middleware.py", line 169, in __call__
    raise exc
  File "/home/u1/Desktop/devops_project/UniOps-SaaS-Product/backend/venv/lib/python3.12/site-packages/prometheus_fastapi_instrumentator/middleware.py", line 167, in __call__
    await self.app(scope, receive, send_wrapper)
  File "/home/u1/Desktop/devops_project/UniOps-SaaS-Product/backend/venv/lib/python3.12/site-packages/starlette/middleware/exceptions.py", line 65, in __call__
    await wrap_app_handling_exceptions(self.app, conn)(scope, receive, send)
  File "/home/u1/Desktop/devops_project/UniOps-SaaS-Product/backend/venv/lib/python3.12/site-packages/starlette/_exception_handler.py", line 64, in wrapped_app
    raise exc
  File "/home/u1/Desktop/devops_project/UniOps-SaaS-Product/backend/venv/lib/python3.12/site-packages/starlette/_exception_handler.py", line 53, in wrapped_app
    await app(scope, receive, sender)
  File "/home/u1/Desktop/devops_project/UniOps-SaaS-Product/backend/venv/lib/python3.12/site-packages/starlette/routing.py", line 756, in __call__
    await self.middleware_stack(scope, receive, send)
  File "/home/u1/Desktop/devops_project/UniOps-SaaS-Product/backend/venv/lib/python3.12/site-packages/starlette/routing.py", line 776, in app
    await route.handle(scope, receive, send)
  File "/home/u1/Desktop/devops_project/UniOps-SaaS-Product/backend/venv/lib/python3.12/site-packages/starlette/routing.py", line 297, in handle
    await self.app(scope, receive, send)
  File "/home/u1/Desktop/devops_project/UniOps-SaaS-Product/backend/venv/lib/python3.12/site-packages/starlette/routing.py", line 77, in app
    await wrap_app_handling_exceptions(app, request)(scope, receive, send)
  File "/home/u1/Desktop/devops_project/UniOps-SaaS-Product/backend/venv/lib/python3.12/site-packages/starlette/_exception_handler.py", line 64, in wrapped_app
    raise exc
  File "/home/u1/Desktop/devops_project/UniOps-SaaS-Product/backend/venv/lib/python3.12/site-packages/starlette/_exception_handler.py", line 53, in wrapped_app
    await app(scope, receive, sender)
  File "/home/u1/Desktop/devops_project/UniOps-SaaS-Product/backend/venv/lib/python3.12/site-packages/starlette/routing.py", line 72, in app
    response = await func(request)
               ^^^^^^^^^^^^^^^^^^^
  File "/home/u1/Desktop/devops_project/UniOps-SaaS-Product/backend/venv/lib/python3.12/site-packages/fastapi/routing.py", line 278, in app
    raw_response = await run_endpoint_function(
                   ^^^^^^^^^^^^^^^^^^^^^^^^^^^^
  File "/home/u1/Desktop/devops_project/UniOps-SaaS-Product/backend/venv/lib/python3.12/site-packages/fastapi/routing.py", line 191, in run_endpoint_function
    return await dependant.call(**values)
           ^^^^^^^^^^^^^^^^^^^^^^^^^^^^^^
  File "/home/u1/Desktop/devops_project/UniOps-SaaS-Product/backend/app/api/v1/endpoints/auth.py", line 35, in refresh_token
    tokens = await service.refresh(data.refresh_token)
             ^^^^^^^^^^^^^^^^^^^^^^^^^^^^^^^^^^^^^^^^^
  File "/home/u1/Desktop/devops_project/UniOps-SaaS-Product/backend/app/services/auth_service.py", line 148, in refresh
    raise UnauthorizedError("Invalid or expired refresh token")
app.core.exceptions.UnauthorizedError: Invalid or expired refresh token
INFO:     127.0.0.1:34718 - "POST /api/v1/auth/refresh HTTP/1.1" 401 Unauthorized
ERROR:    Exception in ASGI application
  + Exception Group Traceback (most recent call last):
  |   File "/home/u1/Desktop/devops_project/UniOps-SaaS-Product/backend/venv/lib/python3.12/site-packages/starlette/_utils.py", line 87, in collapse_excgroups
  |     yield
  |   File "/home/u1/Desktop/devops_project/UniOps-SaaS-Product/backend/venv/lib/python3.12/site-packages/starlette/middleware/base.py", line 190, in __call__
  |     async with anyio.create_task_group() as task_group:
  |   File "/home/u1/Desktop/devops_project/UniOps-SaaS-Product/backend/venv/lib/python3.12/site-packages/anyio/_backends/_asyncio.py", line 811, in __aexit__
  |     raise BaseExceptionGroup(
  | ExceptionGroup: unhandled errors in a TaskGroup (1 sub-exception)
  +-+---------------- 1 ----------------
    | Traceback (most recent call last):
    |   File "/home/u1/Desktop/devops_project/UniOps-SaaS-Product/backend/venv/lib/python3.12/site-packages/uvicorn/protocols/http/httptools_impl.py", line 411, in run_asgi
    |     result = await app(  # type: ignore[func-returns-value]
    |              ^^^^^^^^^^^^^^^^^^^^^^^^^^^^^^^^^^^^^^^^^^^^^^
    |   File "/home/u1/Desktop/devops_project/UniOps-SaaS-Product/backend/venv/lib/python3.12/site-packages/uvicorn/middleware/proxy_headers.py", line 69, in __call__
    |     return await self.app(scope, receive, send)
    |            ^^^^^^^^^^^^^^^^^^^^^^^^^^^^^^^^^^^^
    |   File "/home/u1/Desktop/devops_project/UniOps-SaaS-Product/backend/venv/lib/python3.12/site-packages/fastapi/applications.py", line 1054, in __call__
    |     await super().__call__(scope, receive, send)
    |   File "/home/u1/Desktop/devops_project/UniOps-SaaS-Product/backend/venv/lib/python3.12/site-packages/starlette/applications.py", line 123, in __call__
    |     await self.middleware_stack(scope, receive, send)
    |   File "/home/u1/Desktop/devops_project/UniOps-SaaS-Product/backend/venv/lib/python3.12/site-packages/starlette/middleware/errors.py", line 186, in __call__
    |     raise exc
    |   File "/home/u1/Desktop/devops_project/UniOps-SaaS-Product/backend/venv/lib/python3.12/site-packages/starlette/middleware/errors.py", line 164, in __call__
    |     await self.app(scope, receive, _send)
    |   File "/home/u1/Desktop/devops_project/UniOps-SaaS-Product/backend/venv/lib/python3.12/site-packages/starlette/middleware/base.py", line 189, in __call__
    |     with collapse_excgroups():
    |   File "/usr/lib/python3.12/contextlib.py", line 158, in __exit__
    |     self.gen.throw(value)
    |   File "/home/u1/Desktop/devops_project/UniOps-SaaS-Product/backend/venv/lib/python3.12/site-packages/starlette/_utils.py", line 93, in collapse_excgroups
    |     raise exc
    |   File "/home/u1/Desktop/devops_project/UniOps-SaaS-Product/backend/venv/lib/python3.12/site-packages/starlette/middleware/base.py", line 191, in __call__
    |     response = await self.dispatch_func(request, call_next)
    |                ^^^^^^^^^^^^^^^^^^^^^^^^^^^^^^^^^^^^^^^^^^^^
    |   File "/home/u1/Desktop/devops_project/UniOps-SaaS-Product/backend/app/middleware/audit.py", line 20, in dispatch
    |     response = await call_next(request)
    |                ^^^^^^^^^^^^^^^^^^^^^^^^
    |   File "/home/u1/Desktop/devops_project/UniOps-SaaS-Product/backend/venv/lib/python3.12/site-packages/starlette/middleware/base.py", line 165, in call_next
    |     raise app_exc
    |   File "/home/u1/Desktop/devops_project/UniOps-SaaS-Product/backend/venv/lib/python3.12/site-packages/starlette/middleware/base.py", line 151, in coro
    |     await self.app(scope, receive_or_disconnect, send_no_error)
    |   File "/home/u1/Desktop/devops_project/UniOps-SaaS-Product/backend/venv/lib/python3.12/site-packages/starlette/middleware/base.py", line 189, in __call__
    |     with collapse_excgroups():
    |   File "/usr/lib/python3.12/contextlib.py", line 158, in __exit__
    |     self.gen.throw(value)
    |   File "/home/u1/Desktop/devops_project/UniOps-SaaS-Product/backend/venv/lib/python3.12/site-packages/starlette/_utils.py", line 93, in collapse_excgroups
    |     raise exc
    |   File "/home/u1/Desktop/devops_project/UniOps-SaaS-Product/backend/venv/lib/python3.12/site-packages/starlette/middleware/base.py", line 191, in __call__
    |     response = await self.dispatch_func(request, call_next)
    |                ^^^^^^^^^^^^^^^^^^^^^^^^^^^^^^^^^^^^^^^^^^^^
    |   File "/home/u1/Desktop/devops_project/UniOps-SaaS-Product/backend/app/middleware/logging.py", line 13, in dispatch
    |     response = await call_next(request)
    |                ^^^^^^^^^^^^^^^^^^^^^^^^
    |   File "/home/u1/Desktop/devops_project/UniOps-SaaS-Product/backend/venv/lib/python3.12/site-packages/starlette/middleware/base.py", line 165, in call_next
    |     raise app_exc
    |   File "/home/u1/Desktop/devops_project/UniOps-SaaS-Product/backend/venv/lib/python3.12/site-packages/starlette/middleware/base.py", line 151, in coro
    |     await self.app(scope, receive_or_disconnect, send_no_error)
    |   File "/home/u1/Desktop/devops_project/UniOps-SaaS-Product/backend/venv/lib/python3.12/site-packages/starlette/middleware/cors.py", line 93, in __call__
    |     await self.simple_response(scope, receive, send, request_headers=headers)
    |   File "/home/u1/Desktop/devops_project/UniOps-SaaS-Product/backend/venv/lib/python3.12/site-packages/starlette/middleware/cors.py", line 148, in simple_response
    |     await self.app(scope, receive, send)
    |   File "/home/u1/Desktop/devops_project/UniOps-SaaS-Product/backend/venv/lib/python3.12/site-packages/prometheus_fastapi_instrumentator/middleware.py", line 169, in __call__
    |     raise exc
    |   File "/home/u1/Desktop/devops_project/UniOps-SaaS-Product/backend/venv/lib/python3.12/site-packages/prometheus_fastapi_instrumentator/middleware.py", line 167, in __call__
    |     await self.app(scope, receive, send_wrapper)
    |   File "/home/u1/Desktop/devops_project/UniOps-SaaS-Product/backend/venv/lib/python3.12/site-packages/starlette/middleware/exceptions.py", line 65, in __call__
    |     await wrap_app_handling_exceptions(self.app, conn)(scope, receive, send)
    |   File "/home/u1/Desktop/devops_project/UniOps-SaaS-Product/backend/venv/lib/python3.12/site-packages/starlette/_exception_handler.py", line 64, in wrapped_app
    |     raise exc
    |   File "/home/u1/Desktop/devops_project/UniOps-SaaS-Product/backend/venv/lib/python3.12/site-packages/starlette/_exception_handler.py", line 53, in wrapped_app
    |     await app(scope, receive, sender)
    |   File "/home/u1/Desktop/devops_project/UniOps-SaaS-Product/backend/venv/lib/python3.12/site-packages/starlette/routing.py", line 756, in __call__
    |     await self.middleware_stack(scope, receive, send)
    |   File "/home/u1/Desktop/devops_project/UniOps-SaaS-Product/backend/venv/lib/python3.12/site-packages/starlette/routing.py", line 776, in app
    |     await route.handle(scope, receive, send)
    |   File "/home/u1/Desktop/devops_project/UniOps-SaaS-Product/backend/venv/lib/python3.12/site-packages/starlette/routing.py", line 297, in handle
    |     await self.app(scope, receive, send)
    |   File "/home/u1/Desktop/devops_project/UniOps-SaaS-Product/backend/venv/lib/python3.12/site-packages/starlette/routing.py", line 77, in app
    |     await wrap_app_handling_exceptions(app, request)(scope, receive, send)
    |   File "/home/u1/Desktop/devops_project/UniOps-SaaS-Product/backend/venv/lib/python3.12/site-packages/starlette/_exception_handler.py", line 64, in wrapped_app
    |     raise exc
    |   File "/home/u1/Desktop/devops_project/UniOps-SaaS-Product/backend/venv/lib/python3.12/site-packages/starlette/_exception_handler.py", line 53, in wrapped_app
    |     await app(scope, receive, sender)
    |   File "/home/u1/Desktop/devops_project/UniOps-SaaS-Product/backend/venv/lib/python3.12/site-packages/starlette/routing.py", line 72, in app
    |     response = await func(request)
    |                ^^^^^^^^^^^^^^^^^^^
    |   File "/home/u1/Desktop/devops_project/UniOps-SaaS-Product/backend/venv/lib/python3.12/site-packages/fastapi/routing.py", line 278, in app
    |     raw_response = await run_endpoint_function(
    |                    ^^^^^^^^^^^^^^^^^^^^^^^^^^^^
    |   File "/home/u1/Desktop/devops_project/UniOps-SaaS-Product/backend/venv/lib/python3.12/site-packages/fastapi/routing.py", line 191, in run_endpoint_function
    |     return await dependant.call(**values)
    |            ^^^^^^^^^^^^^^^^^^^^^^^^^^^^^^
    |   File "/home/u1/Desktop/devops_project/UniOps-SaaS-Product/backend/app/api/v1/endpoints/auth.py", line 35, in refresh_token
    |     tokens = await service.refresh(data.refresh_token)
    |              ^^^^^^^^^^^^^^^^^^^^^^^^^^^^^^^^^^^^^^^^^
    |   File "/home/u1/Desktop/devops_project/UniOps-SaaS-Product/backend/app/services/auth_service.py", line 148, in refresh
    |     raise UnauthorizedError("Invalid or expired refresh token")
    | app.core.exceptions.UnauthorizedError: Invalid or expired refresh token
    +------------------------------------

During handling of the above exception, another exception occurred:

Traceback (most recent call last):
  File "/home/u1/Desktop/devops_project/UniOps-SaaS-Product/backend/venv/lib/python3.12/site-packages/uvicorn/protocols/http/httptools_impl.py", line 411, in run_asgi
    result = await app(  # type: ignore[func-returns-value]
             ^^^^^^^^^^^^^^^^^^^^^^^^^^^^^^^^^^^^^^^^^^^^^^
  File "/home/u1/Desktop/devops_project/UniOps-SaaS-Product/backend/venv/lib/python3.12/site-packages/uvicorn/middleware/proxy_headers.py", line 69, in __call__
    return await self.app(scope, receive, send)
           ^^^^^^^^^^^^^^^^^^^^^^^^^^^^^^^^^^^^
  File "/home/u1/Desktop/devops_project/UniOps-SaaS-Product/backend/venv/lib/python3.12/site-packages/fastapi/applications.py", line 1054, in __call__
    await super().__call__(scope, receive, send)
  File "/home/u1/Desktop/devops_project/UniOps-SaaS-Product/backend/venv/lib/python3.12/site-packages/starlette/applications.py", line 123, in __call__
    await self.middleware_stack(scope, receive, send)
  File "/home/u1/Desktop/devops_project/UniOps-SaaS-Product/backend/venv/lib/python3.12/site-packages/starlette/middleware/errors.py", line 186, in __call__
    raise exc
  File "/home/u1/Desktop/devops_project/UniOps-SaaS-Product/backend/venv/lib/python3.12/site-packages/starlette/middleware/errors.py", line 164, in __call__
    await self.app(scope, receive, _send)
  File "/home/u1/Desktop/devops_project/UniOps-SaaS-Product/backend/venv/lib/python3.12/site-packages/starlette/middleware/base.py", line 189, in __call__
    with collapse_excgroups():
  File "/usr/lib/python3.12/contextlib.py", line 158, in __exit__
    self.gen.throw(value)
  File "/home/u1/Desktop/devops_project/UniOps-SaaS-Product/backend/venv/lib/python3.12/site-packages/starlette/_utils.py", line 93, in collapse_excgroups
    raise exc
  File "/home/u1/Desktop/devops_project/UniOps-SaaS-Product/backend/venv/lib/python3.12/site-packages/starlette/middleware/base.py", line 191, in __call__
    response = await self.dispatch_func(request, call_next)
               ^^^^^^^^^^^^^^^^^^^^^^^^^^^^^^^^^^^^^^^^^^^^
  File "/home/u1/Desktop/devops_project/UniOps-SaaS-Product/backend/app/middleware/audit.py", line 20, in dispatch
    response = await call_next(request)
               ^^^^^^^^^^^^^^^^^^^^^^^^
  File "/home/u1/Desktop/devops_project/UniOps-SaaS-Product/backend/venv/lib/python3.12/site-packages/starlette/middleware/base.py", line 165, in call_next
    raise app_exc
  File "/home/u1/Desktop/devops_project/UniOps-SaaS-Product/backend/venv/lib/python3.12/site-packages/starlette/middleware/base.py", line 151, in coro
    await self.app(scope, receive_or_disconnect, send_no_error)
  File "/home/u1/Desktop/devops_project/UniOps-SaaS-Product/backend/venv/lib/python3.12/site-packages/starlette/middleware/base.py", line 189, in __call__
    with collapse_excgroups():
  File "/usr/lib/python3.12/contextlib.py", line 158, in __exit__
    self.gen.throw(value)
  File "/home/u1/Desktop/devops_project/UniOps-SaaS-Product/backend/venv/lib/python3.12/site-packages/starlette/_utils.py", line 93, in collapse_excgroups
    raise exc
  File "/home/u1/Desktop/devops_project/UniOps-SaaS-Product/backend/venv/lib/python3.12/site-packages/starlette/middleware/base.py", line 191, in __call__
    response = await self.dispatch_func(request, call_next)
               ^^^^^^^^^^^^^^^^^^^^^^^^^^^^^^^^^^^^^^^^^^^^
  File "/home/u1/Desktop/devops_project/UniOps-SaaS-Product/backend/app/middleware/logging.py", line 13, in dispatch
    response = await call_next(request)
               ^^^^^^^^^^^^^^^^^^^^^^^^
  File "/home/u1/Desktop/devops_project/UniOps-SaaS-Product/backend/venv/lib/python3.12/site-packages/starlette/middleware/base.py", line 165, in call_next
    raise app_exc
  File "/home/u1/Desktop/devops_project/UniOps-SaaS-Product/backend/venv/lib/python3.12/site-packages/starlette/middleware/base.py", line 151, in coro
    await self.app(scope, receive_or_disconnect, send_no_error)
  File "/home/u1/Desktop/devops_project/UniOps-SaaS-Product/backend/venv/lib/python3.12/site-packages/starlette/middleware/cors.py", line 93, in __call__
    await self.simple_response(scope, receive, send, request_headers=headers)
  File "/home/u1/Desktop/devops_project/UniOps-SaaS-Product/backend/venv/lib/python3.12/site-packages/starlette/middleware/cors.py", line 148, in simple_response
    await self.app(scope, receive, send)
  File "/home/u1/Desktop/devops_project/UniOps-SaaS-Product/backend/venv/lib/python3.12/site-packages/prometheus_fastapi_instrumentator/middleware.py", line 169, in __call__
    raise exc
  File "/home/u1/Desktop/devops_project/UniOps-SaaS-Product/backend/venv/lib/python3.12/site-packages/prometheus_fastapi_instrumentator/middleware.py", line 167, in __call__
    await self.app(scope, receive, send_wrapper)
  File "/home/u1/Desktop/devops_project/UniOps-SaaS-Product/backend/venv/lib/python3.12/site-packages/starlette/middleware/exceptions.py", line 65, in __call__
    await wrap_app_handling_exceptions(self.app, conn)(scope, receive, send)
  File "/home/u1/Desktop/devops_project/UniOps-SaaS-Product/backend/venv/lib/python3.12/site-packages/starlette/_exception_handler.py", line 64, in wrapped_app
    raise exc
  File "/home/u1/Desktop/devops_project/UniOps-SaaS-Product/backend/venv/lib/python3.12/site-packages/starlette/_exception_handler.py", line 53, in wrapped_app
    await app(scope, receive, sender)
  File "/home/u1/Desktop/devops_project/UniOps-SaaS-Product/backend/venv/lib/python3.12/site-packages/starlette/routing.py", line 756, in __call__
    await self.middleware_stack(scope, receive, send)
  File "/home/u1/Desktop/devops_project/UniOps-SaaS-Product/backend/venv/lib/python3.12/site-packages/starlette/routing.py", line 776, in app
    await route.handle(scope, receive, send)
  File "/home/u1/Desktop/devops_project/UniOps-SaaS-Product/backend/venv/lib/python3.12/site-packages/starlette/routing.py", line 297, in handle
    await self.app(scope, receive, send)
  File "/home/u1/Desktop/devops_project/UniOps-SaaS-Product/backend/venv/lib/python3.12/site-packages/starlette/routing.py", line 77, in app
    await wrap_app_handling_exceptions(app, request)(scope, receive, send)
  File "/home/u1/Desktop/devops_project/UniOps-SaaS-Product/backend/venv/lib/python3.12/site-packages/starlette/_exception_handler.py", line 64, in wrapped_app
    raise exc
  File "/home/u1/Desktop/devops_project/UniOps-SaaS-Product/backend/venv/lib/python3.12/site-packages/starlette/_exception_handler.py", line 53, in wrapped_app
    await app(scope, receive, sender)
  File "/home/u1/Desktop/devops_project/UniOps-SaaS-Product/backend/venv/lib/python3.12/site-packages/starlette/routing.py", line 72, in app
    response = await func(request)
               ^^^^^^^^^^^^^^^^^^^
  File "/home/u1/Desktop/devops_project/UniOps-SaaS-Product/backend/venv/lib/python3.12/site-packages/fastapi/routing.py", line 278, in app
    raw_response = await run_endpoint_function(
                   ^^^^^^^^^^^^^^^^^^^^^^^^^^^^
  File "/home/u1/Desktop/devops_project/UniOps-SaaS-Product/backend/venv/lib/python3.12/site-packages/fastapi/routing.py", line 191, in run_endpoint_function
    return await dependant.call(**values)
           ^^^^^^^^^^^^^^^^^^^^^^^^^^^^^^
  File "/home/u1/Desktop/devops_project/UniOps-SaaS-Product/backend/app/api/v1/endpoints/auth.py", line 35, in refresh_token
    tokens = await service.refresh(data.refresh_token)
             ^^^^^^^^^^^^^^^^^^^^^^^^^^^^^^^^^^^^^^^^^
  File "/home/u1/Desktop/devops_project/UniOps-SaaS-Product/backend/app/services/auth_service.py", line 148, in refresh
    raise UnauthorizedError("Invalid or expired refresh token")
app.core.exceptions.UnauthorizedError: Invalid or expired refresh token
[32m2026-06-16 18:23:30[0m | [31m[1mERROR   [0m | [36mapp.middleware.logging[0m:[36m23[0m - [31m[1m[e4e51e83] GET /api/v1/alerts → ERR (0.95ms): Bearer token required[0m
INFO:     127.0.0.1:34728 - "GET /api/v1/alerts?page_size=10 HTTP/1.1" 401 Unauthorized
ERROR:    Exception in ASGI application
  + Exception Group Traceback (most recent call last):
  |   File "/home/u1/Desktop/devops_project/UniOps-SaaS-Product/backend/venv/lib/python3.12/site-packages/starlette/_utils.py", line 87, in collapse_excgroups
  |     yield
  |   File "/home/u1/Desktop/devops_project/UniOps-SaaS-Product/backend/venv/lib/python3.12/site-packages/starlette/middleware/base.py", line 190, in __call__
  |     async with anyio.create_task_group() as task_group:
  |   File "/home/u1/Desktop/devops_project/UniOps-SaaS-Product/backend/venv/lib/python3.12/site-packages/anyio/_backends/_asyncio.py", line 811, in __aexit__
  |     raise BaseExceptionGroup(
  | ExceptionGroup: unhandled errors in a TaskGroup (1 sub-exception)
  +-+---------------- 1 ----------------
    | Traceback (most recent call last):
    |   File "/home/u1/Desktop/devops_project/UniOps-SaaS-Product/backend/venv/lib/python3.12/site-packages/uvicorn/protocols/http/httptools_impl.py", line 411, in run_asgi
    |     result = await app(  # type: ignore[func-returns-value]
    |              ^^^^^^^^^^^^^^^^^^^^^^^^^^^^^^^^^^^^^^^^^^^^^^
    |   File "/home/u1/Desktop/devops_project/UniOps-SaaS-Product/backend/venv/lib/python3.12/site-packages/uvicorn/middleware/proxy_headers.py", line 69, in __call__
    |     return await self.app(scope, receive, send)
    |            ^^^^^^^^^^^^^^^^^^^^^^^^^^^^^^^^^^^^
    |   File "/home/u1/Desktop/devops_project/UniOps-SaaS-Product/backend/venv/lib/python3.12/site-packages/fastapi/applications.py", line 1054, in __call__
    |     await super().__call__(scope, receive, send)
    |   File "/home/u1/Desktop/devops_project/UniOps-SaaS-Product/backend/venv/lib/python3.12/site-packages/starlette/applications.py", line 123, in __call__
    |     await self.middleware_stack(scope, receive, send)
    |   File "/home/u1/Desktop/devops_project/UniOps-SaaS-Product/backend/venv/lib/python3.12/site-packages/starlette/middleware/errors.py", line 186, in __call__
    |     raise exc
    |   File "/home/u1/Desktop/devops_project/UniOps-SaaS-Product/backend/venv/lib/python3.12/site-packages/starlette/middleware/errors.py", line 164, in __call__
    |     await self.app(scope, receive, _send)
    |   File "/home/u1/Desktop/devops_project/UniOps-SaaS-Product/backend/venv/lib/python3.12/site-packages/starlette/middleware/base.py", line 189, in __call__
    |     with collapse_excgroups():
    |   File "/usr/lib/python3.12/contextlib.py", line 158, in __exit__
    |     self.gen.throw(value)
    |   File "/home/u1/Desktop/devops_project/UniOps-SaaS-Product/backend/venv/lib/python3.12/site-packages/starlette/_utils.py", line 93, in collapse_excgroups
    |     raise exc
    |   File "/home/u1/Desktop/devops_project/UniOps-SaaS-Product/backend/venv/lib/python3.12/site-packages/starlette/middleware/base.py", line 191, in __call__
    |     response = await self.dispatch_func(request, call_next)
    |                ^^^^^^^^^^^^^^^^^^^^^^^^^^^^^^^^^^^^^^^^^^^^
    |   File "/home/u1/Desktop/devops_project/UniOps-SaaS-Product/backend/app/middleware/audit.py", line 20, in dispatch
    |     response = await call_next(request)
    |                ^^^^^^^^^^^^^^^^^^^^^^^^
    |   File "/home/u1/Desktop/devops_project/UniOps-SaaS-Product/backend/venv/lib/python3.12/site-packages/starlette/middleware/base.py", line 165, in call_next
    |     raise app_exc
    |   File "/home/u1/Desktop/devops_project/UniOps-SaaS-Product/backend/venv/lib/python3.12/site-packages/starlette/middleware/base.py", line 151, in coro
    |     await self.app(scope, receive_or_disconnect, send_no_error)
    |   File "/home/u1/Desktop/devops_project/UniOps-SaaS-Product/backend/venv/lib/python3.12/site-packages/starlette/middleware/base.py", line 189, in __call__
    |     with collapse_excgroups():
    |   File "/usr/lib/python3.12/contextlib.py", line 158, in __exit__
    |     self.gen.throw(value)
    |   File "/home/u1/Desktop/devops_project/UniOps-SaaS-Product/backend/venv/lib/python3.12/site-packages/starlette/_utils.py", line 93, in collapse_excgroups
    |     raise exc
    |   File "/home/u1/Desktop/devops_project/UniOps-SaaS-Product/backend/venv/lib/python3.12/site-packages/starlette/middleware/base.py", line 191, in __call__
    |     response = await self.dispatch_func(request, call_next)
    |                ^^^^^^^^^^^^^^^^^^^^^^^^^^^^^^^^^^^^^^^^^^^^
    |   File "/home/u1/Desktop/devops_project/UniOps-SaaS-Product/backend/app/middleware/logging.py", line 13, in dispatch
    |     response = await call_next(request)
    |                ^^^^^^^^^^^^^^^^^^^^^^^^
    |   File "/home/u1/Desktop/devops_project/UniOps-SaaS-Product/backend/venv/lib/python3.12/site-packages/starlette/middleware/base.py", line 165, in call_next
    |     raise app_exc
    |   File "/home/u1/Desktop/devops_project/UniOps-SaaS-Product/backend/venv/lib/python3.12/site-packages/starlette/middleware/base.py", line 151, in coro
    |     await self.app(scope, receive_or_disconnect, send_no_error)
    |   File "/home/u1/Desktop/devops_project/UniOps-SaaS-Product/backend/venv/lib/python3.12/site-packages/starlette/middleware/cors.py", line 85, in __call__
    |     await self.app(scope, receive, send)
    |   File "/home/u1/Desktop/devops_project/UniOps-SaaS-Product/backend/venv/lib/python3.12/site-packages/prometheus_fastapi_instrumentator/middleware.py", line 169, in __call__
    |     raise exc
    |   File "/home/u1/Desktop/devops_project/UniOps-SaaS-Product/backend/venv/lib/python3.12/site-packages/prometheus_fastapi_instrumentator/middleware.py", line 167, in __call__
    |     await self.app(scope, receive, send_wrapper)
    |   File "/home/u1/Desktop/devops_project/UniOps-SaaS-Product/backend/venv/lib/python3.12/site-packages/starlette/middleware/exceptions.py", line 65, in __call__
    |     await wrap_app_handling_exceptions(self.app, conn)(scope, receive, send)
    |   File "/home/u1/Desktop/devops_project/UniOps-SaaS-Product/backend/venv/lib/python3.12/site-packages/starlette/_exception_handler.py", line 64, in wrapped_app
    |     raise exc
    |   File "/home/u1/Desktop/devops_project/UniOps-SaaS-Product/backend/venv/lib/python3.12/site-packages/starlette/_exception_handler.py", line 53, in wrapped_app
    |     await app(scope, receive, sender)
    |   File "/home/u1/Desktop/devops_project/UniOps-SaaS-Product/backend/venv/lib/python3.12/site-packages/starlette/routing.py", line 756, in __call__
    |     await self.middleware_stack(scope, receive, send)
    |   File "/home/u1/Desktop/devops_project/UniOps-SaaS-Product/backend/venv/lib/python3.12/site-packages/starlette/routing.py", line 776, in app
    |     await route.handle(scope, receive, send)
    |   File "/home/u1/Desktop/devops_project/UniOps-SaaS-Product/backend/venv/lib/python3.12/site-packages/starlette/routing.py", line 297, in handle
    |     await self.app(scope, receive, send)
    |   File "/home/u1/Desktop/devops_project/UniOps-SaaS-Product/backend/venv/lib/python3.12/site-packages/starlette/routing.py", line 77, in app
    |     await wrap_app_handling_exceptions(app, request)(scope, receive, send)
    |   File "/home/u1/Desktop/devops_project/UniOps-SaaS-Product/backend/venv/lib/python3.12/site-packages/starlette/_exception_handler.py", line 64, in wrapped_app
    |     raise exc
    |   File "/home/u1/Desktop/devops_project/UniOps-SaaS-Product/backend/venv/lib/python3.12/site-packages/starlette/_exception_handler.py", line 53, in wrapped_app
    |     await app(scope, receive, sender)
    |   File "/home/u1/Desktop/devops_project/UniOps-SaaS-Product/backend/venv/lib/python3.12/site-packages/starlette/routing.py", line 72, in app
    |     response = await func(request)
    |                ^^^^^^^^^^^^^^^^^^^
    |   File "/home/u1/Desktop/devops_project/UniOps-SaaS-Product/backend/venv/lib/python3.12/site-packages/fastapi/routing.py", line 269, in app
    |     solved_result = await solve_dependencies(
    |                     ^^^^^^^^^^^^^^^^^^^^^^^^^
    |   File "/home/u1/Desktop/devops_project/UniOps-SaaS-Product/backend/venv/lib/python3.12/site-packages/fastapi/dependencies/utils.py", line 572, in solve_dependencies
    |     solved_result = await solve_dependencies(
    |                     ^^^^^^^^^^^^^^^^^^^^^^^^^
    |   File "/home/u1/Desktop/devops_project/UniOps-SaaS-Product/backend/venv/lib/python3.12/site-packages/fastapi/dependencies/utils.py", line 600, in solve_dependencies
    |     solved = await call(**sub_values)
    |              ^^^^^^^^^^^^^^^^^^^^^^^^
    |   File "/home/u1/Desktop/devops_project/UniOps-SaaS-Product/backend/app/api/deps.py", line 25, in get_current_user
    |     raise UnauthorizedError("Bearer token required")
    | app.core.exceptions.UnauthorizedError: Bearer token required
    +------------------------------------

During handling of the above exception, another exception occurred:

Traceback (most recent call last):
  File "/home/u1/Desktop/devops_project/UniOps-SaaS-Product/backend/venv/lib/python3.12/site-packages/uvicorn/protocols/http/httptools_impl.py", line 411, in run_asgi
    result = await app(  # type: ignore[func-returns-value]
             ^^^^^^^^^^^^^^^^^^^^^^^^^^^^^^^^^^^^^^^^^^^^^^
  File "/home/u1/Desktop/devops_project/UniOps-SaaS-Product/backend/venv/lib/python3.12/site-packages/uvicorn/middleware/proxy_headers.py", line 69, in __call__
    return await self.app(scope, receive, send)
           ^^^^^^^^^^^^^^^^^^^^^^^^^^^^^^^^^^^^
  File "/home/u1/Desktop/devops_project/UniOps-SaaS-Product/backend/venv/lib/python3.12/site-packages/fastapi/applications.py", line 1054, in __call__
    await super().__call__(scope, receive, send)
  File "/home/u1/Desktop/devops_project/UniOps-SaaS-Product/backend/venv/lib/python3.12/site-packages/starlette/applications.py", line 123, in __call__
    await self.middleware_stack(scope, receive, send)
  File "/home/u1/Desktop/devops_project/UniOps-SaaS-Product/backend/venv/lib/python3.12/site-packages/starlette/middleware/errors.py", line 186, in __call__
    raise exc
  File "/home/u1/Desktop/devops_project/UniOps-SaaS-Product/backend/venv/lib/python3.12/site-packages/starlette/middleware/errors.py", line 164, in __call__
    await self.app(scope, receive, _send)
  File "/home/u1/Desktop/devops_project/UniOps-SaaS-Product/backend/venv/lib/python3.12/site-packages/starlette/middleware/base.py", line 189, in __call__
    with collapse_excgroups():
  File "/usr/lib/python3.12/contextlib.py", line 158, in __exit__
    self.gen.throw(value)
  File "/home/u1/Desktop/devops_project/UniOps-SaaS-Product/backend/venv/lib/python3.12/site-packages/starlette/_utils.py", line 93, in collapse_excgroups
    raise exc
  File "/home/u1/Desktop/devops_project/UniOps-SaaS-Product/backend/venv/lib/python3.12/site-packages/starlette/middleware/base.py", line 191, in __call__
    response = await self.dispatch_func(request, call_next)
               ^^^^^^^^^^^^^^^^^^^^^^^^^^^^^^^^^^^^^^^^^^^^
  File "/home/u1/Desktop/devops_project/UniOps-SaaS-Product/backend/app/middleware/audit.py", line 20, in dispatch
    response = await call_next(request)
               ^^^^^^^^^^^^^^^^^^^^^^^^
  File "/home/u1/Desktop/devops_project/UniOps-SaaS-Product/backend/venv/lib/python3.12/site-packages/starlette/middleware/base.py", line 165, in call_next
    raise app_exc
  File "/home/u1/Desktop/devops_project/UniOps-SaaS-Product/backend/venv/lib/python3.12/site-packages/starlette/middleware/base.py", line 151, in coro
    await self.app(scope, receive_or_disconnect, send_no_error)
  File "/home/u1/Desktop/devops_project/UniOps-SaaS-Product/backend/venv/lib/python3.12/site-packages/starlette/middleware/base.py", line 189, in __call__
    with collapse_excgroups():
  File "/usr/lib/python3.12/contextlib.py", line 158, in __exit__
    self.gen.throw(value)
  File "/home/u1/Desktop/devops_project/UniOps-SaaS-Product/backend/venv/lib/python3.12/site-packages/starlette/_utils.py", line 93, in collapse_excgroups
    raise exc
  File "/home/u1/Desktop/devops_project/UniOps-SaaS-Product/backend/venv/lib/python3.12/site-packages/starlette/middleware/base.py", line 191, in __call__
    response = await self.dispatch_func(request, call_next)
               ^^^^^^^^^^^^^^^^^^^^^^^^^^^^^^^^^^^^^^^^^^^^
  File "/home/u1/Desktop/devops_project/UniOps-SaaS-Product/backend/app/middleware/logging.py", line 13, in dispatch
    response = await call_next(request)
               ^^^^^^^^^^^^^^^^^^^^^^^^
  File "/home/u1/Desktop/devops_project/UniOps-SaaS-Product/backend/venv/lib/python3.12/site-packages/starlette/middleware/base.py", line 165, in call_next
    raise app_exc
  File "/home/u1/Desktop/devops_project/UniOps-SaaS-Product/backend/venv/lib/python3.12/site-packages/starlette/middleware/base.py", line 151, in coro
    await self.app(scope, receive_or_disconnect, send_no_error)
  File "/home/u1/Desktop/devops_project/UniOps-SaaS-Product/backend/venv/lib/python3.12/site-packages/starlette/middleware/cors.py", line 85, in __call__
    await self.app(scope, receive, send)
  File "/home/u1/Desktop/devops_project/UniOps-SaaS-Product/backend/venv/lib/python3.12/site-packages/prometheus_fastapi_instrumentator/middleware.py", line 169, in __call__
    raise exc
  File "/home/u1/Desktop/devops_project/UniOps-SaaS-Product/backend/venv/lib/python3.12/site-packages/prometheus_fastapi_instrumentator/middleware.py", line 167, in __call__
    await self.app(scope, receive, send_wrapper)
  File "/home/u1/Desktop/devops_project/UniOps-SaaS-Product/backend/venv/lib/python3.12/site-packages/starlette/middleware/exceptions.py", line 65, in __call__
    await wrap_app_handling_exceptions(self.app, conn)(scope, receive, send)
  File "/home/u1/Desktop/devops_project/UniOps-SaaS-Product/backend/venv/lib/python3.12/site-packages/starlette/_exception_handler.py", line 64, in wrapped_app
    raise exc
  File "/home/u1/Desktop/devops_project/UniOps-SaaS-Product/backend/venv/lib/python3.12/site-packages/starlette/_exception_handler.py", line 53, in wrapped_app
    await app(scope, receive, sender)
  File "/home/u1/Desktop/devops_project/UniOps-SaaS-Product/backend/venv/lib/python3.12/site-packages/starlette/routing.py", line 756, in __call__
    await self.middleware_stack(scope, receive, send)
  File "/home/u1/Desktop/devops_project/UniOps-SaaS-Product/backend/venv/lib/python3.12/site-packages/starlette/routing.py", line 776, in app
    await route.handle(scope, receive, send)
  File "/home/u1/Desktop/devops_project/UniOps-SaaS-Product/backend/venv/lib/python3.12/site-packages/starlette/routing.py", line 297, in handle
    await self.app(scope, receive, send)
  File "/home/u1/Desktop/devops_project/UniOps-SaaS-Product/backend/venv/lib/python3.12/site-packages/starlette/routing.py", line 77, in app
    await wrap_app_handling_exceptions(app, request)(scope, receive, send)
  File "/home/u1/Desktop/devops_project/UniOps-SaaS-Product/backend/venv/lib/python3.12/site-packages/starlette/_exception_handler.py", line 64, in wrapped_app
    raise exc
  File "/home/u1/Desktop/devops_project/UniOps-SaaS-Product/backend/venv/lib/python3.12/site-packages/starlette/_exception_handler.py", line 53, in wrapped_app
    await app(scope, receive, sender)
  File "/home/u1/Desktop/devops_project/UniOps-SaaS-Product/backend/venv/lib/python3.12/site-packages/starlette/routing.py", line 72, in app
    response = await func(request)
               ^^^^^^^^^^^^^^^^^^^
  File "/home/u1/Desktop/devops_project/UniOps-SaaS-Product/backend/venv/lib/python3.12/site-packages/fastapi/routing.py", line 269, in app
    solved_result = await solve_dependencies(
                    ^^^^^^^^^^^^^^^^^^^^^^^^^
  File "/home/u1/Desktop/devops_project/UniOps-SaaS-Product/backend/venv/lib/python3.12/site-packages/fastapi/dependencies/utils.py", line 572, in solve_dependencies
    solved_result = await solve_dependencies(
                    ^^^^^^^^^^^^^^^^^^^^^^^^^
  File "/home/u1/Desktop/devops_project/UniOps-SaaS-Product/backend/venv/lib/python3.12/site-packages/fastapi/dependencies/utils.py", line 600, in solve_dependencies
    solved = await call(**sub_values)
             ^^^^^^^^^^^^^^^^^^^^^^^^
  File "/home/u1/Desktop/devops_project/UniOps-SaaS-Product/backend/app/api/deps.py", line 25, in get_current_user
    raise UnauthorizedError("Bearer token required")
app.core.exceptions.UnauthorizedError: Bearer token required
[32m2026-06-16 18:23:30[0m | [31m[1mERROR   [0m | [36mapp.middleware.logging[0m:[36m23[0m - [31m[1m[fc6d64bc] GET /api/v1/alerts → ERR (0.77ms): Bearer token required[0m
INFO:     127.0.0.1:34736 - "GET /api/v1/alerts?page_size=10 HTTP/1.1" 401 Unauthorized
ERROR:    Exception in ASGI application
  + Exception Group Traceback (most recent call last):
  |   File "/home/u1/Desktop/devops_project/UniOps-SaaS-Product/backend/venv/lib/python3.12/site-packages/starlette/_utils.py", line 87, in collapse_excgroups
  |     yield
  |   File "/home/u1/Desktop/devops_project/UniOps-SaaS-Product/backend/venv/lib/python3.12/site-packages/starlette/middleware/base.py", line 190, in __call__
  |     async with anyio.create_task_group() as task_group:
  |   File "/home/u1/Desktop/devops_project/UniOps-SaaS-Product/backend/venv/lib/python3.12/site-packages/anyio/_backends/_asyncio.py", line 811, in __aexit__
  |     raise BaseExceptionGroup(
  | ExceptionGroup: unhandled errors in a TaskGroup (1 sub-exception)
  +-+---------------- 1 ----------------
    | Traceback (most recent call last):
    |   File "/home/u1/Desktop/devops_project/UniOps-SaaS-Product/backend/venv/lib/python3.12/site-packages/uvicorn/protocols/http/httptools_impl.py", line 411, in run_asgi
    |     result = await app(  # type: ignore[func-returns-value]
    |              ^^^^^^^^^^^^^^^^^^^^^^^^^^^^^^^^^^^^^^^^^^^^^^
    |   File "/home/u1/Desktop/devops_project/UniOps-SaaS-Product/backend/venv/lib/python3.12/site-packages/uvicorn/middleware/proxy_headers.py", line 69, in __call__
    |     return await self.app(scope, receive, send)
    |            ^^^^^^^^^^^^^^^^^^^^^^^^^^^^^^^^^^^^
    |   File "/home/u1/Desktop/devops_project/UniOps-SaaS-Product/backend/venv/lib/python3.12/site-packages/fastapi/applications.py", line 1054, in __call__
    |     await super().__call__(scope, receive, send)
    |   File "/home/u1/Desktop/devops_project/UniOps-SaaS-Product/backend/venv/lib/python3.12/site-packages/starlette/applications.py", line 123, in __call__
    |     await self.middleware_stack(scope, receive, send)
    |   File "/home/u1/Desktop/devops_project/UniOps-SaaS-Product/backend/venv/lib/python3.12/site-packages/starlette/middleware/errors.py", line 186, in __call__
    |     raise exc
    |   File "/home/u1/Desktop/devops_project/UniOps-SaaS-Product/backend/venv/lib/python3.12/site-packages/starlette/middleware/errors.py", line 164, in __call__
    |     await self.app(scope, receive, _send)
    |   File "/home/u1/Desktop/devops_project/UniOps-SaaS-Product/backend/venv/lib/python3.12/site-packages/starlette/middleware/base.py", line 189, in __call__
    |     with collapse_excgroups():
    |   File "/usr/lib/python3.12/contextlib.py", line 158, in __exit__
    |     self.gen.throw(value)
    |   File "/home/u1/Desktop/devops_project/UniOps-SaaS-Product/backend/venv/lib/python3.12/site-packages/starlette/_utils.py", line 93, in collapse_excgroups
    |     raise exc
    |   File "/home/u1/Desktop/devops_project/UniOps-SaaS-Product/backend/venv/lib/python3.12/site-packages/starlette/middleware/base.py", line 191, in __call__
    |     response = await self.dispatch_func(request, call_next)
    |                ^^^^^^^^^^^^^^^^^^^^^^^^^^^^^^^^^^^^^^^^^^^^
    |   File "/home/u1/Desktop/devops_project/UniOps-SaaS-Product/backend/app/middleware/audit.py", line 20, in dispatch
    |     response = await call_next(request)
    |                ^^^^^^^^^^^^^^^^^^^^^^^^
    |   File "/home/u1/Desktop/devops_project/UniOps-SaaS-Product/backend/venv/lib/python3.12/site-packages/starlette/middleware/base.py", line 165, in call_next
    |     raise app_exc
    |   File "/home/u1/Desktop/devops_project/UniOps-SaaS-Product/backend/venv/lib/python3.12/site-packages/starlette/middleware/base.py", line 151, in coro
    |     await self.app(scope, receive_or_disconnect, send_no_error)
    |   File "/home/u1/Desktop/devops_project/UniOps-SaaS-Product/backend/venv/lib/python3.12/site-packages/starlette/middleware/base.py", line 189, in __call__
    |     with collapse_excgroups():
    |   File "/usr/lib/python3.12/contextlib.py", line 158, in __exit__
    |     self.gen.throw(value)
    |   File "/home/u1/Desktop/devops_project/UniOps-SaaS-Product/backend/venv/lib/python3.12/site-packages/starlette/_utils.py", line 93, in collapse_excgroups
    |     raise exc
    |   File "/home/u1/Desktop/devops_project/UniOps-SaaS-Product/backend/venv/lib/python3.12/site-packages/starlette/middleware/base.py", line 191, in __call__
    |     response = await self.dispatch_func(request, call_next)
    |                ^^^^^^^^^^^^^^^^^^^^^^^^^^^^^^^^^^^^^^^^^^^^
    |   File "/home/u1/Desktop/devops_project/UniOps-SaaS-Product/backend/app/middleware/logging.py", line 13, in dispatch
    |     response = await call_next(request)
    |                ^^^^^^^^^^^^^^^^^^^^^^^^
    |   File "/home/u1/Desktop/devops_project/UniOps-SaaS-Product/backend/venv/lib/python3.12/site-packages/starlette/middleware/base.py", line 165, in call_next
    |     raise app_exc
    |   File "/home/u1/Desktop/devops_project/UniOps-SaaS-Product/backend/venv/lib/python3.12/site-packages/starlette/middleware/base.py", line 151, in coro
    |     await self.app(scope, receive_or_disconnect, send_no_error)
    |   File "/home/u1/Desktop/devops_project/UniOps-SaaS-Product/backend/venv/lib/python3.12/site-packages/starlette/middleware/cors.py", line 85, in __call__
    |     await self.app(scope, receive, send)
    |   File "/home/u1/Desktop/devops_project/UniOps-SaaS-Product/backend/venv/lib/python3.12/site-packages/prometheus_fastapi_instrumentator/middleware.py", line 169, in __call__
    |     raise exc
    |   File "/home/u1/Desktop/devops_project/UniOps-SaaS-Product/backend/venv/lib/python3.12/site-packages/prometheus_fastapi_instrumentator/middleware.py", line 167, in __call__
    |     await self.app(scope, receive, send_wrapper)
    |   File "/home/u1/Desktop/devops_project/UniOps-SaaS-Product/backend/venv/lib/python3.12/site-packages/starlette/middleware/exceptions.py", line 65, in __call__
    |     await wrap_app_handling_exceptions(self.app, conn)(scope, receive, send)
    |   File "/home/u1/Desktop/devops_project/UniOps-SaaS-Product/backend/venv/lib/python3.12/site-packages/starlette/_exception_handler.py", line 64, in wrapped_app
    |     raise exc
    |   File "/home/u1/Desktop/devops_project/UniOps-SaaS-Product/backend/venv/lib/python3.12/site-packages/starlette/_exception_handler.py", line 53, in wrapped_app
    |     await app(scope, receive, sender)
    |   File "/home/u1/Desktop/devops_project/UniOps-SaaS-Product/backend/venv/lib/python3.12/site-packages/starlette/routing.py", line 756, in __call__
    |     await self.middleware_stack(scope, receive, send)
    |   File "/home/u1/Desktop/devops_project/UniOps-SaaS-Product/backend/venv/lib/python3.12/site-packages/starlette/routing.py", line 776, in app
    |     await route.handle(scope, receive, send)
    |   File "/home/u1/Desktop/devops_project/UniOps-SaaS-Product/backend/venv/lib/python3.12/site-packages/starlette/routing.py", line 297, in handle
    |     await self.app(scope, receive, send)
    |   File "/home/u1/Desktop/devops_project/UniOps-SaaS-Product/backend/venv/lib/python3.12/site-packages/starlette/routing.py", line 77, in app
    |     await wrap_app_handling_exceptions(app, request)(scope, receive, send)
    |   File "/home/u1/Desktop/devops_project/UniOps-SaaS-Product/backend/venv/lib/python3.12/site-packages/starlette/_exception_handler.py", line 64, in wrapped_app
    |     raise exc
    |   File "/home/u1/Desktop/devops_project/UniOps-SaaS-Product/backend/venv/lib/python3.12/site-packages/starlette/_exception_handler.py", line 53, in wrapped_app
    |     await app(scope, receive, sender)
    |   File "/home/u1/Desktop/devops_project/UniOps-SaaS-Product/backend/venv/lib/python3.12/site-packages/starlette/routing.py", line 72, in app
    |     response = await func(request)
    |                ^^^^^^^^^^^^^^^^^^^
    |   File "/home/u1/Desktop/devops_project/UniOps-SaaS-Product/backend/venv/lib/python3.12/site-packages/fastapi/routing.py", line 269, in app
    |     solved_result = await solve_dependencies(
    |                     ^^^^^^^^^^^^^^^^^^^^^^^^^
    |   File "/home/u1/Desktop/devops_project/UniOps-SaaS-Product/backend/venv/lib/python3.12/site-packages/fastapi/dependencies/utils.py", line 572, in solve_dependencies
    |     solved_result = await solve_dependencies(
    |                     ^^^^^^^^^^^^^^^^^^^^^^^^^
    |   File "/home/u1/Desktop/devops_project/UniOps-SaaS-Product/backend/venv/lib/python3.12/site-packages/fastapi/dependencies/utils.py", line 600, in solve_dependencies
    |     solved = await call(**sub_values)
    |              ^^^^^^^^^^^^^^^^^^^^^^^^
    |   File "/home/u1/Desktop/devops_project/UniOps-SaaS-Product/backend/app/api/deps.py", line 25, in get_current_user
    |     raise UnauthorizedError("Bearer token required")
    | app.core.exceptions.UnauthorizedError: Bearer token required
    +------------------------------------

During handling of the above exception, another exception occurred:

Traceback (most recent call last):
  File "/home/u1/Desktop/devops_project/UniOps-SaaS-Product/backend/venv/lib/python3.12/site-packages/uvicorn/protocols/http/httptools_impl.py", line 411, in run_asgi
    result = await app(  # type: ignore[func-returns-value]
             ^^^^^^^^^^^^^^^^^^^^^^^^^^^^^^^^^^^^^^^^^^^^^^
  File "/home/u1/Desktop/devops_project/UniOps-SaaS-Product/backend/venv/lib/python3.12/site-packages/uvicorn/middleware/proxy_headers.py", line 69, in __call__
    return await self.app(scope, receive, send)
           ^^^^^^^^^^^^^^^^^^^^^^^^^^^^^^^^^^^^
  File "/home/u1/Desktop/devops_project/UniOps-SaaS-Product/backend/venv/lib/python3.12/site-packages/fastapi/applications.py", line 1054, in __call__
    await super().__call__(scope, receive, send)
  File "/home/u1/Desktop/devops_project/UniOps-SaaS-Product/backend/venv/lib/python3.12/site-packages/starlette/applications.py", line 123, in __call__
    await self.middleware_stack(scope, receive, send)
  File "/home/u1/Desktop/devops_project/UniOps-SaaS-Product/backend/venv/lib/python3.12/site-packages/starlette/middleware/errors.py", line 186, in __call__
    raise exc
  File "/home/u1/Desktop/devops_project/UniOps-SaaS-Product/backend/venv/lib/python3.12/site-packages/starlette/middleware/errors.py", line 164, in __call__
    await self.app(scope, receive, _send)
  File "/home/u1/Desktop/devops_project/UniOps-SaaS-Product/backend/venv/lib/python3.12/site-packages/starlette/middleware/base.py", line 189, in __call__
    with collapse_excgroups():
  File "/usr/lib/python3.12/contextlib.py", line 158, in __exit__
    self.gen.throw(value)
  File "/home/u1/Desktop/devops_project/UniOps-SaaS-Product/backend/venv/lib/python3.12/site-packages/starlette/_utils.py", line 93, in collapse_excgroups
    raise exc
  File "/home/u1/Desktop/devops_project/UniOps-SaaS-Product/backend/venv/lib/python3.12/site-packages/starlette/middleware/base.py", line 191, in __call__
    response = await self.dispatch_func(request, call_next)
               ^^^^^^^^^^^^^^^^^^^^^^^^^^^^^^^^^^^^^^^^^^^^
  File "/home/u1/Desktop/devops_project/UniOps-SaaS-Product/backend/app/middleware/audit.py", line 20, in dispatch
    response = await call_next(request)
               ^^^^^^^^^^^^^^^^^^^^^^^^
  File "/home/u1/Desktop/devops_project/UniOps-SaaS-Product/backend/venv/lib/python3.12/site-packages/starlette/middleware/base.py", line 165, in call_next
    raise app_exc
  File "/home/u1/Desktop/devops_project/UniOps-SaaS-Product/backend/venv/lib/python3.12/site-packages/starlette/middleware/base.py", line 151, in coro
    await self.app(scope, receive_or_disconnect, send_no_error)
  File "/home/u1/Desktop/devops_project/UniOps-SaaS-Product/backend/venv/lib/python3.12/site-packages/starlette/middleware/base.py", line 189, in __call__
    with collapse_excgroups():
  File "/usr/lib/python3.12/contextlib.py", line 158, in __exit__
    self.gen.throw(value)
  File "/home/u1/Desktop/devops_project/UniOps-SaaS-Product/backend/venv/lib/python3.12/site-packages/starlette/_utils.py", line 93, in collapse_excgroups
    raise exc
  File "/home/u1/Desktop/devops_project/UniOps-SaaS-Product/backend/venv/lib/python3.12/site-packages/starlette/middleware/base.py", line 191, in __call__
    response = await self.dispatch_func(request, call_next)
               ^^^^^^^^^^^^^^^^^^^^^^^^^^^^^^^^^^^^^^^^^^^^
  File "/home/u1/Desktop/devops_project/UniOps-SaaS-Product/backend/app/middleware/logging.py", line 13, in dispatch
    response = await call_next(request)
               ^^^^^^^^^^^^^^^^^^^^^^^^
  File "/home/u1/Desktop/devops_project/UniOps-SaaS-Product/backend/venv/lib/python3.12/site-packages/starlette/middleware/base.py", line 165, in call_next
    raise app_exc
  File "/home/u1/Desktop/devops_project/UniOps-SaaS-Product/backend/venv/lib/python3.12/site-packages/starlette/middleware/base.py", line 151, in coro
    await self.app(scope, receive_or_disconnect, send_no_error)
  File "/home/u1/Desktop/devops_project/UniOps-SaaS-Product/backend/venv/lib/python3.12/site-packages/starlette/middleware/cors.py", line 85, in __call__
    await self.app(scope, receive, send)
  File "/home/u1/Desktop/devops_project/UniOps-SaaS-Product/backend/venv/lib/python3.12/site-packages/prometheus_fastapi_instrumentator/middleware.py", line 169, in __call__
    raise exc
  File "/home/u1/Desktop/devops_project/UniOps-SaaS-Product/backend/venv/lib/python3.12/site-packages/prometheus_fastapi_instrumentator/middleware.py", line 167, in __call__
    await self.app(scope, receive, send_wrapper)
  File "/home/u1/Desktop/devops_project/UniOps-SaaS-Product/backend/venv/lib/python3.12/site-packages/starlette/middleware/exceptions.py", line 65, in __call__
    await wrap_app_handling_exceptions(self.app, conn)(scope, receive, send)
  File "/home/u1/Desktop/devops_project/UniOps-SaaS-Product/backend/venv/lib/python3.12/site-packages/starlette/_exception_handler.py", line 64, in wrapped_app
    raise exc
  File "/home/u1/Desktop/devops_project/UniOps-SaaS-Product/backend/venv/lib/python3.12/site-packages/starlette/_exception_handler.py", line 53, in wrapped_app
    await app(scope, receive, sender)
  File "/home/u1/Desktop/devops_project/UniOps-SaaS-Product/backend/venv/lib/python3.12/site-packages/starlette/routing.py", line 756, in __call__
    await self.middleware_stack(scope, receive, send)
  File "/home/u1/Desktop/devops_project/UniOps-SaaS-Product/backend/venv/lib/python3.12/site-packages/starlette/routing.py", line 776, in app
    await route.handle(scope, receive, send)
  File "/home/u1/Desktop/devops_project/UniOps-SaaS-Product/backend/venv/lib/python3.12/site-packages/starlette/routing.py", line 297, in handle
    await self.app(scope, receive, send)
  File "/home/u1/Desktop/devops_project/UniOps-SaaS-Product/backend/venv/lib/python3.12/site-packages/starlette/routing.py", line 77, in app
    await wrap_app_handling_exceptions(app, request)(scope, receive, send)
  File "/home/u1/Desktop/devops_project/UniOps-SaaS-Product/backend/venv/lib/python3.12/site-packages/starlette/_exception_handler.py", line 64, in wrapped_app
    raise exc
  File "/home/u1/Desktop/devops_project/UniOps-SaaS-Product/backend/venv/lib/python3.12/site-packages/starlette/_exception_handler.py", line 53, in wrapped_app
    await app(scope, receive, sender)
  File "/home/u1/Desktop/devops_project/UniOps-SaaS-Product/backend/venv/lib/python3.12/site-packages/starlette/routing.py", line 72, in app
    response = await func(request)
               ^^^^^^^^^^^^^^^^^^^
  File "/home/u1/Desktop/devops_project/UniOps-SaaS-Product/backend/venv/lib/python3.12/site-packages/fastapi/routing.py", line 269, in app
    solved_result = await solve_dependencies(
                    ^^^^^^^^^^^^^^^^^^^^^^^^^
  File "/home/u1/Desktop/devops_project/UniOps-SaaS-Product/backend/venv/lib/python3.12/site-packages/fastapi/dependencies/utils.py", line 572, in solve_dependencies
    solved_result = await solve_dependencies(
                    ^^^^^^^^^^^^^^^^^^^^^^^^^
  File "/home/u1/Desktop/devops_project/UniOps-SaaS-Product/backend/venv/lib/python3.12/site-packages/fastapi/dependencies/utils.py", line 600, in solve_dependencies
    solved = await call(**sub_values)
             ^^^^^^^^^^^^^^^^^^^^^^^^
  File "/home/u1/Desktop/devops_project/UniOps-SaaS-Product/backend/app/api/deps.py", line 25, in get_current_user
    raise UnauthorizedError("Bearer token required")
app.core.exceptions.UnauthorizedError: Bearer token required
2026-06-16 18:23:39,918 INFO sqlalchemy.engine.Engine BEGIN (implicit)
2026-06-16 18:23:39,919 INFO sqlalchemy.engine.Engine SELECT users.tenant_id, users.email, users.username, users.full_name, users.hashed_password, users.role, users.avatar_url, users.is_active, users.is_verified, users.two_factor_enabled, users.two_factor_secret, users.preferences, users.id, users.created_at, users.updated_at 
FROM users 
WHERE users.email = ?
2026-06-16 18:23:39,919 INFO sqlalchemy.engine.Engine [generated in 0.00011s] ('ddddddddesa123@gmail.ccom',)
2026-06-16 18:23:39,921 INFO sqlalchemy.engine.Engine SELECT tenants.name, tenants.slug, tenants.domain, tenants.logo_url, tenants."plan", tenants.is_active, tenants.settings, tenants.metadata, tenants.id, tenants.created_at, tenants.updated_at 
FROM tenants 
WHERE tenants.slug = ?
2026-06-16 18:23:39,921 INFO sqlalchemy.engine.Engine [generated in 0.00010s] ('ddddddddesa123',)
2026-06-16 18:23:39,922 INFO sqlalchemy.engine.Engine INSERT INTO tenants (name, slug, domain, logo_url, "plan", is_active, settings, metadata, id, created_at, updated_at) VALUES (?, ?, ?, ?, ?, ?, ?, ?, ?, ?, ?)
2026-06-16 18:23:39,922 INFO sqlalchemy.engine.Engine [generated in 0.00017s] ("Moamen Lotfy's Organization", 'ddddddddesa123', None, None, 'free', 1, '{}', '{}', '2ee4a482-7e73-4b75-85ac-38e48196dd12', '2026-06-16 15:23:39.922358', '2026-06-16 15:23:39.922361')
2026-06-16 18:23:40,098 INFO sqlalchemy.engine.Engine INSERT INTO users (tenant_id, email, username, full_name, hashed_password, role, avatar_url, is_active, is_verified, two_factor_enabled, two_factor_secret, preferences, id, created_at, updated_at) VALUES (?, ?, ?, ?, ?, ?, ?, ?, ?, ?, ?, ?, ?, ?, ?)
2026-06-16 18:23:40,098 INFO sqlalchemy.engine.Engine [generated in 0.00024s] ('2ee4a482-7e73-4b75-85ac-38e48196dd12', 'ddddddddesa123@gmail.ccom', 'ddddddddesa123', 'Moamen Lotfy', '$2b$12$FFNQPgo2E61Da9LdZtHRIuFO5f9wzqsF2PH4VI1pUNHGySd5ZBc42', 'admin', None, 1, 0, 0, None, '{}', '80fe6923-d0d7-47e4-bee3-0a6eea36fe98', '2026-06-16 15:23:40.098699', '2026-06-16 15:23:40.098702')
[32m2026-06-16 18:23:40[0m | [1mINFO    [0m | [36mapp.services.auth_service[0m:[36m115[0m - [1mNew user registered: ddddddddesa123@gmail.ccom (tenant: Moamen Lotfy's Organization)[0m
[32m2026-06-16 18:23:40[0m | [1mINFO    [0m | [36mapp.integrations.email.client[0m:[36m31[0m - [1m[EMAIL — no key] To: ddddddddesa123@gmail.ccom | Subject: Welcome to UniOps, Moamen! 🚀[0m
2026-06-16 18:23:40,102 INFO sqlalchemy.engine.Engine COMMIT
[32m2026-06-16 18:23:40[0m | [1mINFO    [0m | [36mapp.middleware.logging[0m:[36m15[0m - [1m[a6311ed2] POST /api/v1/auth/register → 200 (191.11ms)[0m
INFO:     127.0.0.1:33624 - "POST /api/v1/auth/register HTTP/1.1" 200 OK
2026-06-16 18:23:40,124 INFO sqlalchemy.engine.Engine BEGIN (implicit)
2026-06-16 18:23:40,125 INFO sqlalchemy.engine.Engine SELECT tenants.name, tenants.slug, tenants.domain, tenants.logo_url, tenants."plan", tenants.is_active, tenants.settings, tenants.metadata, tenants.id, tenants.created_at, tenants.updated_at 
FROM tenants 
WHERE tenants.id = ?
2026-06-16 18:23:40,125 INFO sqlalchemy.engine.Engine [generated in 0.00011s] ('2ee4a482-7e73-4b75-85ac-38e48196dd12',)
2026-06-16 18:23:40,125 INFO sqlalchemy.engine.Engine BEGIN (implicit)
2026-06-16 18:23:40,126 INFO sqlalchemy.engine.Engine SELECT count(*) AS count_1 
FROM (SELECT integrations.tenant_id AS tenant_id, integrations.name AS name, integrations.type AS type, integrations.status AS status, integrations.credentials AS credentials, integrations.config AS config, integrations.last_sync AS last_sync, integrations.is_active AS is_active, integrations.error_message AS error_message, integrations.id AS id, integrations.created_at AS created_at, integrations.updated_at AS updated_at 
FROM integrations 
WHERE integrations.tenant_id = ?) AS anon_1
2026-06-16 18:23:40,126 INFO sqlalchemy.engine.Engine [generated in 0.00009s] ('2ee4a482-7e73-4b75-85ac-38e48196dd12',)
2026-06-16 18:23:40,126 INFO sqlalchemy.engine.Engine BEGIN (implicit)
2026-06-16 18:23:40,126 INFO sqlalchemy.engine.Engine SELECT count(users.id) AS count_1 
FROM users 
WHERE users.tenant_id = ? AND users.is_active = 1
2026-06-16 18:23:40,126 INFO sqlalchemy.engine.Engine [generated in 0.00007s] ('2ee4a482-7e73-4b75-85ac-38e48196dd12',)
2026-06-16 18:23:40,128 INFO sqlalchemy.engine.Engine COMMIT
2026-06-16 18:23:40,129 INFO sqlalchemy.engine.Engine SELECT integrations.tenant_id, integrations.name, integrations.type, integrations.status, integrations.credentials, integrations.config, integrations.last_sync, integrations.is_active, integrations.error_message, integrations.id, integrations.created_at, integrations.updated_at 
FROM integrations 
WHERE integrations.tenant_id = ? ORDER BY integrations.created_at DESC
 LIMIT ? OFFSET ?
2026-06-16 18:23:40,129 INFO sqlalchemy.engine.Engine [generated in 0.00011s] ('2ee4a482-7e73-4b75-85ac-38e48196dd12', 20, 0)
2026-06-16 18:23:40,130 INFO sqlalchemy.engine.Engine SELECT count(integrations.id) AS count_1 
FROM integrations 
WHERE integrations.tenant_id = ? AND integrations.is_active = 1
2026-06-16 18:23:40,130 INFO sqlalchemy.engine.Engine [generated in 0.00009s] ('2ee4a482-7e73-4b75-85ac-38e48196dd12',)
[32m2026-06-16 18:23:40[0m | [1mINFO    [0m | [36mapp.middleware.logging[0m:[36m15[0m - [1m[86f368a6] GET /api/v1/companies → 200 (9.08ms)[0m
2026-06-16 18:23:40,132 INFO sqlalchemy.engine.Engine SELECT count(pipelines.id) AS count_1 
FROM pipelines 
WHERE pipelines.tenant_id = ? AND pipelines.status = ?
2026-06-16 18:23:40,132 INFO sqlalchemy.engine.Engine [generated in 0.00015s] ('2ee4a482-7e73-4b75-85ac-38e48196dd12', 'running')
2026-06-16 18:23:40,132 INFO sqlalchemy.engine.Engine COMMIT
INFO:     127.0.0.1:33642 - "GET /api/v1/companies HTTP/1.1" 200 OK
2026-06-16 18:23:40,135 INFO sqlalchemy.engine.Engine SELECT count(threats.id) AS count_1 
FROM threats 
WHERE threats.tenant_id = ? AND threats.status = ?
2026-06-16 18:23:40,135 INFO sqlalchemy.engine.Engine [generated in 0.00010s] ('2ee4a482-7e73-4b75-85ac-38e48196dd12', 'open')
[32m2026-06-16 18:23:40[0m | [1mINFO    [0m | [36mapp.middleware.logging[0m:[36m15[0m - [1m[64cd3beb] GET /api/v1/integrations → 200 (15.62ms)[0m
INFO:     127.0.0.1:33632 - "GET /api/v1/integrations HTTP/1.1" 200 OK
2026-06-16 18:23:40,137 INFO sqlalchemy.engine.Engine SELECT sum(cost_metrics.amount) AS sum_1 
FROM cost_metrics 
WHERE cost_metrics.tenant_id = ?
2026-06-16 18:23:40,137 INFO sqlalchemy.engine.Engine [generated in 0.00009s] ('2ee4a482-7e73-4b75-85ac-38e48196dd12',)
2026-06-16 18:23:40,137 INFO sqlalchemy.engine.Engine COMMIT
[32m2026-06-16 18:23:40[0m | [1mINFO    [0m | [36mapp.middleware.logging[0m:[36m15[0m - [1m[4ab018ff] GET /api/v1/companies/stats → 200 (15.01ms)[0m
INFO:     127.0.0.1:33654 - "GET /api/v1/companies/stats HTTP/1.1" 200 OK
INFO:     ('127.0.0.1', 33666) - "WebSocket /ws/unknown?token=eyJhbGciOiJIUzI1NiIsInR5cCI6IkpXVCJ9.eyJzdWIiOiI4MGZlNjkyMy1kMGQ3LTQ3ZTQtYmVlMy0wYTZlZWEzNmZlOTgiLCJlbWFpbCI6ImRkZGRkZGRkZXNhMTIzQGdtYWlsLmNjb20iLCJ0ZW5hbnRfaWQiOiIyZWU0YTQ4Mi03ZTczLTRiNzUtODVhYy0zOGU0ODE5NmRkMTIiLCJyb2xlcyI6WyJhZG1pbiJdLCJleHAiOjE3ODE3MDk4MjAsImlhdCI6MTc4MTYyMzQyMCwidHlwZSI6ImFjY2VzcyJ9.VAtkN126YiygMRGkEXEBVsjow55W3RzXOosnNSNdjrU" [accepted]
[32m2026-06-16 18:23:40[0m | [1mINFO    [0m | [36mapp.api.v1.websocket.manager[0m:[36m19[0m - [1mWS connected: tenant=unknown, connections=1[0m
INFO:     connection open
[32m2026-06-16 18:24:00[0m | [31m[1mERROR   [0m | [36mapp.services.ml_service[0m:[36m431[0m - [31m[1m[MLListener] Connection lost: ConnectionError('Error 111 connecting to localhost:6379. 111.') — reconnecting in 80s[0m
2026-06-16 18:24:09,900 INFO sqlalchemy.engine.Engine BEGIN (implicit)
2026-06-16 18:24:09,900 INFO sqlalchemy.engine.Engine SELECT integrations.tenant_id, integrations.name, integrations.type, integrations.status, integrations.credentials, integrations.config, integrations.last_sync, integrations.is_active, integrations.error_message, integrations.id, integrations.created_at, integrations.updated_at 
FROM integrations 
WHERE integrations.tenant_id = ? AND integrations.type = ?
2026-06-16 18:24:09,900 INFO sqlalchemy.engine.Engine [generated in 0.00012s] ('2ee4a482-7e73-4b75-85ac-38e48196dd12', 'aws')
2026-06-16 18:24:09,901 INFO sqlalchemy.engine.Engine SELECT integrations.tenant_id, integrations.name, integrations.type, integrations.status, integrations.credentials, integrations.config, integrations.last_sync, integrations.is_active, integrations.error_message, integrations.id, integrations.created_at, integrations.updated_at 
FROM integrations 
WHERE integrations.tenant_id = ? AND integrations.name = ? AND integrations.type = ?
2026-06-16 18:24:09,902 INFO sqlalchemy.engine.Engine [generated in 0.00010s] ('2ee4a482-7e73-4b75-85ac-38e48196dd12', 'AWS Production', 'aws')
2026-06-16 18:24:09,904 INFO sqlalchemy.engine.Engine INSERT INTO integrations (tenant_id, name, type, status, credentials, config, last_sync, is_active, error_message, id, created_at, updated_at) VALUES (?, ?, ?, ?, ?, ?, ?, ?, ?, ?, ?, ?)
2026-06-16 18:24:09,904 INFO sqlalchemy.engine.Engine [generated in 0.00017s] ('2ee4a482-7e73-4b75-85ac-38e48196dd12', 'AWS Production', 'aws', 'pending', '{"access_key_id": "gAAAAABqMWqZTtyQWYpCpz7rcLLwW2BL-ii921axmdDyF2FpII-HXyZnPF5nz77ZpmTMDdvnTsNJM3iwmx7V1dGYbFY5m19L-EtiB-_zt7BXb_NvwpsWIuo=", "secret ... (8 characters truncated) ... key": "gAAAAABqMWqZgXsWOlMYZf2yZZoN_AH9sg5YsUrPAOmihbGgU6ix7Wvkj65747rywyHcredbS8DEostKvXxNW2ud9sepfu4sQsAZ0SIAI_d0LwuX6YkWUX7kZOlifQZf2ALCcrMeGNhC"}', '{"region": "us-east-1"}', None, 1, None, 'f2eef28c-8946-4ccb-aa28-8b8390f16390', '2026-06-16 15:24:09.904669', '2026-06-16 15:24:09.904672')
2026-06-16 18:24:09,905 INFO sqlalchemy.engine.Engine COMMIT
[32m2026-06-16 18:24:09[0m | [1mINFO    [0m | [36mapp.middleware.logging[0m:[36m15[0m - [1m[26fd30b7] POST /api/v1/integrations/aws → 201 (10.0ms)[0m
INFO:     127.0.0.1:37580 - "POST /api/v1/integrations/aws HTTP/1.1" 201 Created
2026-06-16 18:24:09,909 INFO sqlalchemy.engine.Engine BEGIN (implicit)
2026-06-16 18:24:09,909 INFO sqlalchemy.engine.Engine SELECT integrations.tenant_id, integrations.name, integrations.type, integrations.status, integrations.credentials, integrations.config, integrations.last_sync, integrations.is_active, integrations.error_message, integrations.id, integrations.created_at, integrations.updated_at 
FROM integrations 
WHERE integrations.id = ?
2026-06-16 18:24:09,909 INFO sqlalchemy.engine.Engine [generated in 0.00010s] ('f2eef28c-8946-4ccb-aa28-8b8390f16390',)
[32m2026-06-16 18:24:10[0m | [1mINFO    [0m | [36mapp.services.integration_service[0m:[36m229[0m - [1m[aws_integration_saved] id=f2eef28c-8946-4ccb-aa28-8b8390f16390 tenant=2ee4a482 — running STS verification[0m
[32m2026-06-16 18:24:19[0m | [1mINFO    [0m | [36mapp.integrations.aws.client[0m:[36m37[0m - [1m[aws_sts_ok] account=663476173962 arn=arn:aws:iam::663476173962:user/bishoy[0m
[32m2026-06-16 18:24:19[0m | [1mINFO    [0m | [36mapp.services.integration_service[0m:[36m236[0m - [1m[permissions_check_result] id=f2eef28c-8946-4ccb-aa28-8b8390f16390 sts_ok=True[0m
2026-06-16 18:24:27,905 INFO sqlalchemy.engine.Engine UPDATE integrations SET status=?, config=?, updated_at=? WHERE integrations.id = ?
2026-06-16 18:24:27,906 INFO sqlalchemy.engine.Engine [generated in 0.00045s] ('connected', '{"region": "us-east-1", "account_id": "663476173962"}', '2026-06-16 15:24:27.905837', 'f2eef28c-8946-4ccb-aa28-8b8390f16390')
[32m2026-06-16 18:24:27[0m | [1mINFO    [0m | [36mapp.services.integration_service[0m:[36m248[0m - [1m[aws_connection_verified] id=f2eef28c-8946-4ccb-aa28-8b8390f16390 tenant=2ee4a482 account=663476173962[0m
2026-06-16 18:24:27,910 INFO sqlalchemy.engine.Engine COMMIT
2026-06-16 18:24:27,911 INFO sqlalchemy.engine.Engine BEGIN (implicit)
2026-06-16 18:24:27,911 INFO sqlalchemy.engine.Engine SELECT count(*) AS count_1 
FROM (SELECT integrations.tenant_id AS tenant_id, integrations.name AS name, integrations.type AS type, integrations.status AS status, integrations.credentials AS credentials, integrations.config AS config, integrations.last_sync AS last_sync, integrations.is_active AS is_active, integrations.error_message AS error_message, integrations.id AS id, integrations.created_at AS created_at, integrations.updated_at AS updated_at 
FROM integrations 
WHERE integrations.tenant_id = ?) AS anon_1
2026-06-16 18:24:27,911 INFO sqlalchemy.engine.Engine [cached since 47.79s ago] ('2ee4a482-7e73-4b75-85ac-38e48196dd12',)
[32m2026-06-16 18:24:27[0m | [1mINFO    [0m | [36mapp.api.v1.endpoints.integrations[0m:[36m335[0m - [1m[bg] AWS connection OK — triggering cost sync for tenant 2ee4a482-7e73-4b75-85ac-38e48196dd12[0m
2026-06-16 18:24:27,914 INFO sqlalchemy.engine.Engine SELECT integrations.tenant_id, integrations.name, integrations.type, integrations.status, integrations.credentials, integrations.config, integrations.last_sync, integrations.is_active, integrations.error_message, integrations.id, integrations.created_at, integrations.updated_at 
FROM integrations 
WHERE integrations.tenant_id = ? ORDER BY integrations.created_at DESC
 LIMIT ? OFFSET ?
2026-06-16 18:24:27,914 INFO sqlalchemy.engine.Engine [generated in 0.00010s] ('2ee4a482-7e73-4b75-85ac-38e48196dd12', 20, 0)
2026-06-16 18:24:27,915 INFO sqlalchemy.engine.Engine COMMIT
[32m2026-06-16 18:24:27[0m | [1mINFO    [0m | [36mapp.tasks.sync_costs[0m:[36m74[0m - [1m[finops_data_load_attempt] tenant=2ee4a482 integrations_found=1[0m
[32m2026-06-16 18:24:27[0m | [1mINFO    [0m | [36mapp.tasks.sync_costs[0m:[36m82[0m - [1m[sync_started] integration=AWS Production id=f2eef28c tenant=2ee4a482 prior_status=connected[0m
[32m2026-06-16 18:24:27[0m | [1mINFO    [0m | [36mapp.tasks.sync_costs[0m:[36m95[0m - [1m[aws_cost_api_call] Calling ce:GetCostAndUsage integration=AWS Production id=f2eef28c[0m
[32m2026-06-16 18:24:27[0m | [1mINFO    [0m | [36mapp.integrations.aws.cost_explorer[0m:[36m63[0m - [1m[aws_ce] get_costs_by_service start=2026-03-01 end=2026-06-16 months=3[0m
[32m2026-06-16 18:24:27[0m | [1mINFO    [0m | [36mapp.middleware.logging[0m:[36m15[0m - [1m[e52e43b4] GET /api/v1/integrations → 200 (42.98ms)[0m
INFO:     127.0.0.1:37594 - "GET /api/v1/integrations HTTP/1.1" 200 OK
2026-06-16 18:24:28,295 INFO sqlalchemy.engine.Engine BEGIN (implicit)
2026-06-16 18:24:28,296 INFO sqlalchemy.engine.Engine SELECT integrations.tenant_id, integrations.name, integrations.type, integrations.status, integrations.credentials, integrations.config, integrations.last_sync, integrations.is_active, integrations.error_message, integrations.id, integrations.created_at, integrations.updated_at 
FROM integrations 
WHERE integrations.tenant_id = ? AND integrations.type = ?
2026-06-16 18:24:28,296 INFO sqlalchemy.engine.Engine [cached since 18.4s ago] ('2ee4a482-7e73-4b75-85ac-38e48196dd12', 'github')
2026-06-16 18:24:28,301 INFO sqlalchemy.engine.Engine SELECT integrations.tenant_id, integrations.name, integrations.type, integrations.status, integrations.credentials, integrations.config, integrations.last_sync, integrations.is_active, integrations.error_message, integrations.id, integrations.created_at, integrations.updated_at 
FROM integrations 
WHERE integrations.tenant_id = ? AND integrations.name = ? AND integrations.type = ?
2026-06-16 18:24:28,301 INFO sqlalchemy.engine.Engine [cached since 18.4s ago] ('2ee4a482-7e73-4b75-85ac-38e48196dd12', 'GitHub', 'github')
2026-06-16 18:24:28,301 INFO sqlalchemy.engine.Engine INSERT INTO integrations (tenant_id, name, type, status, credentials, config, last_sync, is_active, error_message, id, created_at, updated_at) VALUES (?, ?, ?, ?, ?, ?, ?, ?, ?, ?, ?, ?)
2026-06-16 18:24:28,302 INFO sqlalchemy.engine.Engine [cached since 18.4s ago] ('2ee4a482-7e73-4b75-85ac-38e48196dd12', 'GitHub', 'github', 'pending', '{"token": "gAAAAABqMWqsGlnmew3yWF3Gn7qxJ8SW4mvJv13k-Oa5fl3rtOw-rBaz-5Kxrvjq2TlLIsDLtoyKs_AmLtvbnqyn1FVs7lCPZGoI-H-Ha69nXd0iFs7qOfnpksn635p-3eQ_jsnbbceo"}', '{}', None, 1, None, 'cdf9e8db-ba79-45b8-8dea-145b66036746', '2026-06-16 15:24:28.301960', '2026-06-16 15:24:28.301963')
2026-06-16 18:24:28,302 INFO sqlalchemy.engine.Engine COMMIT
[32m2026-06-16 18:24:28[0m | [1mINFO    [0m | [36mapp.middleware.logging[0m:[36m15[0m - [1m[1c670af8] POST /api/v1/integrations → 201 (11.17ms)[0m
INFO:     127.0.0.1:58574 - "POST /api/v1/integrations HTTP/1.1" 201 Created
2026-06-16 18:24:28,306 INFO sqlalchemy.engine.Engine BEGIN (implicit)
2026-06-16 18:24:28,306 INFO sqlalchemy.engine.Engine SELECT integrations.tenant_id, integrations.name, integrations.type, integrations.status, integrations.credentials, integrations.config, integrations.last_sync, integrations.is_active, integrations.error_message, integrations.id, integrations.created_at, integrations.updated_at 
FROM integrations 
WHERE integrations.id = ?
2026-06-16 18:24:28,307 INFO sqlalchemy.engine.Engine [cached since 18.4s ago] ('cdf9e8db-ba79-45b8-8dea-145b66036746',)
2026-06-16 18:24:28,547 INFO sqlalchemy.engine.Engine BEGIN (implicit)
2026-06-16 18:24:28,547 INFO sqlalchemy.engine.Engine SELECT integrations.tenant_id, integrations.name, integrations.type, integrations.status, integrations.credentials, integrations.config, integrations.last_sync, integrations.is_active, integrations.error_message, integrations.id, integrations.created_at, integrations.updated_at 
FROM integrations 
WHERE integrations.id = ?
2026-06-16 18:24:28,547 INFO sqlalchemy.engine.Engine [cached since 18.64s ago] ('cdf9e8db-ba79-45b8-8dea-145b66036746',)
2026-06-16 18:24:28,548 INFO sqlalchemy.engine.Engine UPDATE integrations SET credentials=?, updated_at=? WHERE integrations.id = ?
2026-06-16 18:24:28,548 INFO sqlalchemy.engine.Engine [generated in 0.00013s] ('{"token": "gAAAAABqMWqsmpL1vOshiOr-hW9298Rmya_QtWMueq_e-Ml19vqIGp35vmdDW3OYF2rJNa1i--y-5kKaaz-1tlolUi0p3wf2SzeLoXmGixDXU1uj57lCO_Ou_p-xdyR1F08oZHMLjVrf"}', '2026-06-16 15:24:28.548648', 'cdf9e8db-ba79-45b8-8dea-145b66036746')
2026-06-16 18:24:28,549 INFO sqlalchemy.engine.Engine COMMIT
[32m2026-06-16 18:24:28[0m | [1mINFO    [0m | [36mapp.middleware.logging[0m:[36m15[0m - [1m[442efedd] PATCH /api/v1/integrations/cdf9e8db-ba79-45b8-8dea-145b66036746 → 200 (6.59ms)[0m
INFO:     127.0.0.1:58586 - "PATCH /api/v1/integrations/cdf9e8db-ba79-45b8-8dea-145b66036746 HTTP/1.1" 200 OK
2026-06-16 18:24:28,554 INFO sqlalchemy.engine.Engine BEGIN (implicit)
2026-06-16 18:24:28,554 INFO sqlalchemy.engine.Engine SELECT integrations.tenant_id, integrations.name, integrations.type, integrations.status, integrations.credentials, integrations.config, integrations.last_sync, integrations.is_active, integrations.error_message, integrations.id, integrations.created_at, integrations.updated_at 
FROM integrations 
WHERE integrations.id = ?
2026-06-16 18:24:28,554 INFO sqlalchemy.engine.Engine [cached since 18.64s ago] ('cdf9e8db-ba79-45b8-8dea-145b66036746',)
2026-06-16 18:24:28,647 INFO sqlalchemy.engine.Engine BEGIN (implicit)
2026-06-16 18:24:28,648 INFO sqlalchemy.engine.Engine SELECT integrations.tenant_id, integrations.name, integrations.type, integrations.status, integrations.credentials, integrations.config, integrations.last_sync, integrations.is_active, integrations.error_message, integrations.id, integrations.created_at, integrations.updated_at 
FROM integrations 
WHERE integrations.id = ?
2026-06-16 18:24:28,648 INFO sqlalchemy.engine.Engine [cached since 18.74s ago] ('cdf9e8db-ba79-45b8-8dea-145b66036746',)
[32m2026-06-16 18:24:36[0m | [33m[1mWARNING [0m | [36mapp.integrations.aws.cost_explorer[0m:[36m99[0m - [33m[1m[aws_ce] get_costs_by_service failed: An error occurred (AccessDeniedException) when calling the GetCostAndUsage operation: User not enabled for cost explorer access[0m
[32m2026-06-16 18:24:36[0m | [1mINFO    [0m | [36mapp.tasks.sync_costs[0m:[36m100[0m - [1m[aws_cost_api_response] integration=AWS Production line_items_returned=0[0m
[32m2026-06-16 18:24:36[0m | [1mINFO    [0m | [36mapp.tasks.sync_costs[0m:[36m111[0m - [1m[db_insert_count] cost_metrics upserted=0 integration=AWS Production id=f2eef28c[0m
2026-06-16 18:24:37,060 INFO sqlalchemy.engine.Engine UPDATE integrations SET status=?, config=?, updated_at=? WHERE integrations.id = ?
2026-06-16 18:24:37,060 INFO sqlalchemy.engine.Engine [cached since 9.155s ago] ('connected', '{"username": "MomenLotfy"}', '2026-06-16 15:24:37.060252', 'cdf9e8db-ba79-45b8-8dea-145b66036746')
2026-06-16 18:24:37,062 INFO sqlalchemy.engine.Engine COMMIT
2026-06-16 18:24:37,065 INFO sqlalchemy.engine.Engine BEGIN (implicit)
2026-06-16 18:24:37,066 INFO sqlalchemy.engine.Engine SELECT integrations.tenant_id, integrations.name, integrations.type, integrations.status, integrations.credentials, integrations.config, integrations.last_sync, integrations.is_active, integrations.error_message, integrations.id, integrations.created_at, integrations.updated_at 
FROM integrations 
WHERE integrations.tenant_id = ? AND integrations.is_active IS 1 AND integrations.status = ? AND integrations.type IN (?, ?)
2026-06-16 18:24:37,066 INFO sqlalchemy.engine.Engine [generated in 0.00015s] ('2ee4a482-7e73-4b75-85ac-38e48196dd12', 'connected', 'github', 'gitlab')
2026-06-16 18:24:37,220 INFO sqlalchemy.engine.Engine UPDATE integrations SET status=?, config=?, updated_at=? WHERE integrations.id = ?
2026-06-16 18:24:37,220 INFO sqlalchemy.engine.Engine [cached since 9.315s ago] ('connected', '{"username": "MomenLotfy"}', '2026-06-16 15:24:37.219986', 'cdf9e8db-ba79-45b8-8dea-145b66036746')
2026-06-16 18:24:37,221 INFO sqlalchemy.engine.Engine COMMIT
2026-06-16 18:24:37,224 INFO sqlalchemy.engine.Engine BEGIN (implicit)
2026-06-16 18:24:37,224 INFO sqlalchemy.engine.Engine SELECT integrations.tenant_id, integrations.name, integrations.type, integrations.status, integrations.credentials, integrations.config, integrations.last_sync, integrations.is_active, integrations.error_message, integrations.id, integrations.created_at, integrations.updated_at 
FROM integrations 
WHERE integrations.tenant_id = ? AND integrations.is_active IS 1 AND integrations.status = ? AND integrations.type IN (?, ?)
2026-06-16 18:24:37,224 INFO sqlalchemy.engine.Engine [cached since 0.1585s ago] ('2ee4a482-7e73-4b75-85ac-38e48196dd12', 'connected', 'github', 'gitlab')
[32m2026-06-16 18:24:43[0m | [33m[1mWARNING [0m | [36mapp.integrations.github.client[0m:[36m49[0m - [33m[1mGitHub API /user failed: [0m
2026-06-16 18:24:43,665 INFO sqlalchemy.engine.Engine UPDATE integrations SET status=?, error_message=?, updated_at=? WHERE integrations.id = ?
2026-06-16 18:24:43,665 INFO sqlalchemy.engine.Engine [generated in 0.00124s] ('error', '', '2026-06-16 15:24:43.665266', 'cdf9e8db-ba79-45b8-8dea-145b66036746')
2026-06-16 18:24:43,667 INFO sqlalchemy.engine.Engine COMMIT
[32m2026-06-16 18:24:43[0m | [1mINFO    [0m | [36mapp.middleware.logging[0m:[36m15[0m - [1m[47807654] POST /api/v1/integrations/cdf9e8db-ba79-45b8-8dea-145b66036746/test → 200 (15023.69ms)[0m
INFO:     127.0.0.1:58596 - "POST /api/v1/integrations/cdf9e8db-ba79-45b8-8dea-145b66036746/test HTTP/1.1" 200 OK
2026-06-16 18:24:43,677 INFO sqlalchemy.engine.Engine BEGIN (implicit)
2026-06-16 18:24:43,677 INFO sqlalchemy.engine.Engine SELECT integrations.tenant_id, integrations.name, integrations.type, integrations.status, integrations.credentials, integrations.config, integrations.last_sync, integrations.is_active, integrations.error_message, integrations.id, integrations.created_at, integrations.updated_at 
FROM integrations 
WHERE integrations.id = ?
2026-06-16 18:24:43,677 INFO sqlalchemy.engine.Engine [cached since 33.77s ago] ('cdf9e8db-ba79-45b8-8dea-145b66036746',)
2026-06-16 18:24:43,678 INFO sqlalchemy.engine.Engine COMMIT
[32m2026-06-16 18:24:43[0m | [1mINFO    [0m | [36mapp.middleware.logging[0m:[36m15[0m - [1m[2a5b02a2] GET /api/v1/integrations/cdf9e8db-ba79-45b8-8dea-145b66036746 → 200 (2.49ms)[0m
INFO:     127.0.0.1:37958 - "GET /api/v1/integrations/cdf9e8db-ba79-45b8-8dea-145b66036746 HTTP/1.1" 200 OK
[32m2026-06-16 18:24:45[0m | [33m[1mWARNING [0m | [36mapp.integrations.aws.cost_explorer[0m:[36m134[0m - [33m[1m[aws_ce] get_cost_anomalies failed: An error occurred (AccessDeniedException) when calling the GetAnomalies operation: User not enabled for cost explorer access[0m
2026-06-16 18:24:45,808 INFO sqlalchemy.engine.Engine SELECT repositories.tenant_id, repositories.integration_id, repositories.provider, repositories.external_id, repositories.full_name, repositories.name, repositories.clone_url, repositories.default_branch, repositories.is_private, repositories.language, repositories.has_dockerfile, repositories.has_cicd, repositories.last_scan_at, repositories.last_scan_score, repositories.id, repositories.created_at, repositories.updated_at 
FROM repositories 
WHERE repositories.tenant_id = ? AND repositories.external_id = ?
2026-06-16 18:24:45,808 INFO sqlalchemy.engine.Engine [generated in 0.00021s] ('2ee4a482-7e73-4b75-85ac-38e48196dd12', '1248171842')
2026-06-16 18:24:45,809 INFO sqlalchemy.engine.Engine SELECT repositories.tenant_id, repositories.integration_id, repositories.provider, repositories.external_id, repositories.full_name, repositories.name, repositories.clone_url, repositories.default_branch, repositories.is_private, repositories.language, repositories.has_dockerfile, repositories.has_cicd, repositories.last_scan_at, repositories.last_scan_score, repositories.id, repositories.created_at, repositories.updated_at 
FROM repositories 
WHERE repositories.tenant_id = ? AND repositories.external_id = ?
2026-06-16 18:24:45,809 INFO sqlalchemy.engine.Engine [cached since 0.001196s ago] ('2ee4a482-7e73-4b75-85ac-38e48196dd12', '1262847713')
2026-06-16 18:24:45,810 INFO sqlalchemy.engine.Engine SELECT repositories.tenant_id, repositories.integration_id, repositories.provider, repositories.external_id, repositories.full_name, repositories.name, repositories.clone_url, repositories.default_branch, repositories.is_private, repositories.language, repositories.has_dockerfile, repositories.has_cicd, repositories.last_scan_at, repositories.last_scan_score, repositories.id, repositories.created_at, repositories.updated_at 
FROM repositories 
WHERE repositories.tenant_id = ? AND repositories.external_id = ?
2026-06-16 18:24:45,810 INFO sqlalchemy.engine.Engine [cached since 0.001762s ago] ('2ee4a482-7e73-4b75-85ac-38e48196dd12', '1048518380')
2026-06-16 18:24:45,810 INFO sqlalchemy.engine.Engine SELECT repositories.tenant_id, repositories.integration_id, repositories.provider, repositories.external_id, repositories.full_name, repositories.name, repositories.clone_url, repositories.default_branch, repositories.is_private, repositories.language, repositories.has_dockerfile, repositories.has_cicd, repositories.last_scan_at, repositories.last_scan_score, repositories.id, repositories.created_at, repositories.updated_at 
FROM repositories 
WHERE repositories.tenant_id = ? AND repositories.external_id = ?
2026-06-16 18:24:45,810 INFO sqlalchemy.engine.Engine [cached since 0.002252s ago] ('2ee4a482-7e73-4b75-85ac-38e48196dd12', '1262776040')
2026-06-16 18:24:45,811 INFO sqlalchemy.engine.Engine SELECT repositories.tenant_id, repositories.integration_id, repositories.provider, repositories.external_id, repositories.full_name, repositories.name, repositories.clone_url, repositories.default_branch, repositories.is_private, repositories.language, repositories.has_dockerfile, repositories.has_cicd, repositories.last_scan_at, repositories.last_scan_score, repositories.id, repositories.created_at, repositories.updated_at 
FROM repositories 
WHERE repositories.tenant_id = ? AND repositories.external_id = ?
2026-06-16 18:24:45,811 INFO sqlalchemy.engine.Engine [cached since 0.002742s ago] ('2ee4a482-7e73-4b75-85ac-38e48196dd12', '1257028687')
2026-06-16 18:24:45,811 INFO sqlalchemy.engine.Engine SELECT repositories.tenant_id, repositories.integration_id, repositories.provider, repositories.external_id, repositories.full_name, repositories.name, repositories.clone_url, repositories.default_branch, repositories.is_private, repositories.language, repositories.has_dockerfile, repositories.has_cicd, repositories.last_scan_at, repositories.last_scan_score, repositories.id, repositories.created_at, repositories.updated_at 
FROM repositories 
WHERE repositories.tenant_id = ? AND repositories.external_id = ?
2026-06-16 18:24:45,811 INFO sqlalchemy.engine.Engine [cached since 0.003263s ago] ('2ee4a482-7e73-4b75-85ac-38e48196dd12', '1251013164')
2026-06-16 18:24:45,812 INFO sqlalchemy.engine.Engine SELECT repositories.tenant_id, repositories.integration_id, repositories.provider, repositories.external_id, repositories.full_name, repositories.name, repositories.clone_url, repositories.default_branch, repositories.is_private, repositories.language, repositories.has_dockerfile, repositories.has_cicd, repositories.last_scan_at, repositories.last_scan_score, repositories.id, repositories.created_at, repositories.updated_at 
FROM repositories 
WHERE repositories.tenant_id = ? AND repositories.external_id = ?
2026-06-16 18:24:45,812 INFO sqlalchemy.engine.Engine [cached since 0.003698s ago] ('2ee4a482-7e73-4b75-85ac-38e48196dd12', '1239623496')
2026-06-16 18:24:45,812 INFO sqlalchemy.engine.Engine SELECT repositories.tenant_id, repositories.integration_id, repositories.provider, repositories.external_id, repositories.full_name, repositories.name, repositories.clone_url, repositories.default_branch, repositories.is_private, repositories.language, repositories.has_dockerfile, repositories.has_cicd, repositories.last_scan_at, repositories.last_scan_score, repositories.id, repositories.created_at, repositories.updated_at 
FROM repositories 
WHERE repositories.tenant_id = ? AND repositories.external_id = ?
2026-06-16 18:24:45,812 INFO sqlalchemy.engine.Engine [cached since 0.004138s ago] ('2ee4a482-7e73-4b75-85ac-38e48196dd12', '1245794244')
2026-06-16 18:24:45,813 INFO sqlalchemy.engine.Engine SELECT repositories.tenant_id, repositories.integration_id, repositories.provider, repositories.external_id, repositories.full_name, repositories.name, repositories.clone_url, repositories.default_branch, repositories.is_private, repositories.language, repositories.has_dockerfile, repositories.has_cicd, repositories.last_scan_at, repositories.last_scan_score, repositories.id, repositories.created_at, repositories.updated_at 
FROM repositories 
WHERE repositories.tenant_id = ? AND repositories.external_id = ?
2026-06-16 18:24:45,813 INFO sqlalchemy.engine.Engine [cached since 0.004586s ago] ('2ee4a482-7e73-4b75-85ac-38e48196dd12', '1250445764')
2026-06-16 18:24:45,813 INFO sqlalchemy.engine.Engine SELECT repositories.tenant_id, repositories.integration_id, repositories.provider, repositories.external_id, repositories.full_name, repositories.name, repositories.clone_url, repositories.default_branch, repositories.is_private, repositories.language, repositories.has_dockerfile, repositories.has_cicd, repositories.last_scan_at, repositories.last_scan_score, repositories.id, repositories.created_at, repositories.updated_at 
FROM repositories 
WHERE repositories.tenant_id = ? AND repositories.external_id = ?
2026-06-16 18:24:45,813 INFO sqlalchemy.engine.Engine [cached since 0.005003s ago] ('2ee4a482-7e73-4b75-85ac-38e48196dd12', '1249039677')
2026-06-16 18:24:45,814 INFO sqlalchemy.engine.Engine SELECT repositories.tenant_id, repositories.integration_id, repositories.provider, repositories.external_id, repositories.full_name, repositories.name, repositories.clone_url, repositories.default_branch, repositories.is_private, repositories.language, repositories.has_dockerfile, repositories.has_cicd, repositories.last_scan_at, repositories.last_scan_score, repositories.id, repositories.created_at, repositories.updated_at 
FROM repositories 
WHERE repositories.tenant_id = ? AND repositories.external_id = ?
2026-06-16 18:24:45,814 INFO sqlalchemy.engine.Engine [cached since 0.005472s ago] ('2ee4a482-7e73-4b75-85ac-38e48196dd12', '1244467230')
2026-06-16 18:24:45,814 INFO sqlalchemy.engine.Engine SELECT repositories.tenant_id, repositories.integration_id, repositories.provider, repositories.external_id, repositories.full_name, repositories.name, repositories.clone_url, repositories.default_branch, repositories.is_private, repositories.language, repositories.has_dockerfile, repositories.has_cicd, repositories.last_scan_at, repositories.last_scan_score, repositories.id, repositories.created_at, repositories.updated_at 
FROM repositories 
WHERE repositories.tenant_id = ? AND repositories.external_id = ?
2026-06-16 18:24:45,814 INFO sqlalchemy.engine.Engine [cached since 0.005905s ago] ('2ee4a482-7e73-4b75-85ac-38e48196dd12', '1228134830')
2026-06-16 18:24:45,814 INFO sqlalchemy.engine.Engine SELECT repositories.tenant_id, repositories.integration_id, repositories.provider, repositories.external_id, repositories.full_name, repositories.name, repositories.clone_url, repositories.default_branch, repositories.is_private, repositories.language, repositories.has_dockerfile, repositories.has_cicd, repositories.last_scan_at, repositories.last_scan_score, repositories.id, repositories.created_at, repositories.updated_at 
FROM repositories 
WHERE repositories.tenant_id = ? AND repositories.external_id = ?
2026-06-16 18:24:45,815 INFO sqlalchemy.engine.Engine [cached since 0.006337s ago] ('2ee4a482-7e73-4b75-85ac-38e48196dd12', '1237444990')
2026-06-16 18:24:45,816 INFO sqlalchemy.engine.Engine SELECT repositories.tenant_id, repositories.integration_id, repositories.provider, repositories.external_id, repositories.full_name, repositories.name, repositories.clone_url, repositories.default_branch, repositories.is_private, repositories.language, repositories.has_dockerfile, repositories.has_cicd, repositories.last_scan_at, repositories.last_scan_score, repositories.id, repositories.created_at, repositories.updated_at 
FROM repositories 
WHERE repositories.tenant_id = ? AND repositories.external_id = ?
2026-06-16 18:24:45,816 INFO sqlalchemy.engine.Engine [cached since 0.007652s ago] ('2ee4a482-7e73-4b75-85ac-38e48196dd12', '1236409058')
2026-06-16 18:24:45,816 INFO sqlalchemy.engine.Engine SELECT repositories.tenant_id, repositories.integration_id, repositories.provider, repositories.external_id, repositories.full_name, repositories.name, repositories.clone_url, repositories.default_branch, repositories.is_private, repositories.language, repositories.has_dockerfile, repositories.has_cicd, repositories.last_scan_at, repositories.last_scan_score, repositories.id, repositories.created_at, repositories.updated_at 
FROM repositories 
WHERE repositories.tenant_id = ? AND repositories.external_id = ?
2026-06-16 18:24:45,816 INFO sqlalchemy.engine.Engine [cached since 0.008162s ago] ('2ee4a482-7e73-4b75-85ac-38e48196dd12', '1234814399')
2026-06-16 18:24:45,817 INFO sqlalchemy.engine.Engine SELECT repositories.tenant_id, repositories.integration_id, repositories.provider, repositories.external_id, repositories.full_name, repositories.name, repositories.clone_url, repositories.default_branch, repositories.is_private, repositories.language, repositories.has_dockerfile, repositories.has_cicd, repositories.last_scan_at, repositories.last_scan_score, repositories.id, repositories.created_at, repositories.updated_at 
FROM repositories 
WHERE repositories.tenant_id = ? AND repositories.external_id = ?
2026-06-16 18:24:45,817 INFO sqlalchemy.engine.Engine [cached since 0.00879s ago] ('2ee4a482-7e73-4b75-85ac-38e48196dd12', '1233648323')
2026-06-16 18:24:45,817 INFO sqlalchemy.engine.Engine SELECT repositories.tenant_id, repositories.integration_id, repositories.provider, repositories.external_id, repositories.full_name, repositories.name, repositories.clone_url, repositories.default_branch, repositories.is_private, repositories.language, repositories.has_dockerfile, repositories.has_cicd, repositories.last_scan_at, repositories.last_scan_score, repositories.id, repositories.created_at, repositories.updated_at 
FROM repositories 
WHERE repositories.tenant_id = ? AND repositories.external_id = ?
2026-06-16 18:24:45,818 INFO sqlalchemy.engine.Engine [cached since 0.009323s ago] ('2ee4a482-7e73-4b75-85ac-38e48196dd12', '1231943118')
2026-06-16 18:24:45,818 INFO sqlalchemy.engine.Engine SELECT repositories.tenant_id, repositories.integration_id, repositories.provider, repositories.external_id, repositories.full_name, repositories.name, repositories.clone_url, repositories.default_branch, repositories.is_private, repositories.language, repositories.has_dockerfile, repositories.has_cicd, repositories.last_scan_at, repositories.last_scan_score, repositories.id, repositories.created_at, repositories.updated_at 
FROM repositories 
WHERE repositories.tenant_id = ? AND repositories.external_id = ?
2026-06-16 18:24:45,818 INFO sqlalchemy.engine.Engine [cached since 0.009764s ago] ('2ee4a482-7e73-4b75-85ac-38e48196dd12', '1227148931')
2026-06-16 18:24:45,818 INFO sqlalchemy.engine.Engine SELECT repositories.tenant_id, repositories.integration_id, repositories.provider, repositories.external_id, repositories.full_name, repositories.name, repositories.clone_url, repositories.default_branch, repositories.is_private, repositories.language, repositories.has_dockerfile, repositories.has_cicd, repositories.last_scan_at, repositories.last_scan_score, repositories.id, repositories.created_at, repositories.updated_at 
FROM repositories 
WHERE repositories.tenant_id = ? AND repositories.external_id = ?
2026-06-16 18:24:45,818 INFO sqlalchemy.engine.Engine [cached since 0.01019s ago] ('2ee4a482-7e73-4b75-85ac-38e48196dd12', '1052200837')
2026-06-16 18:24:45,819 INFO sqlalchemy.engine.Engine SELECT repositories.tenant_id, repositories.integration_id, repositories.provider, repositories.external_id, repositories.full_name, repositories.name, repositories.clone_url, repositories.default_branch, repositories.is_private, repositories.language, repositories.has_dockerfile, repositories.has_cicd, repositories.last_scan_at, repositories.last_scan_score, repositories.id, repositories.created_at, repositories.updated_at 
FROM repositories 
WHERE repositories.tenant_id = ? AND repositories.external_id = ?
2026-06-16 18:24:45,819 INFO sqlalchemy.engine.Engine [cached since 0.01064s ago] ('2ee4a482-7e73-4b75-85ac-38e48196dd12', '1023644357')
2026-06-16 18:24:45,819 INFO sqlalchemy.engine.Engine SELECT repositories.tenant_id, repositories.integration_id, repositories.provider, repositories.external_id, repositories.full_name, repositories.name, repositories.clone_url, repositories.default_branch, repositories.is_private, repositories.language, repositories.has_dockerfile, repositories.has_cicd, repositories.last_scan_at, repositories.last_scan_score, repositories.id, repositories.created_at, repositories.updated_at 
FROM repositories 
WHERE repositories.tenant_id = ? AND repositories.external_id = ?
2026-06-16 18:24:45,819 INFO sqlalchemy.engine.Engine [cached since 0.01106s ago] ('2ee4a482-7e73-4b75-85ac-38e48196dd12', '1202696008')
2026-06-16 18:24:45,820 INFO sqlalchemy.engine.Engine SELECT repositories.tenant_id, repositories.integration_id, repositories.provider, repositories.external_id, repositories.full_name, repositories.name, repositories.clone_url, repositories.default_branch, repositories.is_private, repositories.language, repositories.has_dockerfile, repositories.has_cicd, repositories.last_scan_at, repositories.last_scan_score, repositories.id, repositories.created_at, repositories.updated_at 
FROM repositories 
WHERE repositories.tenant_id = ? AND repositories.external_id = ?
2026-06-16 18:24:45,820 INFO sqlalchemy.engine.Engine [cached since 0.01149s ago] ('2ee4a482-7e73-4b75-85ac-38e48196dd12', '895428476')
2026-06-16 18:24:45,820 INFO sqlalchemy.engine.Engine SELECT repositories.tenant_id, repositories.integration_id, repositories.provider, repositories.external_id, repositories.full_name, repositories.name, repositories.clone_url, repositories.default_branch, repositories.is_private, repositories.language, repositories.has_dockerfile, repositories.has_cicd, repositories.last_scan_at, repositories.last_scan_score, repositories.id, repositories.created_at, repositories.updated_at 
FROM repositories 
WHERE repositories.tenant_id = ? AND repositories.external_id = ?
2026-06-16 18:24:45,820 INFO sqlalchemy.engine.Engine [cached since 0.01191s ago] ('2ee4a482-7e73-4b75-85ac-38e48196dd12', '1182404960')
2026-06-16 18:24:45,820 INFO sqlalchemy.engine.Engine SELECT repositories.tenant_id, repositories.integration_id, repositories.provider, repositories.external_id, repositories.full_name, repositories.name, repositories.clone_url, repositories.default_branch, repositories.is_private, repositories.language, repositories.has_dockerfile, repositories.has_cicd, repositories.last_scan_at, repositories.last_scan_score, repositories.id, repositories.created_at, repositories.updated_at 
FROM repositories 
WHERE repositories.tenant_id = ? AND repositories.external_id = ?
2026-06-16 18:24:45,821 INFO sqlalchemy.engine.Engine [cached since 0.01235s ago] ('2ee4a482-7e73-4b75-85ac-38e48196dd12', '1201422385')
2026-06-16 18:24:45,821 INFO sqlalchemy.engine.Engine SELECT repositories.tenant_id, repositories.integration_id, repositories.provider, repositories.external_id, repositories.full_name, repositories.name, repositories.clone_url, repositories.default_branch, repositories.is_private, repositories.language, repositories.has_dockerfile, repositories.has_cicd, repositories.last_scan_at, repositories.last_scan_score, repositories.id, repositories.created_at, repositories.updated_at 
FROM repositories 
WHERE repositories.tenant_id = ? AND repositories.external_id = ?
2026-06-16 18:24:45,821 INFO sqlalchemy.engine.Engine [cached since 0.01279s ago] ('2ee4a482-7e73-4b75-85ac-38e48196dd12', '1200700135')
2026-06-16 18:24:45,821 INFO sqlalchemy.engine.Engine SELECT repositories.tenant_id, repositories.integration_id, repositories.provider, repositories.external_id, repositories.full_name, repositories.name, repositories.clone_url, repositories.default_branch, repositories.is_private, repositories.language, repositories.has_dockerfile, repositories.has_cicd, repositories.last_scan_at, repositories.last_scan_score, repositories.id, repositories.created_at, repositories.updated_at 
FROM repositories 
WHERE repositories.tenant_id = ? AND repositories.external_id = ?
2026-06-16 18:24:45,821 INFO sqlalchemy.engine.Engine [cached since 0.01321s ago] ('2ee4a482-7e73-4b75-85ac-38e48196dd12', '1198457720')
2026-06-16 18:24:45,822 INFO sqlalchemy.engine.Engine SELECT repositories.tenant_id, repositories.integration_id, repositories.provider, repositories.external_id, repositories.full_name, repositories.name, repositories.clone_url, repositories.default_branch, repositories.is_private, repositories.language, repositories.has_dockerfile, repositories.has_cicd, repositories.last_scan_at, repositories.last_scan_score, repositories.id, repositories.created_at, repositories.updated_at 
FROM repositories 
WHERE repositories.tenant_id = ? AND repositories.external_id = ?
2026-06-16 18:24:45,822 INFO sqlalchemy.engine.Engine [cached since 0.01363s ago] ('2ee4a482-7e73-4b75-85ac-38e48196dd12', '1184242665')
2026-06-16 18:24:45,822 INFO sqlalchemy.engine.Engine SELECT repositories.tenant_id, repositories.integration_id, repositories.provider, repositories.external_id, repositories.full_name, repositories.name, repositories.clone_url, repositories.default_branch, repositories.is_private, repositories.language, repositories.has_dockerfile, repositories.has_cicd, repositories.last_scan_at, repositories.last_scan_score, repositories.id, repositories.created_at, repositories.updated_at 
FROM repositories 
WHERE repositories.tenant_id = ? AND repositories.external_id = ?
2026-06-16 18:24:45,822 INFO sqlalchemy.engine.Engine [cached since 0.01406s ago] ('2ee4a482-7e73-4b75-85ac-38e48196dd12', '1183621930')
2026-06-16 18:24:45,823 INFO sqlalchemy.engine.Engine SELECT repositories.tenant_id, repositories.integration_id, repositories.provider, repositories.external_id, repositories.full_name, repositories.name, repositories.clone_url, repositories.default_branch, repositories.is_private, repositories.language, repositories.has_dockerfile, repositories.has_cicd, repositories.last_scan_at, repositories.last_scan_score, repositories.id, repositories.created_at, repositories.updated_at 
FROM repositories 
WHERE repositories.tenant_id = ? AND repositories.external_id = ?
2026-06-16 18:24:45,823 INFO sqlalchemy.engine.Engine [cached since 0.01451s ago] ('2ee4a482-7e73-4b75-85ac-38e48196dd12', '1178178457')
2026-06-16 18:24:45,823 INFO sqlalchemy.engine.Engine SELECT repositories.tenant_id, repositories.integration_id, repositories.provider, repositories.external_id, repositories.full_name, repositories.name, repositories.clone_url, repositories.default_branch, repositories.is_private, repositories.language, repositories.has_dockerfile, repositories.has_cicd, repositories.last_scan_at, repositories.last_scan_score, repositories.id, repositories.created_at, repositories.updated_at 
FROM repositories 
WHERE repositories.tenant_id = ? AND repositories.external_id = ?
2026-06-16 18:24:45,823 INFO sqlalchemy.engine.Engine [cached since 0.01492s ago] ('2ee4a482-7e73-4b75-85ac-38e48196dd12', '1176211349')
2026-06-16 18:24:45,824 INFO sqlalchemy.engine.Engine SELECT repositories.tenant_id, repositories.integration_id, repositories.provider, repositories.external_id, repositories.full_name, repositories.name, repositories.clone_url, repositories.default_branch, repositories.is_private, repositories.language, repositories.has_dockerfile, repositories.has_cicd, repositories.last_scan_at, repositories.last_scan_score, repositories.id, repositories.created_at, repositories.updated_at 
FROM repositories 
WHERE repositories.tenant_id = ? AND repositories.external_id = ?
2026-06-16 18:24:45,824 INFO sqlalchemy.engine.Engine [cached since 0.01537s ago] ('2ee4a482-7e73-4b75-85ac-38e48196dd12', '1175975639')
2026-06-16 18:24:45,824 INFO sqlalchemy.engine.Engine SELECT repositories.tenant_id, repositories.integration_id, repositories.provider, repositories.external_id, repositories.full_name, repositories.name, repositories.clone_url, repositories.default_branch, repositories.is_private, repositories.language, repositories.has_dockerfile, repositories.has_cicd, repositories.last_scan_at, repositories.last_scan_score, repositories.id, repositories.created_at, repositories.updated_at 
FROM repositories 
WHERE repositories.tenant_id = ? AND repositories.external_id = ?
2026-06-16 18:24:45,824 INFO sqlalchemy.engine.Engine [cached since 0.0158s ago] ('2ee4a482-7e73-4b75-85ac-38e48196dd12', '1168340475')
2026-06-16 18:24:45,824 INFO sqlalchemy.engine.Engine SELECT repositories.tenant_id, repositories.integration_id, repositories.provider, repositories.external_id, repositories.full_name, repositories.name, repositories.clone_url, repositories.default_branch, repositories.is_private, repositories.language, repositories.has_dockerfile, repositories.has_cicd, repositories.last_scan_at, repositories.last_scan_score, repositories.id, repositories.created_at, repositories.updated_at 
FROM repositories 
WHERE repositories.tenant_id = ? AND repositories.external_id = ?
2026-06-16 18:24:45,824 INFO sqlalchemy.engine.Engine [cached since 0.01622s ago] ('2ee4a482-7e73-4b75-85ac-38e48196dd12', '1163301833')
2026-06-16 18:24:45,825 INFO sqlalchemy.engine.Engine SELECT repositories.tenant_id, repositories.integration_id, repositories.provider, repositories.external_id, repositories.full_name, repositories.name, repositories.clone_url, repositories.default_branch, repositories.is_private, repositories.language, repositories.has_dockerfile, repositories.has_cicd, repositories.last_scan_at, repositories.last_scan_score, repositories.id, repositories.created_at, repositories.updated_at 
FROM repositories 
WHERE repositories.tenant_id = ? AND repositories.external_id = ?
2026-06-16 18:24:45,825 INFO sqlalchemy.engine.Engine [cached since 0.01668s ago] ('2ee4a482-7e73-4b75-85ac-38e48196dd12', '1076203151')
2026-06-16 18:24:45,825 INFO sqlalchemy.engine.Engine SELECT repositories.tenant_id, repositories.integration_id, repositories.provider, repositories.external_id, repositories.full_name, repositories.name, repositories.clone_url, repositories.default_branch, repositories.is_private, repositories.language, repositories.has_dockerfile, repositories.has_cicd, repositories.last_scan_at, repositories.last_scan_score, repositories.id, repositories.created_at, repositories.updated_at 
FROM repositories 
WHERE repositories.tenant_id = ? AND repositories.external_id = ?
2026-06-16 18:24:45,825 INFO sqlalchemy.engine.Engine [cached since 0.01711s ago] ('2ee4a482-7e73-4b75-85ac-38e48196dd12', '1032069136')
2026-06-16 18:24:45,826 INFO sqlalchemy.engine.Engine SELECT repositories.tenant_id, repositories.integration_id, repositories.provider, repositories.external_id, repositories.full_name, repositories.name, repositories.clone_url, repositories.default_branch, repositories.is_private, repositories.language, repositories.has_dockerfile, repositories.has_cicd, repositories.last_scan_at, repositories.last_scan_score, repositories.id, repositories.created_at, repositories.updated_at 
FROM repositories 
WHERE repositories.tenant_id = ? AND repositories.external_id = ?
2026-06-16 18:24:45,826 INFO sqlalchemy.engine.Engine [cached since 0.01755s ago] ('2ee4a482-7e73-4b75-85ac-38e48196dd12', '1026104040')
2026-06-16 18:24:45,826 INFO sqlalchemy.engine.Engine UPDATE integrations SET config=?, last_sync=?, updated_at=? WHERE integrations.id = ?
2026-06-16 18:24:45,827 INFO sqlalchemy.engine.Engine [generated in 0.00015s] ('{"username": "MomenLotfy", "repo_count": 36}', '2026-06-16 15:24:45.826538', '2026-06-16 15:24:45.826938', 'cdf9e8db-ba79-45b8-8dea-145b66036746')
2026-06-16 18:24:45,828 INFO sqlalchemy.engine.Engine INSERT INTO repositories (tenant_id, integration_id, provider, external_id, full_name, name, clone_url, default_branch, is_private, language, has_dockerfile, has_cicd, last_scan_at, last_scan_score, id, created_at, updated_at) VALUES (?, ?, ?, ?, ?,  ... 1790 characters truncated ... ?, ?, ?, ?, ?, ?, ?, ?, ?, ?, ?, ?, ?, ?, ?, ?), (?, ?, ?, ?, ?, ?, ?, ?, ?, ?, ?, ?, ?, ?, ?, ?, ?)
2026-06-16 18:24:45,828 INFO sqlalchemy.engine.Engine [generated in 0.00046s (insertmanyvalues) 1/1 (unordered)] ('2ee4a482-7e73-4b75-85ac-38e48196dd12', 'cdf9e8db-ba79-45b8-8dea-145b66036746', 'github', '1248171842', 'MomenLotfy/UniOps-SaaS-Product', 'UniOps-SaaS-Product', 'https://github.com/MomenLotfy/UniOps-SaaS-Product.git', 'main', 0, 'typescript', 0, 0, None, None, '49ba5578-207b-488c-9015-7690734bdb2d', '2026-06-16 15:24:45.828071', '2026-06-16 15:24:45.828073', '2ee4a482-7e73-4b75-85ac-38e48196dd12', 'cdf9e8db-ba79-45b8-8dea-145b66036746', 'github', '1262847713', 'MomenLotfy/Lakatat', 'Lakatat', 'https://github.com/MomenLotfy/Lakatat.git', 'main', 1, 'javascript', 0, 0, None, None, 'cac25ac7-4ee3-42c3-a6d9-715042c34093', '2026-06-16 15:24:45.828078', '2026-06-16 15:24:45.828078', '2ee4a482-7e73-4b75-85ac-38e48196dd12', 'cdf9e8db-ba79-45b8-8dea-145b66036746', 'github', '1048518380', 'MomenLotfy/FrozenMarket', 'FrozenMarket', 'https://github.com/MomenLotfy/FrozenMarket.git', 'main', 0, 'html', 0, 0, None, None, '39426237-59fb-473e-8269-f490d08aa2c7', '2026-06-16 15:24:45.828082' ... 512 parameters truncated ... 'cdf9e8db-ba79-45b8-8dea-145b66036746', 'github', '1076203151', 'MomenLotfy/DevOps-Interview-MCQ', 'DevOps-Interview-MCQ', 'https://github.com/MomenLotfy/DevOps-Interview-MCQ.git', 'main', 0, 'html', 0, 0, None, None, 'ad2a51a1-88b2-43c1-a4a0-9d99e6b74383', '2026-06-16 15:24:45.828196', '2026-06-16 15:24:45.828196', '2ee4a482-7e73-4b75-85ac-38e48196dd12', 'cdf9e8db-ba79-45b8-8dea-145b66036746', 'github', '1032069136', 'MomenLotfy/Mo-Ops', 'Mo-Ops', 'https://github.com/MomenLotfy/Mo-Ops.git', 'master', 0, 'html', 0, 0, None, None, '6b8c7ed1-9da4-4fa4-8155-a41b9e1a6f8c', '2026-06-16 15:24:45.828199', '2026-06-16 15:24:45.828200', '2ee4a482-7e73-4b75-85ac-38e48196dd12', 'cdf9e8db-ba79-45b8-8dea-145b66036746', 'github', '1026104040', 'MomenLotfy/DEPI-Final-Project', 'DEPI-Final-Project', 'https://github.com/MomenLotfy/DEPI-Final-Project.git', 'master', 0, 'hcl', 0, 0, None, None, 'ba93f965-f430-4090-8cae-e0d79a2920e5', '2026-06-16 15:24:45.828203', '2026-06-16 15:24:45.828203')
2026-06-16 18:24:45,829 INFO sqlalchemy.engine.Engine COMMIT
[32m2026-06-16 18:24:45[0m | [1mINFO    [0m | [36mapp.api.v1.endpoints.integrations[0m:[36m328[0m - [1m[bg] Connection test OK + synced 36 repos for integration cdf9e8db-ba79-45b8-8dea-145b66036746 (tenant 2ee4a482-7e73-4b75-85ac-38e48196dd12)[0m
[32m2026-06-16 18:24:48[0m | [1mINFO    [0m | [36mapp.api.v1.websocket.manager[0m:[36m30[0m - [1mWS disconnected: tenant=unknown[0m
INFO:     connection closed
2026-06-16 18:24:51,352 INFO sqlalchemy.engine.Engine BEGIN (implicit)
2026-06-16 18:24:51,354 INFO sqlalchemy.engine.Engine SELECT count(*) AS count_1 
FROM (SELECT alerts.tenant_id AS tenant_id, alerts.title AS title, alerts.message AS message, alerts.severity AS severity, alerts.category AS category, alerts.source AS source, alerts.status AS status, alerts.is_read AS is_read, alerts.resource AS resource, alerts.metadata AS metadata, alerts.fired_at AS fired_at, alerts.resolved_at AS resolved_at, alerts.id AS id, alerts.created_at AS created_at, alerts.updated_at AS updated_at 
FROM alerts 
WHERE alerts.tenant_id = ?) AS anon_1
2026-06-16 18:24:51,354 INFO sqlalchemy.engine.Engine [generated in 0.00012s] ('2ee4a482-7e73-4b75-85ac-38e48196dd12',)
2026-06-16 18:24:51,355 INFO sqlalchemy.engine.Engine SELECT alerts.tenant_id, alerts.title, alerts.message, alerts.severity, alerts.category, alerts.source, alerts.status, alerts.is_read, alerts.resource, alerts.metadata, alerts.fired_at, alerts.resolved_at, alerts.id, alerts.created_at, alerts.updated_at 
FROM alerts 
WHERE alerts.tenant_id = ? ORDER BY alerts.created_at DESC
 LIMIT ? OFFSET ?
2026-06-16 18:24:51,355 INFO sqlalchemy.engine.Engine [generated in 0.00014s] ('2ee4a482-7e73-4b75-85ac-38e48196dd12', 10, 0)
2026-06-16 18:24:51,356 INFO sqlalchemy.engine.Engine COMMIT
[32m2026-06-16 18:24:51[0m | [1mINFO    [0m | [36mapp.middleware.logging[0m:[36m15[0m - [1m[d5a5afe6] GET /api/v1/alerts → 200 (8.52ms)[0m
INFO:     127.0.0.1:33010 - "GET /api/v1/alerts?page_size=10 HTTP/1.1" 200 OK
2026-06-16 18:24:51,410 INFO sqlalchemy.engine.Engine BEGIN (implicit)
2026-06-16 18:24:51,412 INFO sqlalchemy.engine.Engine SELECT count(*) AS count_1 
FROM (SELECT alerts.tenant_id AS tenant_id, alerts.title AS title, alerts.message AS message, alerts.severity AS severity, alerts.category AS category, alerts.source AS source, alerts.status AS status, alerts.is_read AS is_read, alerts.resource AS resource, alerts.metadata AS metadata, alerts.fired_at AS fired_at, alerts.resolved_at AS resolved_at, alerts.id AS id, alerts.created_at AS created_at, alerts.updated_at AS updated_at 
FROM alerts 
WHERE alerts.tenant_id = ?) AS anon_1
2026-06-16 18:24:51,412 INFO sqlalchemy.engine.Engine [cached since 0.05791s ago] ('2ee4a482-7e73-4b75-85ac-38e48196dd12',)
2026-06-16 18:24:51,413 INFO sqlalchemy.engine.Engine SELECT alerts.tenant_id, alerts.title, alerts.message, alerts.severity, alerts.category, alerts.source, alerts.status, alerts.is_read, alerts.resource, alerts.metadata, alerts.fired_at, alerts.resolved_at, alerts.id, alerts.created_at, alerts.updated_at 
FROM alerts 
WHERE alerts.tenant_id = ? ORDER BY alerts.created_at DESC
 LIMIT ? OFFSET ?
2026-06-16 18:24:51,413 INFO sqlalchemy.engine.Engine [generated in 0.00014s] ('2ee4a482-7e73-4b75-85ac-38e48196dd12', 10, 0)
2026-06-16 18:24:51,414 INFO sqlalchemy.engine.Engine COMMIT
[32m2026-06-16 18:24:51[0m | [1mINFO    [0m | [36mapp.middleware.logging[0m:[36m15[0m - [1m[990ac4de] GET /api/v1/alerts → 200 (7.21ms)[0m
INFO:     127.0.0.1:33012 - "GET /api/v1/alerts?page_size=10 HTTP/1.1" 200 OK
2026-06-16 18:24:51,597 INFO sqlalchemy.engine.Engine BEGIN (implicit)
2026-06-16 18:24:51,597 INFO sqlalchemy.engine.Engine SELECT count(*) AS count_1 
FROM (SELECT integrations.tenant_id AS tenant_id, integrations.name AS name, integrations.type AS type, integrations.status AS status, integrations.credentials AS credentials, integrations.config AS config, integrations.last_sync AS last_sync, integrations.is_active AS is_active, integrations.error_message AS error_message, integrations.id AS id, integrations.created_at AS created_at, integrations.updated_at AS updated_at 
FROM integrations 
WHERE integrations.tenant_id = ?) AS anon_1
2026-06-16 18:24:51,597 INFO sqlalchemy.engine.Engine [cached since 71.47s ago] ('2ee4a482-7e73-4b75-85ac-38e48196dd12',)
2026-06-16 18:24:51,597 INFO sqlalchemy.engine.Engine BEGIN (implicit)
2026-06-16 18:24:51,597 INFO sqlalchemy.engine.Engine SELECT count(users.id) AS count_1 
FROM users 
WHERE users.tenant_id = ? AND users.is_active = 1
2026-06-16 18:24:51,597 INFO sqlalchemy.engine.Engine [cached since 71.47s ago] ('2ee4a482-7e73-4b75-85ac-38e48196dd12',)
2026-06-16 18:24:51,597 INFO sqlalchemy.engine.Engine BEGIN (implicit)
2026-06-16 18:24:51,598 INFO sqlalchemy.engine.Engine SELECT tenants.name, tenants.slug, tenants.domain, tenants.logo_url, tenants."plan", tenants.is_active, tenants.settings, tenants.metadata, tenants.id, tenants.created_at, tenants.updated_at 
FROM tenants 
WHERE tenants.id = ?
2026-06-16 18:24:51,598 INFO sqlalchemy.engine.Engine [cached since 71.47s ago] ('2ee4a482-7e73-4b75-85ac-38e48196dd12',)
2026-06-16 18:24:51,598 INFO sqlalchemy.engine.Engine SELECT integrations.tenant_id, integrations.name, integrations.type, integrations.status, integrations.credentials, integrations.config, integrations.last_sync, integrations.is_active, integrations.error_message, integrations.id, integrations.created_at, integrations.updated_at 
FROM integrations 
WHERE integrations.tenant_id = ? ORDER BY integrations.created_at DESC
 LIMIT ? OFFSET ?
2026-06-16 18:24:51,598 INFO sqlalchemy.engine.Engine [cached since 23.68s ago] ('2ee4a482-7e73-4b75-85ac-38e48196dd12', 20, 0)
2026-06-16 18:24:51,599 INFO sqlalchemy.engine.Engine SELECT count(integrations.id) AS count_1 
FROM integrations 
WHERE integrations.tenant_id = ? AND integrations.is_active = 1
2026-06-16 18:24:51,599 INFO sqlalchemy.engine.Engine [cached since 71.47s ago] ('2ee4a482-7e73-4b75-85ac-38e48196dd12',)
2026-06-16 18:24:51,599 INFO sqlalchemy.engine.Engine COMMIT
2026-06-16 18:24:51,600 INFO sqlalchemy.engine.Engine COMMIT
2026-06-16 18:24:51,600 INFO sqlalchemy.engine.Engine SELECT count(pipelines.id) AS count_1 
FROM pipelines 
WHERE pipelines.tenant_id = ? AND pipelines.status = ?
2026-06-16 18:24:51,600 INFO sqlalchemy.engine.Engine [cached since 71.47s ago] ('2ee4a482-7e73-4b75-85ac-38e48196dd12', 'running')
[32m2026-06-16 18:24:51[0m | [1mINFO    [0m | [36mapp.middleware.logging[0m:[36m15[0m - [1m[166492e5] GET /api/v1/integrations → 200 (8.86ms)[0m
INFO:     127.0.0.1:33020 - "GET /api/v1/integrations HTTP/1.1" 200 OK
[32m2026-06-16 18:24:51[0m | [1mINFO    [0m | [36mapp.middleware.logging[0m:[36m15[0m - [1m[4ff8e100] GET /api/v1/companies → 200 (7.11ms)[0m
2026-06-16 18:24:51,603 INFO sqlalchemy.engine.Engine SELECT count(threats.id) AS count_1 
FROM threats 
WHERE threats.tenant_id = ? AND threats.status = ?
2026-06-16 18:24:51,603 INFO sqlalchemy.engine.Engine [cached since 71.47s ago] ('2ee4a482-7e73-4b75-85ac-38e48196dd12', 'open')
INFO:     127.0.0.1:33030 - "GET /api/v1/companies HTTP/1.1" 200 OK
2026-06-16 18:24:51,604 INFO sqlalchemy.engine.Engine SELECT sum(cost_metrics.amount) AS sum_1 
FROM cost_metrics 
WHERE cost_metrics.tenant_id = ?
2026-06-16 18:24:51,604 INFO sqlalchemy.engine.Engine [cached since 71.47s ago] ('2ee4a482-7e73-4b75-85ac-38e48196dd12',)
2026-06-16 18:24:51,605 INFO sqlalchemy.engine.Engine COMMIT
[32m2026-06-16 18:24:51[0m | [1mINFO    [0m | [36mapp.middleware.logging[0m:[36m15[0m - [1m[0ef3ed14] GET /api/v1/companies/stats → 200 (9.78ms)[0m
INFO:     127.0.0.1:33034 - "GET /api/v1/companies/stats HTTP/1.1" 200 OK
2026-06-16 18:24:52,635 INFO sqlalchemy.engine.Engine BEGIN (implicit)
2026-06-16 18:24:52,635 INFO sqlalchemy.engine.Engine SELECT count(*) AS count_1 
FROM (SELECT alerts.tenant_id AS tenant_id, alerts.title AS title, alerts.message AS message, alerts.severity AS severity, alerts.category AS category, alerts.source AS source, alerts.status AS status, alerts.is_read AS is_read, alerts.resource AS resource, alerts.metadata AS metadata, alerts.fired_at AS fired_at, alerts.resolved_at AS resolved_at, alerts.id AS id, alerts.created_at AS created_at, alerts.updated_at AS updated_at 
FROM alerts 
WHERE alerts.tenant_id = ?) AS anon_1
2026-06-16 18:24:52,635 INFO sqlalchemy.engine.Engine [cached since 1.281s ago] ('2ee4a482-7e73-4b75-85ac-38e48196dd12',)
2026-06-16 18:24:52,636 INFO sqlalchemy.engine.Engine SELECT alerts.tenant_id, alerts.title, alerts.message, alerts.severity, alerts.category, alerts.source, alerts.status, alerts.is_read, alerts.resource, alerts.metadata, alerts.fired_at, alerts.resolved_at, alerts.id, alerts.created_at, alerts.updated_at 
FROM alerts 
WHERE alerts.tenant_id = ? ORDER BY alerts.created_at DESC
 LIMIT ? OFFSET ?
2026-06-16 18:24:52,637 INFO sqlalchemy.engine.Engine [cached since 1.224s ago] ('2ee4a482-7e73-4b75-85ac-38e48196dd12', 10, 0)
2026-06-16 18:24:52,637 INFO sqlalchemy.engine.Engine COMMIT
[32m2026-06-16 18:24:52[0m | [1mINFO    [0m | [36mapp.middleware.logging[0m:[36m15[0m - [1m[3959d50c] GET /api/v1/alerts → 200 (4.52ms)[0m
INFO:     127.0.0.1:33044 - "GET /api/v1/alerts?page_size=10 HTTP/1.1" 200 OK
2026-06-16 18:24:52,645 INFO sqlalchemy.engine.Engine BEGIN (implicit)
2026-06-16 18:24:52,645 INFO sqlalchemy.engine.Engine SELECT count(*) AS count_1 
FROM (SELECT alerts.tenant_id AS tenant_id, alerts.title AS title, alerts.message AS message, alerts.severity AS severity, alerts.category AS category, alerts.source AS source, alerts.status AS status, alerts.is_read AS is_read, alerts.resource AS resource, alerts.metadata AS metadata, alerts.fired_at AS fired_at, alerts.resolved_at AS resolved_at, alerts.id AS id, alerts.created_at AS created_at, alerts.updated_at AS updated_at 
FROM alerts 
WHERE alerts.tenant_id = ?) AS anon_1
2026-06-16 18:24:52,645 INFO sqlalchemy.engine.Engine [cached since 1.291s ago] ('2ee4a482-7e73-4b75-85ac-38e48196dd12',)
2026-06-16 18:24:52,646 INFO sqlalchemy.engine.Engine SELECT alerts.tenant_id, alerts.title, alerts.message, alerts.severity, alerts.category, alerts.source, alerts.status, alerts.is_read, alerts.resource, alerts.metadata, alerts.fired_at, alerts.resolved_at, alerts.id, alerts.created_at, alerts.updated_at 
FROM alerts 
WHERE alerts.tenant_id = ? ORDER BY alerts.created_at DESC
 LIMIT ? OFFSET ?
2026-06-16 18:24:52,646 INFO sqlalchemy.engine.Engine [cached since 1.233s ago] ('2ee4a482-7e73-4b75-85ac-38e48196dd12', 10, 0)
2026-06-16 18:24:52,647 INFO sqlalchemy.engine.Engine COMMIT
[32m2026-06-16 18:24:52[0m | [1mINFO    [0m | [36mapp.middleware.logging[0m:[36m15[0m - [1m[0b7ab5f0] GET /api/v1/alerts → 200 (4.27ms)[0m
INFO:     127.0.0.1:33056 - "GET /api/v1/alerts?page_size=10 HTTP/1.1" 200 OK
2026-06-16 18:24:52,857 INFO sqlalchemy.engine.Engine BEGIN (implicit)
2026-06-16 18:24:52,857 INFO sqlalchemy.engine.Engine SELECT count(*) AS count_1 
FROM (SELECT integrations.tenant_id AS tenant_id, integrations.name AS name, integrations.type AS type, integrations.status AS status, integrations.credentials AS credentials, integrations.config AS config, integrations.last_sync AS last_sync, integrations.is_active AS is_active, integrations.error_message AS error_message, integrations.id AS id, integrations.created_at AS created_at, integrations.updated_at AS updated_at 
FROM integrations 
WHERE integrations.tenant_id = ?) AS anon_1
2026-06-16 18:24:52,858 INFO sqlalchemy.engine.Engine [cached since 72.73s ago] ('2ee4a482-7e73-4b75-85ac-38e48196dd12',)
2026-06-16 18:24:52,858 INFO sqlalchemy.engine.Engine BEGIN (implicit)
2026-06-16 18:24:52,858 INFO sqlalchemy.engine.Engine SELECT count(users.id) AS count_1 
FROM users 
WHERE users.tenant_id = ? AND users.is_active = 1
2026-06-16 18:24:52,858 INFO sqlalchemy.engine.Engine [cached since 72.73s ago] ('2ee4a482-7e73-4b75-85ac-38e48196dd12',)
2026-06-16 18:24:52,859 INFO sqlalchemy.engine.Engine SELECT integrations.tenant_id, integrations.name, integrations.type, integrations.status, integrations.credentials, integrations.config, integrations.last_sync, integrations.is_active, integrations.error_message, integrations.id, integrations.created_at, integrations.updated_at 
FROM integrations 
WHERE integrations.tenant_id = ? ORDER BY integrations.created_at DESC
 LIMIT ? OFFSET ?
2026-06-16 18:24:52,859 INFO sqlalchemy.engine.Engine [cached since 24.95s ago] ('2ee4a482-7e73-4b75-85ac-38e48196dd12', 20, 0)
2026-06-16 18:24:52,860 INFO sqlalchemy.engine.Engine BEGIN (implicit)
2026-06-16 18:24:52,860 INFO sqlalchemy.engine.Engine SELECT tenants.name, tenants.slug, tenants.domain, tenants.logo_url, tenants."plan", tenants.is_active, tenants.settings, tenants.metadata, tenants.id, tenants.created_at, tenants.updated_at 
FROM tenants 
WHERE tenants.id = ?
2026-06-16 18:24:52,860 INFO sqlalchemy.engine.Engine [cached since 72.74s ago] ('2ee4a482-7e73-4b75-85ac-38e48196dd12',)
2026-06-16 18:24:52,860 INFO sqlalchemy.engine.Engine SELECT count(integrations.id) AS count_1 
FROM integrations 
WHERE integrations.tenant_id = ? AND integrations.is_active = 1
2026-06-16 18:24:52,861 INFO sqlalchemy.engine.Engine [cached since 72.73s ago] ('2ee4a482-7e73-4b75-85ac-38e48196dd12',)
2026-06-16 18:24:52,861 INFO sqlalchemy.engine.Engine SELECT count(pipelines.id) AS count_1 
FROM pipelines 
WHERE pipelines.tenant_id = ? AND pipelines.status = ?
2026-06-16 18:24:52,861 INFO sqlalchemy.engine.Engine [cached since 72.73s ago] ('2ee4a482-7e73-4b75-85ac-38e48196dd12', 'running')
2026-06-16 18:24:52,862 INFO sqlalchemy.engine.Engine COMMIT
2026-06-16 18:24:52,863 INFO sqlalchemy.engine.Engine COMMIT
2026-06-16 18:24:52,863 INFO sqlalchemy.engine.Engine SELECT count(threats.id) AS count_1 
FROM threats 
WHERE threats.tenant_id = ? AND threats.status = ?
2026-06-16 18:24:52,863 INFO sqlalchemy.engine.Engine [cached since 72.73s ago] ('2ee4a482-7e73-4b75-85ac-38e48196dd12', 'open')
[32m2026-06-16 18:24:52[0m | [1mINFO    [0m | [36mapp.middleware.logging[0m:[36m15[0m - [1m[0fae9924] GET /api/v1/integrations → 200 (11.97ms)[0m
INFO:     127.0.0.1:33070 - "GET /api/v1/integrations HTTP/1.1" 200 OK
[32m2026-06-16 18:24:52[0m | [1mINFO    [0m | [36mapp.middleware.logging[0m:[36m15[0m - [1m[84a86ff7] GET /api/v1/companies → 200 (9.78ms)[0m
INFO:     127.0.0.1:33098 - "GET /api/v1/companies HTTP/1.1" 200 OK
2026-06-16 18:24:52,867 INFO sqlalchemy.engine.Engine SELECT sum(cost_metrics.amount) AS sum_1 
FROM cost_metrics 
WHERE cost_metrics.tenant_id = ?
2026-06-16 18:24:52,867 INFO sqlalchemy.engine.Engine [cached since 72.73s ago] ('2ee4a482-7e73-4b75-85ac-38e48196dd12',)
2026-06-16 18:24:52,868 INFO sqlalchemy.engine.Engine COMMIT
[32m2026-06-16 18:24:52[0m | [1mINFO    [0m | [36mapp.middleware.logging[0m:[36m15[0m - [1m[4fa9dc00] GET /api/v1/companies/stats → 200 (14.07ms)[0m
INFO:     127.0.0.1:33084 - "GET /api/v1/companies/stats HTTP/1.1" 200 OK
2026-06-16 18:24:53,037 INFO sqlalchemy.engine.Engine SELECT repositories.tenant_id, repositories.integration_id, repositories.provider, repositories.external_id, repositories.full_name, repositories.name, repositories.clone_url, repositories.default_branch, repositories.is_private, repositories.language, repositories.has_dockerfile, repositories.has_cicd, repositories.last_scan_at, repositories.last_scan_score, repositories.id, repositories.created_at, repositories.updated_at 
FROM repositories 
WHERE repositories.tenant_id = ? AND repositories.external_id = ?
2026-06-16 18:24:53,038 INFO sqlalchemy.engine.Engine [cached since 7.229s ago] ('2ee4a482-7e73-4b75-85ac-38e48196dd12', '1248171842')
2026-06-16 18:24:53,039 INFO sqlalchemy.engine.Engine SELECT repositories.tenant_id, repositories.integration_id, repositories.provider, repositories.external_id, repositories.full_name, repositories.name, repositories.clone_url, repositories.default_branch, repositories.is_private, repositories.language, repositories.has_dockerfile, repositories.has_cicd, repositories.last_scan_at, repositories.last_scan_score, repositories.id, repositories.created_at, repositories.updated_at 
FROM repositories 
WHERE repositories.tenant_id = ? AND repositories.external_id = ?
2026-06-16 18:24:53,039 INFO sqlalchemy.engine.Engine [cached since 7.231s ago] ('2ee4a482-7e73-4b75-85ac-38e48196dd12', '1262847713')
2026-06-16 18:24:53,039 INFO sqlalchemy.engine.Engine SELECT repositories.tenant_id, repositories.integration_id, repositories.provider, repositories.external_id, repositories.full_name, repositories.name, repositories.clone_url, repositories.default_branch, repositories.is_private, repositories.language, repositories.has_dockerfile, repositories.has_cicd, repositories.last_scan_at, repositories.last_scan_score, repositories.id, repositories.created_at, repositories.updated_at 
FROM repositories 
WHERE repositories.tenant_id = ? AND repositories.external_id = ?
2026-06-16 18:24:53,040 INFO sqlalchemy.engine.Engine [cached since 7.231s ago] ('2ee4a482-7e73-4b75-85ac-38e48196dd12', '1048518380')
2026-06-16 18:24:53,040 INFO sqlalchemy.engine.Engine SELECT repositories.tenant_id, repositories.integration_id, repositories.provider, repositories.external_id, repositories.full_name, repositories.name, repositories.clone_url, repositories.default_branch, repositories.is_private, repositories.language, repositories.has_dockerfile, repositories.has_cicd, repositories.last_scan_at, repositories.last_scan_score, repositories.id, repositories.created_at, repositories.updated_at 
FROM repositories 
WHERE repositories.tenant_id = ? AND repositories.external_id = ?
2026-06-16 18:24:53,040 INFO sqlalchemy.engine.Engine [cached since 7.232s ago] ('2ee4a482-7e73-4b75-85ac-38e48196dd12', '1262776040')
2026-06-16 18:24:53,041 INFO sqlalchemy.engine.Engine SELECT repositories.tenant_id, repositories.integration_id, repositories.provider, repositories.external_id, repositories.full_name, repositories.name, repositories.clone_url, repositories.default_branch, repositories.is_private, repositories.language, repositories.has_dockerfile, repositories.has_cicd, repositories.last_scan_at, repositories.last_scan_score, repositories.id, repositories.created_at, repositories.updated_at 
FROM repositories 
WHERE repositories.tenant_id = ? AND repositories.external_id = ?
2026-06-16 18:24:53,041 INFO sqlalchemy.engine.Engine [cached since 7.233s ago] ('2ee4a482-7e73-4b75-85ac-38e48196dd12', '1257028687')
2026-06-16 18:24:53,042 INFO sqlalchemy.engine.Engine SELECT repositories.tenant_id, repositories.integration_id, repositories.provider, repositories.external_id, repositories.full_name, repositories.name, repositories.clone_url, repositories.default_branch, repositories.is_private, repositories.language, repositories.has_dockerfile, repositories.has_cicd, repositories.last_scan_at, repositories.last_scan_score, repositories.id, repositories.created_at, repositories.updated_at 
FROM repositories 
WHERE repositories.tenant_id = ? AND repositories.external_id = ?
2026-06-16 18:24:53,042 INFO sqlalchemy.engine.Engine [cached since 7.233s ago] ('2ee4a482-7e73-4b75-85ac-38e48196dd12', '1251013164')
2026-06-16 18:24:53,042 INFO sqlalchemy.engine.Engine SELECT repositories.tenant_id, repositories.integration_id, repositories.provider, repositories.external_id, repositories.full_name, repositories.name, repositories.clone_url, repositories.default_branch, repositories.is_private, repositories.language, repositories.has_dockerfile, repositories.has_cicd, repositories.last_scan_at, repositories.last_scan_score, repositories.id, repositories.created_at, repositories.updated_at 
FROM repositories 
WHERE repositories.tenant_id = ? AND repositories.external_id = ?
2026-06-16 18:24:53,042 INFO sqlalchemy.engine.Engine [cached since 7.234s ago] ('2ee4a482-7e73-4b75-85ac-38e48196dd12', '1239623496')
2026-06-16 18:24:53,042 INFO sqlalchemy.engine.Engine SELECT repositories.tenant_id, repositories.integration_id, repositories.provider, repositories.external_id, repositories.full_name, repositories.name, repositories.clone_url, repositories.default_branch, repositories.is_private, repositories.language, repositories.has_dockerfile, repositories.has_cicd, repositories.last_scan_at, repositories.last_scan_score, repositories.id, repositories.created_at, repositories.updated_at 
FROM repositories 
WHERE repositories.tenant_id = ? AND repositories.external_id = ?
2026-06-16 18:24:53,043 INFO sqlalchemy.engine.Engine [cached since 7.234s ago] ('2ee4a482-7e73-4b75-85ac-38e48196dd12', '1245794244')
2026-06-16 18:24:53,043 INFO sqlalchemy.engine.Engine SELECT repositories.tenant_id, repositories.integration_id, repositories.provider, repositories.external_id, repositories.full_name, repositories.name, repositories.clone_url, repositories.default_branch, repositories.is_private, repositories.language, repositories.has_dockerfile, repositories.has_cicd, repositories.last_scan_at, repositories.last_scan_score, repositories.id, repositories.created_at, repositories.updated_at 
FROM repositories 
WHERE repositories.tenant_id = ? AND repositories.external_id = ?
2026-06-16 18:24:53,043 INFO sqlalchemy.engine.Engine [cached since 7.235s ago] ('2ee4a482-7e73-4b75-85ac-38e48196dd12', '1250445764')
2026-06-16 18:24:53,043 INFO sqlalchemy.engine.Engine SELECT repositories.tenant_id, repositories.integration_id, repositories.provider, repositories.external_id, repositories.full_name, repositories.name, repositories.clone_url, repositories.default_branch, repositories.is_private, repositories.language, repositories.has_dockerfile, repositories.has_cicd, repositories.last_scan_at, repositories.last_scan_score, repositories.id, repositories.created_at, repositories.updated_at 
FROM repositories 
WHERE repositories.tenant_id = ? AND repositories.external_id = ?
2026-06-16 18:24:53,043 INFO sqlalchemy.engine.Engine [cached since 7.235s ago] ('2ee4a482-7e73-4b75-85ac-38e48196dd12', '1249039677')
2026-06-16 18:24:53,044 INFO sqlalchemy.engine.Engine SELECT repositories.tenant_id, repositories.integration_id, repositories.provider, repositories.external_id, repositories.full_name, repositories.name, repositories.clone_url, repositories.default_branch, repositories.is_private, repositories.language, repositories.has_dockerfile, repositories.has_cicd, repositories.last_scan_at, repositories.last_scan_score, repositories.id, repositories.created_at, repositories.updated_at 
FROM repositories 
WHERE repositories.tenant_id = ? AND repositories.external_id = ?
2026-06-16 18:24:53,044 INFO sqlalchemy.engine.Engine [cached since 7.236s ago] ('2ee4a482-7e73-4b75-85ac-38e48196dd12', '1244467230')
2026-06-16 18:24:53,044 INFO sqlalchemy.engine.Engine SELECT repositories.tenant_id, repositories.integration_id, repositories.provider, repositories.external_id, repositories.full_name, repositories.name, repositories.clone_url, repositories.default_branch, repositories.is_private, repositories.language, repositories.has_dockerfile, repositories.has_cicd, repositories.last_scan_at, repositories.last_scan_score, repositories.id, repositories.created_at, repositories.updated_at 
FROM repositories 
WHERE repositories.tenant_id = ? AND repositories.external_id = ?
2026-06-16 18:24:53,044 INFO sqlalchemy.engine.Engine [cached since 7.236s ago] ('2ee4a482-7e73-4b75-85ac-38e48196dd12', '1228134830')
2026-06-16 18:24:53,045 INFO sqlalchemy.engine.Engine SELECT repositories.tenant_id, repositories.integration_id, repositories.provider, repositories.external_id, repositories.full_name, repositories.name, repositories.clone_url, repositories.default_branch, repositories.is_private, repositories.language, repositories.has_dockerfile, repositories.has_cicd, repositories.last_scan_at, repositories.last_scan_score, repositories.id, repositories.created_at, repositories.updated_at 
FROM repositories 
WHERE repositories.tenant_id = ? AND repositories.external_id = ?
2026-06-16 18:24:53,045 INFO sqlalchemy.engine.Engine [cached since 7.237s ago] ('2ee4a482-7e73-4b75-85ac-38e48196dd12', '1237444990')
2026-06-16 18:24:53,045 INFO sqlalchemy.engine.Engine SELECT repositories.tenant_id, repositories.integration_id, repositories.provider, repositories.external_id, repositories.full_name, repositories.name, repositories.clone_url, repositories.default_branch, repositories.is_private, repositories.language, repositories.has_dockerfile, repositories.has_cicd, repositories.last_scan_at, repositories.last_scan_score, repositories.id, repositories.created_at, repositories.updated_at 
FROM repositories 
WHERE repositories.tenant_id = ? AND repositories.external_id = ?
2026-06-16 18:24:53,045 INFO sqlalchemy.engine.Engine [cached since 7.237s ago] ('2ee4a482-7e73-4b75-85ac-38e48196dd12', '1236409058')
2026-06-16 18:24:53,046 INFO sqlalchemy.engine.Engine SELECT repositories.tenant_id, repositories.integration_id, repositories.provider, repositories.external_id, repositories.full_name, repositories.name, repositories.clone_url, repositories.default_branch, repositories.is_private, repositories.language, repositories.has_dockerfile, repositories.has_cicd, repositories.last_scan_at, repositories.last_scan_score, repositories.id, repositories.created_at, repositories.updated_at 
FROM repositories 
WHERE repositories.tenant_id = ? AND repositories.external_id = ?
2026-06-16 18:24:53,046 INFO sqlalchemy.engine.Engine [cached since 7.238s ago] ('2ee4a482-7e73-4b75-85ac-38e48196dd12', '1234814399')
2026-06-16 18:24:53,046 INFO sqlalchemy.engine.Engine SELECT repositories.tenant_id, repositories.integration_id, repositories.provider, repositories.external_id, repositories.full_name, repositories.name, repositories.clone_url, repositories.default_branch, repositories.is_private, repositories.language, repositories.has_dockerfile, repositories.has_cicd, repositories.last_scan_at, repositories.last_scan_score, repositories.id, repositories.created_at, repositories.updated_at 
FROM repositories 
WHERE repositories.tenant_id = ? AND repositories.external_id = ?
2026-06-16 18:24:53,046 INFO sqlalchemy.engine.Engine [cached since 7.238s ago] ('2ee4a482-7e73-4b75-85ac-38e48196dd12', '1233648323')
2026-06-16 18:24:53,047 INFO sqlalchemy.engine.Engine SELECT repositories.tenant_id, repositories.integration_id, repositories.provider, repositories.external_id, repositories.full_name, repositories.name, repositories.clone_url, repositories.default_branch, repositories.is_private, repositories.language, repositories.has_dockerfile, repositories.has_cicd, repositories.last_scan_at, repositories.last_scan_score, repositories.id, repositories.created_at, repositories.updated_at 
FROM repositories 
WHERE repositories.tenant_id = ? AND repositories.external_id = ?
2026-06-16 18:24:53,047 INFO sqlalchemy.engine.Engine [cached since 7.239s ago] ('2ee4a482-7e73-4b75-85ac-38e48196dd12', '1231943118')
2026-06-16 18:24:53,048 INFO sqlalchemy.engine.Engine SELECT repositories.tenant_id, repositories.integration_id, repositories.provider, repositories.external_id, repositories.full_name, repositories.name, repositories.clone_url, repositories.default_branch, repositories.is_private, repositories.language, repositories.has_dockerfile, repositories.has_cicd, repositories.last_scan_at, repositories.last_scan_score, repositories.id, repositories.created_at, repositories.updated_at 
FROM repositories 
WHERE repositories.tenant_id = ? AND repositories.external_id = ?
2026-06-16 18:24:53,048 INFO sqlalchemy.engine.Engine [cached since 7.24s ago] ('2ee4a482-7e73-4b75-85ac-38e48196dd12', '1227148931')
2026-06-16 18:24:53,048 INFO sqlalchemy.engine.Engine SELECT repositories.tenant_id, repositories.integration_id, repositories.provider, repositories.external_id, repositories.full_name, repositories.name, repositories.clone_url, repositories.default_branch, repositories.is_private, repositories.language, repositories.has_dockerfile, repositories.has_cicd, repositories.last_scan_at, repositories.last_scan_score, repositories.id, repositories.created_at, repositories.updated_at 
FROM repositories 
WHERE repositories.tenant_id = ? AND repositories.external_id = ?
2026-06-16 18:24:53,049 INFO sqlalchemy.engine.Engine [cached since 7.24s ago] ('2ee4a482-7e73-4b75-85ac-38e48196dd12', '1052200837')
2026-06-16 18:24:53,049 INFO sqlalchemy.engine.Engine SELECT repositories.tenant_id, repositories.integration_id, repositories.provider, repositories.external_id, repositories.full_name, repositories.name, repositories.clone_url, repositories.default_branch, repositories.is_private, repositories.language, repositories.has_dockerfile, repositories.has_cicd, repositories.last_scan_at, repositories.last_scan_score, repositories.id, repositories.created_at, repositories.updated_at 
FROM repositories 
WHERE repositories.tenant_id = ? AND repositories.external_id = ?
2026-06-16 18:24:53,049 INFO sqlalchemy.engine.Engine [cached since 7.241s ago] ('2ee4a482-7e73-4b75-85ac-38e48196dd12', '1023644357')
2026-06-16 18:24:53,049 INFO sqlalchemy.engine.Engine SELECT repositories.tenant_id, repositories.integration_id, repositories.provider, repositories.external_id, repositories.full_name, repositories.name, repositories.clone_url, repositories.default_branch, repositories.is_private, repositories.language, repositories.has_dockerfile, repositories.has_cicd, repositories.last_scan_at, repositories.last_scan_score, repositories.id, repositories.created_at, repositories.updated_at 
FROM repositories 
WHERE repositories.tenant_id = ? AND repositories.external_id = ?
2026-06-16 18:24:53,049 INFO sqlalchemy.engine.Engine [cached since 7.241s ago] ('2ee4a482-7e73-4b75-85ac-38e48196dd12', '1202696008')
2026-06-16 18:24:53,050 INFO sqlalchemy.engine.Engine SELECT repositories.tenant_id, repositories.integration_id, repositories.provider, repositories.external_id, repositories.full_name, repositories.name, repositories.clone_url, repositories.default_branch, repositories.is_private, repositories.language, repositories.has_dockerfile, repositories.has_cicd, repositories.last_scan_at, repositories.last_scan_score, repositories.id, repositories.created_at, repositories.updated_at 
FROM repositories 
WHERE repositories.tenant_id = ? AND repositories.external_id = ?
2026-06-16 18:24:53,050 INFO sqlalchemy.engine.Engine [cached since 7.242s ago] ('2ee4a482-7e73-4b75-85ac-38e48196dd12', '895428476')
2026-06-16 18:24:53,050 INFO sqlalchemy.engine.Engine SELECT repositories.tenant_id, repositories.integration_id, repositories.provider, repositories.external_id, repositories.full_name, repositories.name, repositories.clone_url, repositories.default_branch, repositories.is_private, repositories.language, repositories.has_dockerfile, repositories.has_cicd, repositories.last_scan_at, repositories.last_scan_score, repositories.id, repositories.created_at, repositories.updated_at 
FROM repositories 
WHERE repositories.tenant_id = ? AND repositories.external_id = ?
2026-06-16 18:24:53,050 INFO sqlalchemy.engine.Engine [cached since 7.242s ago] ('2ee4a482-7e73-4b75-85ac-38e48196dd12', '1182404960')
2026-06-16 18:24:53,051 INFO sqlalchemy.engine.Engine SELECT repositories.tenant_id, repositories.integration_id, repositories.provider, repositories.external_id, repositories.full_name, repositories.name, repositories.clone_url, repositories.default_branch, repositories.is_private, repositories.language, repositories.has_dockerfile, repositories.has_cicd, repositories.last_scan_at, repositories.last_scan_score, repositories.id, repositories.created_at, repositories.updated_at 
FROM repositories 
WHERE repositories.tenant_id = ? AND repositories.external_id = ?
2026-06-16 18:24:53,051 INFO sqlalchemy.engine.Engine [cached since 7.243s ago] ('2ee4a482-7e73-4b75-85ac-38e48196dd12', '1201422385')
2026-06-16 18:24:53,051 INFO sqlalchemy.engine.Engine SELECT repositories.tenant_id, repositories.integration_id, repositories.provider, repositories.external_id, repositories.full_name, repositories.name, repositories.clone_url, repositories.default_branch, repositories.is_private, repositories.language, repositories.has_dockerfile, repositories.has_cicd, repositories.last_scan_at, repositories.last_scan_score, repositories.id, repositories.created_at, repositories.updated_at 
FROM repositories 
WHERE repositories.tenant_id = ? AND repositories.external_id = ?
2026-06-16 18:24:53,051 INFO sqlalchemy.engine.Engine [cached since 7.243s ago] ('2ee4a482-7e73-4b75-85ac-38e48196dd12', '1200700135')
2026-06-16 18:24:53,052 INFO sqlalchemy.engine.Engine SELECT repositories.tenant_id, repositories.integration_id, repositories.provider, repositories.external_id, repositories.full_name, repositories.name, repositories.clone_url, repositories.default_branch, repositories.is_private, repositories.language, repositories.has_dockerfile, repositories.has_cicd, repositories.last_scan_at, repositories.last_scan_score, repositories.id, repositories.created_at, repositories.updated_at 
FROM repositories 
WHERE repositories.tenant_id = ? AND repositories.external_id = ?
2026-06-16 18:24:53,052 INFO sqlalchemy.engine.Engine [cached since 7.244s ago] ('2ee4a482-7e73-4b75-85ac-38e48196dd12', '1198457720')
2026-06-16 18:24:53,053 INFO sqlalchemy.engine.Engine SELECT repositories.tenant_id, repositories.integration_id, repositories.provider, repositories.external_id, repositories.full_name, repositories.name, repositories.clone_url, repositories.default_branch, repositories.is_private, repositories.language, repositories.has_dockerfile, repositories.has_cicd, repositories.last_scan_at, repositories.last_scan_score, repositories.id, repositories.created_at, repositories.updated_at 
FROM repositories 
WHERE repositories.tenant_id = ? AND repositories.external_id = ?
2026-06-16 18:24:53,054 INFO sqlalchemy.engine.Engine [cached since 7.245s ago] ('2ee4a482-7e73-4b75-85ac-38e48196dd12', '1184242665')
2026-06-16 18:24:53,054 INFO sqlalchemy.engine.Engine SELECT repositories.tenant_id, repositories.integration_id, repositories.provider, repositories.external_id, repositories.full_name, repositories.name, repositories.clone_url, repositories.default_branch, repositories.is_private, repositories.language, repositories.has_dockerfile, repositories.has_cicd, repositories.last_scan_at, repositories.last_scan_score, repositories.id, repositories.created_at, repositories.updated_at 
FROM repositories 
WHERE repositories.tenant_id = ? AND repositories.external_id = ?
2026-06-16 18:24:53,054 INFO sqlalchemy.engine.Engine [cached since 7.246s ago] ('2ee4a482-7e73-4b75-85ac-38e48196dd12', '1183621930')
2026-06-16 18:24:53,055 INFO sqlalchemy.engine.Engine SELECT repositories.tenant_id, repositories.integration_id, repositories.provider, repositories.external_id, repositories.full_name, repositories.name, repositories.clone_url, repositories.default_branch, repositories.is_private, repositories.language, repositories.has_dockerfile, repositories.has_cicd, repositories.last_scan_at, repositories.last_scan_score, repositories.id, repositories.created_at, repositories.updated_at 
FROM repositories 
WHERE repositories.tenant_id = ? AND repositories.external_id = ?
2026-06-16 18:24:53,055 INFO sqlalchemy.engine.Engine [cached since 7.246s ago] ('2ee4a482-7e73-4b75-85ac-38e48196dd12', '1178178457')
2026-06-16 18:24:53,055 INFO sqlalchemy.engine.Engine SELECT repositories.tenant_id, repositories.integration_id, repositories.provider, repositories.external_id, repositories.full_name, repositories.name, repositories.clone_url, repositories.default_branch, repositories.is_private, repositories.language, repositories.has_dockerfile, repositories.has_cicd, repositories.last_scan_at, repositories.last_scan_score, repositories.id, repositories.created_at, repositories.updated_at 
FROM repositories 
WHERE repositories.tenant_id = ? AND repositories.external_id = ?
2026-06-16 18:24:53,055 INFO sqlalchemy.engine.Engine [cached since 7.247s ago] ('2ee4a482-7e73-4b75-85ac-38e48196dd12', '1176211349')
2026-06-16 18:24:53,055 INFO sqlalchemy.engine.Engine SELECT repositories.tenant_id, repositories.integration_id, repositories.provider, repositories.external_id, repositories.full_name, repositories.name, repositories.clone_url, repositories.default_branch, repositories.is_private, repositories.language, repositories.has_dockerfile, repositories.has_cicd, repositories.last_scan_at, repositories.last_scan_score, repositories.id, repositories.created_at, repositories.updated_at 
FROM repositories 
WHERE repositories.tenant_id = ? AND repositories.external_id = ?
2026-06-16 18:24:53,055 INFO sqlalchemy.engine.Engine [cached since 7.247s ago] ('2ee4a482-7e73-4b75-85ac-38e48196dd12', '1175975639')
2026-06-16 18:24:53,056 INFO sqlalchemy.engine.Engine SELECT repositories.tenant_id, repositories.integration_id, repositories.provider, repositories.external_id, repositories.full_name, repositories.name, repositories.clone_url, repositories.default_branch, repositories.is_private, repositories.language, repositories.has_dockerfile, repositories.has_cicd, repositories.last_scan_at, repositories.last_scan_score, repositories.id, repositories.created_at, repositories.updated_at 
FROM repositories 
WHERE repositories.tenant_id = ? AND repositories.external_id = ?
2026-06-16 18:24:53,056 INFO sqlalchemy.engine.Engine [cached since 7.248s ago] ('2ee4a482-7e73-4b75-85ac-38e48196dd12', '1168340475')
2026-06-16 18:24:53,057 INFO sqlalchemy.engine.Engine SELECT repositories.tenant_id, repositories.integration_id, repositories.provider, repositories.external_id, repositories.full_name, repositories.name, repositories.clone_url, repositories.default_branch, repositories.is_private, repositories.language, repositories.has_dockerfile, repositories.has_cicd, repositories.last_scan_at, repositories.last_scan_score, repositories.id, repositories.created_at, repositories.updated_at 
FROM repositories 
WHERE repositories.tenant_id = ? AND repositories.external_id = ?
2026-06-16 18:24:53,057 INFO sqlalchemy.engine.Engine [cached since 7.249s ago] ('2ee4a482-7e73-4b75-85ac-38e48196dd12', '1163301833')
2026-06-16 18:24:53,058 INFO sqlalchemy.engine.Engine SELECT repositories.tenant_id, repositories.integration_id, repositories.provider, repositories.external_id, repositories.full_name, repositories.name, repositories.clone_url, repositories.default_branch, repositories.is_private, repositories.language, repositories.has_dockerfile, repositories.has_cicd, repositories.last_scan_at, repositories.last_scan_score, repositories.id, repositories.created_at, repositories.updated_at 
FROM repositories 
WHERE repositories.tenant_id = ? AND repositories.external_id = ?
2026-06-16 18:24:53,058 INFO sqlalchemy.engine.Engine [cached since 7.249s ago] ('2ee4a482-7e73-4b75-85ac-38e48196dd12', '1076203151')
2026-06-16 18:24:53,058 INFO sqlalchemy.engine.Engine SELECT repositories.tenant_id, repositories.integration_id, repositories.provider, repositories.external_id, repositories.full_name, repositories.name, repositories.clone_url, repositories.default_branch, repositories.is_private, repositories.language, repositories.has_dockerfile, repositories.has_cicd, repositories.last_scan_at, repositories.last_scan_score, repositories.id, repositories.created_at, repositories.updated_at 
FROM repositories 
WHERE repositories.tenant_id = ? AND repositories.external_id = ?
2026-06-16 18:24:53,058 INFO sqlalchemy.engine.Engine [cached since 7.25s ago] ('2ee4a482-7e73-4b75-85ac-38e48196dd12', '1032069136')
2026-06-16 18:24:53,058 INFO sqlalchemy.engine.Engine SELECT repositories.tenant_id, repositories.integration_id, repositories.provider, repositories.external_id, repositories.full_name, repositories.name, repositories.clone_url, repositories.default_branch, repositories.is_private, repositories.language, repositories.has_dockerfile, repositories.has_cicd, repositories.last_scan_at, repositories.last_scan_score, repositories.id, repositories.created_at, repositories.updated_at 
FROM repositories 
WHERE repositories.tenant_id = ? AND repositories.external_id = ?
2026-06-16 18:24:53,059 INFO sqlalchemy.engine.Engine [cached since 7.25s ago] ('2ee4a482-7e73-4b75-85ac-38e48196dd12', '1026104040')
2026-06-16 18:24:53,059 INFO sqlalchemy.engine.Engine UPDATE integrations SET config=?, last_sync=?, updated_at=? WHERE integrations.id = ?
2026-06-16 18:24:53,059 INFO sqlalchemy.engine.Engine [cached since 7.233s ago] ('{"username": "MomenLotfy", "repo_count": 36}', '2026-06-16 15:24:53.059323', '2026-06-16 15:24:53.059529', 'cdf9e8db-ba79-45b8-8dea-145b66036746')
2026-06-16 18:24:53,060 INFO sqlalchemy.engine.Engine COMMIT
[32m2026-06-16 18:24:53[0m | [1mINFO    [0m | [36mapp.api.v1.endpoints.integrations[0m:[36m328[0m - [1m[bg] Connection test OK + synced 36 repos for integration cdf9e8db-ba79-45b8-8dea-145b66036746 (tenant 2ee4a482-7e73-4b75-85ac-38e48196dd12)[0m
2026-06-16 18:24:53,863 INFO sqlalchemy.engine.Engine BEGIN (implicit)
2026-06-16 18:24:53,863 INFO sqlalchemy.engine.Engine SELECT count(*) AS count_1 
FROM (SELECT alerts.tenant_id AS tenant_id, alerts.title AS title, alerts.message AS message, alerts.severity AS severity, alerts.category AS category, alerts.source AS source, alerts.status AS status, alerts.is_read AS is_read, alerts.resource AS resource, alerts.metadata AS metadata, alerts.fired_at AS fired_at, alerts.resolved_at AS resolved_at, alerts.id AS id, alerts.created_at AS created_at, alerts.updated_at AS updated_at 
FROM alerts 
WHERE alerts.tenant_id = ?) AS anon_1
2026-06-16 18:24:53,863 INFO sqlalchemy.engine.Engine [cached since 2.51s ago] ('2ee4a482-7e73-4b75-85ac-38e48196dd12',)
2026-06-16 18:24:53,864 INFO sqlalchemy.engine.Engine SELECT alerts.tenant_id, alerts.title, alerts.message, alerts.severity, alerts.category, alerts.source, alerts.status, alerts.is_read, alerts.resource, alerts.metadata, alerts.fired_at, alerts.resolved_at, alerts.id, alerts.created_at, alerts.updated_at 
FROM alerts 
WHERE alerts.tenant_id = ? ORDER BY alerts.created_at DESC
 LIMIT ? OFFSET ?
2026-06-16 18:24:53,864 INFO sqlalchemy.engine.Engine [cached since 2.451s ago] ('2ee4a482-7e73-4b75-85ac-38e48196dd12', 10, 0)
2026-06-16 18:24:53,865 INFO sqlalchemy.engine.Engine COMMIT
[32m2026-06-16 18:24:53[0m | [1mINFO    [0m | [36mapp.middleware.logging[0m:[36m15[0m - [1m[3f948733] GET /api/v1/alerts → 200 (3.81ms)[0m
INFO:     127.0.0.1:33104 - "GET /api/v1/alerts?page_size=10 HTTP/1.1" 200 OK
2026-06-16 18:24:53,870 INFO sqlalchemy.engine.Engine BEGIN (implicit)
2026-06-16 18:24:53,871 INFO sqlalchemy.engine.Engine SELECT count(*) AS count_1 
FROM (SELECT alerts.tenant_id AS tenant_id, alerts.title AS title, alerts.message AS message, alerts.severity AS severity, alerts.category AS category, alerts.source AS source, alerts.status AS status, alerts.is_read AS is_read, alerts.resource AS resource, alerts.metadata AS metadata, alerts.fired_at AS fired_at, alerts.resolved_at AS resolved_at, alerts.id AS id, alerts.created_at AS created_at, alerts.updated_at AS updated_at 
FROM alerts 
WHERE alerts.tenant_id = ?) AS anon_1
2026-06-16 18:24:53,871 INFO sqlalchemy.engine.Engine [cached since 2.517s ago] ('2ee4a482-7e73-4b75-85ac-38e48196dd12',)
2026-06-16 18:24:53,871 INFO sqlalchemy.engine.Engine SELECT alerts.tenant_id, alerts.title, alerts.message, alerts.severity, alerts.category, alerts.source, alerts.status, alerts.is_read, alerts.resource, alerts.metadata, alerts.fired_at, alerts.resolved_at, alerts.id, alerts.created_at, alerts.updated_at 
FROM alerts 
WHERE alerts.tenant_id = ? ORDER BY alerts.created_at DESC
 LIMIT ? OFFSET ?
2026-06-16 18:24:53,872 INFO sqlalchemy.engine.Engine [cached since 2.458s ago] ('2ee4a482-7e73-4b75-85ac-38e48196dd12', 10, 0)
2026-06-16 18:24:53,872 INFO sqlalchemy.engine.Engine COMMIT
[32m2026-06-16 18:24:53[0m | [1mINFO    [0m | [36mapp.middleware.logging[0m:[36m15[0m - [1m[92916a8b] GET /api/v1/alerts → 200 (3.46ms)[0m
INFO:     127.0.0.1:33118 - "GET /api/v1/alerts?page_size=10 HTTP/1.1" 200 OK
2026-06-16 18:24:54,099 INFO sqlalchemy.engine.Engine BEGIN (implicit)
2026-06-16 18:24:54,099 INFO sqlalchemy.engine.Engine SELECT count(*) AS count_1 
FROM (SELECT integrations.tenant_id AS tenant_id, integrations.name AS name, integrations.type AS type, integrations.status AS status, integrations.credentials AS credentials, integrations.config AS config, integrations.last_sync AS last_sync, integrations.is_active AS is_active, integrations.error_message AS error_message, integrations.id AS id, integrations.created_at AS created_at, integrations.updated_at AS updated_at 
FROM integrations 
WHERE integrations.tenant_id = ?) AS anon_1
2026-06-16 18:24:54,100 INFO sqlalchemy.engine.Engine [cached since 73.97s ago] ('2ee4a482-7e73-4b75-85ac-38e48196dd12',)
2026-06-16 18:24:54,103 INFO sqlalchemy.engine.Engine BEGIN (implicit)
2026-06-16 18:24:54,103 INFO sqlalchemy.engine.Engine SELECT tenants.name, tenants.slug, tenants.domain, tenants.logo_url, tenants."plan", tenants.is_active, tenants.settings, tenants.metadata, tenants.id, tenants.created_at, tenants.updated_at 
FROM tenants 
WHERE tenants.id = ?
2026-06-16 18:24:54,104 INFO sqlalchemy.engine.Engine [cached since 73.98s ago] ('2ee4a482-7e73-4b75-85ac-38e48196dd12',)
2026-06-16 18:24:54,104 INFO sqlalchemy.engine.Engine SELECT integrations.tenant_id, integrations.name, integrations.type, integrations.status, integrations.credentials, integrations.config, integrations.last_sync, integrations.is_active, integrations.error_message, integrations.id, integrations.created_at, integrations.updated_at 
FROM integrations 
WHERE integrations.tenant_id = ? ORDER BY integrations.created_at DESC
 LIMIT ? OFFSET ?
2026-06-16 18:24:54,104 INFO sqlalchemy.engine.Engine [cached since 26.19s ago] ('2ee4a482-7e73-4b75-85ac-38e48196dd12', 20, 0)
2026-06-16 18:24:54,105 INFO sqlalchemy.engine.Engine BEGIN (implicit)
2026-06-16 18:24:54,105 INFO sqlalchemy.engine.Engine SELECT count(users.id) AS count_1 
FROM users 
WHERE users.tenant_id = ? AND users.is_active = 1
2026-06-16 18:24:54,105 INFO sqlalchemy.engine.Engine [cached since 73.98s ago] ('2ee4a482-7e73-4b75-85ac-38e48196dd12',)
2026-06-16 18:24:54,105 INFO sqlalchemy.engine.Engine COMMIT
2026-06-16 18:24:54,106 INFO sqlalchemy.engine.Engine COMMIT
2026-06-16 18:24:54,107 INFO sqlalchemy.engine.Engine SELECT count(integrations.id) AS count_1 
FROM integrations 
WHERE integrations.tenant_id = ? AND integrations.is_active = 1
2026-06-16 18:24:54,107 INFO sqlalchemy.engine.Engine [cached since 73.98s ago] ('2ee4a482-7e73-4b75-85ac-38e48196dd12',)
[32m2026-06-16 18:24:54[0m | [1mINFO    [0m | [36mapp.middleware.logging[0m:[36m15[0m - [1m[836d437c] GET /api/v1/companies → 200 (5.92ms)[0m
INFO:     127.0.0.1:33134 - "GET /api/v1/companies HTTP/1.1" 200 OK
[32m2026-06-16 18:24:54[0m | [1mINFO    [0m | [36mapp.middleware.logging[0m:[36m15[0m - [1m[9fad22bc] GET /api/v1/integrations → 200 (10.98ms)[0m
INFO:     127.0.0.1:33128 - "GET /api/v1/integrations HTTP/1.1" 200 OK
2026-06-16 18:24:54,110 INFO sqlalchemy.engine.Engine SELECT count(pipelines.id) AS count_1 
FROM pipelines 
WHERE pipelines.tenant_id = ? AND pipelines.status = ?
2026-06-16 18:24:54,110 INFO sqlalchemy.engine.Engine [cached since 73.98s ago] ('2ee4a482-7e73-4b75-85ac-38e48196dd12', 'running')
2026-06-16 18:24:54,110 INFO sqlalchemy.engine.Engine SELECT count(threats.id) AS count_1 
FROM threats 
WHERE threats.tenant_id = ? AND threats.status = ?
2026-06-16 18:24:54,111 INFO sqlalchemy.engine.Engine [cached since 73.98s ago] ('2ee4a482-7e73-4b75-85ac-38e48196dd12', 'open')
2026-06-16 18:24:54,111 INFO sqlalchemy.engine.Engine SELECT sum(cost_metrics.amount) AS sum_1 
FROM cost_metrics 
WHERE cost_metrics.tenant_id = ?
2026-06-16 18:24:54,111 INFO sqlalchemy.engine.Engine [cached since 73.97s ago] ('2ee4a482-7e73-4b75-85ac-38e48196dd12',)
2026-06-16 18:24:54,111 INFO sqlalchemy.engine.Engine COMMIT
[32m2026-06-16 18:24:54[0m | [1mINFO    [0m | [36mapp.middleware.logging[0m:[36m15[0m - [1m[b52dc495] GET /api/v1/companies/stats → 200 (10.1ms)[0m
INFO:     127.0.0.1:33142 - "GET /api/v1/companies/stats HTTP/1.1" 200 OK
[32m2026-06-16 18:24:54[0m | [33m[1mWARNING [0m | [36mapp.integrations.aws.cost_explorer[0m:[36m179[0m - [33m[1m[aws_ce] get_rightsizing failed: An error occurred (AccessDeniedException) when calling the GetRightsizingRecommendation operation: Rightsizing EC2 recommendation is an opt-in only feature. You can enable this feature from the PAYER account’s Cost Explorer Preferences page. Normally it may take up to 24 hours in order to generate your rightsizing recommendations.[0m
2026-06-16 18:24:54,990 INFO sqlalchemy.engine.Engine BEGIN (implicit)
2026-06-16 18:24:54,990 INFO sqlalchemy.engine.Engine SELECT count(*) AS count_1 
FROM (SELECT alerts.tenant_id AS tenant_id, alerts.title AS title, alerts.message AS message, alerts.severity AS severity, alerts.category AS category, alerts.source AS source, alerts.status AS status, alerts.is_read AS is_read, alerts.resource AS resource, alerts.metadata AS metadata, alerts.fired_at AS fired_at, alerts.resolved_at AS resolved_at, alerts.id AS id, alerts.created_at AS created_at, alerts.updated_at AS updated_at 
FROM alerts 
WHERE alerts.tenant_id = ?) AS anon_1
2026-06-16 18:24:54,990 INFO sqlalchemy.engine.Engine [cached since 3.636s ago] ('2ee4a482-7e73-4b75-85ac-38e48196dd12',)
2026-06-16 18:24:54,991 INFO sqlalchemy.engine.Engine SELECT alerts.tenant_id, alerts.title, alerts.message, alerts.severity, alerts.category, alerts.source, alerts.status, alerts.is_read, alerts.resource, alerts.metadata, alerts.fired_at, alerts.resolved_at, alerts.id, alerts.created_at, alerts.updated_at 
FROM alerts 
WHERE alerts.tenant_id = ? ORDER BY alerts.created_at DESC
 LIMIT ? OFFSET ?
2026-06-16 18:24:54,991 INFO sqlalchemy.engine.Engine [cached since 3.578s ago] ('2ee4a482-7e73-4b75-85ac-38e48196dd12', 10, 0)
2026-06-16 18:24:54,992 INFO sqlalchemy.engine.Engine COMMIT
[32m2026-06-16 18:24:54[0m | [1mINFO    [0m | [36mapp.middleware.logging[0m:[36m15[0m - [1m[4a1579dd] GET /api/v1/alerts → 200 (5.02ms)[0m
INFO:     127.0.0.1:33156 - "GET /api/v1/alerts?page_size=10 HTTP/1.1" 200 OK
2026-06-16 18:24:54,999 INFO sqlalchemy.engine.Engine BEGIN (implicit)
2026-06-16 18:24:54,999 INFO sqlalchemy.engine.Engine SELECT count(*) AS count_1 
FROM (SELECT alerts.tenant_id AS tenant_id, alerts.title AS title, alerts.message AS message, alerts.severity AS severity, alerts.category AS category, alerts.source AS source, alerts.status AS status, alerts.is_read AS is_read, alerts.resource AS resource, alerts.metadata AS metadata, alerts.fired_at AS fired_at, alerts.resolved_at AS resolved_at, alerts.id AS id, alerts.created_at AS created_at, alerts.updated_at AS updated_at 
FROM alerts 
WHERE alerts.tenant_id = ?) AS anon_1
2026-06-16 18:24:54,999 INFO sqlalchemy.engine.Engine [cached since 3.646s ago] ('2ee4a482-7e73-4b75-85ac-38e48196dd12',)
2026-06-16 18:24:55,000 INFO sqlalchemy.engine.Engine SELECT alerts.tenant_id, alerts.title, alerts.message, alerts.severity, alerts.category, alerts.source, alerts.status, alerts.is_read, alerts.resource, alerts.metadata, alerts.fired_at, alerts.resolved_at, alerts.id, alerts.created_at, alerts.updated_at 
FROM alerts 
WHERE alerts.tenant_id = ? ORDER BY alerts.created_at DESC
 LIMIT ? OFFSET ?
2026-06-16 18:24:55,000 INFO sqlalchemy.engine.Engine [cached since 3.587s ago] ('2ee4a482-7e73-4b75-85ac-38e48196dd12', 10, 0)
2026-06-16 18:24:55,001 INFO sqlalchemy.engine.Engine COMMIT
[32m2026-06-16 18:24:55[0m | [1mINFO    [0m | [36mapp.middleware.logging[0m:[36m15[0m - [1m[39b0dc27] GET /api/v1/alerts → 200 (3.96ms)[0m
INFO:     127.0.0.1:33164 - "GET /api/v1/alerts?page_size=10 HTTP/1.1" 200 OK
2026-06-16 18:24:55,220 INFO sqlalchemy.engine.Engine BEGIN (implicit)
2026-06-16 18:24:55,220 INFO sqlalchemy.engine.Engine SELECT count(users.id) AS count_1 
FROM users 
WHERE users.tenant_id = ? AND users.is_active = 1
2026-06-16 18:24:55,220 INFO sqlalchemy.engine.Engine [cached since 75.09s ago] ('2ee4a482-7e73-4b75-85ac-38e48196dd12',)
2026-06-16 18:24:55,221 INFO sqlalchemy.engine.Engine BEGIN (implicit)
2026-06-16 18:24:55,221 INFO sqlalchemy.engine.Engine SELECT count(*) AS count_1 
FROM (SELECT integrations.tenant_id AS tenant_id, integrations.name AS name, integrations.type AS type, integrations.status AS status, integrations.credentials AS credentials, integrations.config AS config, integrations.last_sync AS last_sync, integrations.is_active AS is_active, integrations.error_message AS error_message, integrations.id AS id, integrations.created_at AS created_at, integrations.updated_at AS updated_at 
FROM integrations 
WHERE integrations.tenant_id = ?) AS anon_1
2026-06-16 18:24:55,221 INFO sqlalchemy.engine.Engine [cached since 75.09s ago] ('2ee4a482-7e73-4b75-85ac-38e48196dd12',)
2026-06-16 18:24:55,221 INFO sqlalchemy.engine.Engine BEGIN (implicit)
2026-06-16 18:24:55,224 INFO sqlalchemy.engine.Engine SELECT tenants.name, tenants.slug, tenants.domain, tenants.logo_url, tenants."plan", tenants.is_active, tenants.settings, tenants.metadata, tenants.id, tenants.created_at, tenants.updated_at 
FROM tenants 
WHERE tenants.id = ?
2026-06-16 18:24:55,225 INFO sqlalchemy.engine.Engine [cached since 75.1s ago] ('2ee4a482-7e73-4b75-85ac-38e48196dd12',)
2026-06-16 18:24:55,228 INFO sqlalchemy.engine.Engine SELECT count(integrations.id) AS count_1 
FROM integrations 
WHERE integrations.tenant_id = ? AND integrations.is_active = 1
2026-06-16 18:24:55,228 INFO sqlalchemy.engine.Engine [cached since 75.1s ago] ('2ee4a482-7e73-4b75-85ac-38e48196dd12',)
2026-06-16 18:24:55,228 INFO sqlalchemy.engine.Engine SELECT integrations.tenant_id, integrations.name, integrations.type, integrations.status, integrations.credentials, integrations.config, integrations.last_sync, integrations.is_active, integrations.error_message, integrations.id, integrations.created_at, integrations.updated_at 
FROM integrations 
WHERE integrations.tenant_id = ? ORDER BY integrations.created_at DESC
 LIMIT ? OFFSET ?
2026-06-16 18:24:55,228 INFO sqlalchemy.engine.Engine [cached since 27.31s ago] ('2ee4a482-7e73-4b75-85ac-38e48196dd12', 20, 0)
2026-06-16 18:24:55,229 INFO sqlalchemy.engine.Engine COMMIT
2026-06-16 18:24:55,232 INFO sqlalchemy.engine.Engine COMMIT
2026-06-16 18:24:55,233 INFO sqlalchemy.engine.Engine SELECT count(pipelines.id) AS count_1 
FROM pipelines 
WHERE pipelines.tenant_id = ? AND pipelines.status = ?
2026-06-16 18:24:55,233 INFO sqlalchemy.engine.Engine [cached since 75.1s ago] ('2ee4a482-7e73-4b75-85ac-38e48196dd12', 'running')
[32m2026-06-16 18:24:55[0m | [1mINFO    [0m | [36mapp.middleware.logging[0m:[36m15[0m - [1m[cc25a8a5] GET /api/v1/companies → 200 (14.52ms)[0m
INFO:     127.0.0.1:33208 - "GET /api/v1/companies HTTP/1.1" 200 OK
2026-06-16 18:24:55,235 INFO sqlalchemy.engine.Engine SELECT count(threats.id) AS count_1 
FROM threats 
WHERE threats.tenant_id = ? AND threats.status = ?
2026-06-16 18:24:55,235 INFO sqlalchemy.engine.Engine [cached since 75.1s ago] ('2ee4a482-7e73-4b75-85ac-38e48196dd12', 'open')
[32m2026-06-16 18:24:55[0m | [1mINFO    [0m | [36mapp.middleware.logging[0m:[36m15[0m - [1m[cc82bdb4] GET /api/v1/integrations → 200 (18.94ms)[0m
INFO:     127.0.0.1:33192 - "GET /api/v1/integrations HTTP/1.1" 200 OK
2026-06-16 18:24:55,239 INFO sqlalchemy.engine.Engine SELECT sum(cost_metrics.amount) AS sum_1 
FROM cost_metrics 
WHERE cost_metrics.tenant_id = ?
2026-06-16 18:24:55,239 INFO sqlalchemy.engine.Engine [cached since 75.1s ago] ('2ee4a482-7e73-4b75-85ac-38e48196dd12',)
2026-06-16 18:24:55,239 INFO sqlalchemy.engine.Engine COMMIT
[32m2026-06-16 18:24:55[0m | [1mINFO    [0m | [36mapp.middleware.logging[0m:[36m15[0m - [1m[1ed44520] GET /api/v1/companies/stats → 200 (23.55ms)[0m
INFO:     127.0.0.1:33180 - "GET /api/v1/companies/stats HTTP/1.1" 200 OK
INFO:     ('127.0.0.1', 33224) - "WebSocket /ws/unknown?token=eyJhbGciOiJIUzI1NiIsInR5cCI6IkpXVCJ9.eyJzdWIiOiI4MGZlNjkyMy1kMGQ3LTQ3ZTQtYmVlMy0wYTZlZWEzNmZlOTgiLCJlbWFpbCI6ImRkZGRkZGRkZXNhMTIzQGdtYWlsLmNjb20iLCJ0ZW5hbnRfaWQiOiIyZWU0YTQ4Mi03ZTczLTRiNzUtODVhYy0zOGU0ODE5NmRkMTIiLCJyb2xlcyI6WyJhZG1pbiJdLCJleHAiOjE3ODE3MDk4MjAsImlhdCI6MTc4MTYyMzQyMCwidHlwZSI6ImFjY2VzcyJ9.VAtkN126YiygMRGkEXEBVsjow55W3RzXOosnNSNdjrU" [accepted]
[32m2026-06-16 18:24:55[0m | [1mINFO    [0m | [36mapp.api.v1.websocket.manager[0m:[36m19[0m - [1mWS connected: tenant=unknown, connections=1[0m
INFO:     connection open
2026-06-16 18:24:56,983 INFO sqlalchemy.engine.Engine BEGIN (implicit)
2026-06-16 18:24:56,983 INFO sqlalchemy.engine.Engine SELECT count(*) AS count_1 
FROM (SELECT alerts.tenant_id AS tenant_id, alerts.title AS title, alerts.message AS message, alerts.severity AS severity, alerts.category AS category, alerts.source AS source, alerts.status AS status, alerts.is_read AS is_read, alerts.resource AS resource, alerts.metadata AS metadata, alerts.fired_at AS fired_at, alerts.resolved_at AS resolved_at, alerts.id AS id, alerts.created_at AS created_at, alerts.updated_at AS updated_at 
FROM alerts 
WHERE alerts.tenant_id = ?) AS anon_1
2026-06-16 18:24:56,983 INFO sqlalchemy.engine.Engine [cached since 5.629s ago] ('2ee4a482-7e73-4b75-85ac-38e48196dd12',)
2026-06-16 18:24:56,984 INFO sqlalchemy.engine.Engine SELECT alerts.tenant_id, alerts.title, alerts.message, alerts.severity, alerts.category, alerts.source, alerts.status, alerts.is_read, alerts.resource, alerts.metadata, alerts.fired_at, alerts.resolved_at, alerts.id, alerts.created_at, alerts.updated_at 
FROM alerts 
WHERE alerts.tenant_id = ? ORDER BY alerts.created_at DESC
 LIMIT ? OFFSET ?
2026-06-16 18:24:56,984 INFO sqlalchemy.engine.Engine [cached since 5.571s ago] ('2ee4a482-7e73-4b75-85ac-38e48196dd12', 10, 0)
2026-06-16 18:24:56,984 INFO sqlalchemy.engine.Engine COMMIT
[32m2026-06-16 18:24:56[0m | [1mINFO    [0m | [36mapp.middleware.logging[0m:[36m15[0m - [1m[38b5043a] GET /api/v1/alerts → 200 (3.64ms)[0m
INFO:     127.0.0.1:33240 - "GET /api/v1/alerts?page_size=10 HTTP/1.1" 200 OK
2026-06-16 18:24:56,990 INFO sqlalchemy.engine.Engine BEGIN (implicit)
2026-06-16 18:24:56,990 INFO sqlalchemy.engine.Engine SELECT count(*) AS count_1 
FROM (SELECT alerts.tenant_id AS tenant_id, alerts.title AS title, alerts.message AS message, alerts.severity AS severity, alerts.category AS category, alerts.source AS source, alerts.status AS status, alerts.is_read AS is_read, alerts.resource AS resource, alerts.metadata AS metadata, alerts.fired_at AS fired_at, alerts.resolved_at AS resolved_at, alerts.id AS id, alerts.created_at AS created_at, alerts.updated_at AS updated_at 
FROM alerts 
WHERE alerts.tenant_id = ?) AS anon_1
2026-06-16 18:24:56,990 INFO sqlalchemy.engine.Engine [cached since 5.636s ago] ('2ee4a482-7e73-4b75-85ac-38e48196dd12',)
2026-06-16 18:24:56,991 INFO sqlalchemy.engine.Engine SELECT alerts.tenant_id, alerts.title, alerts.message, alerts.severity, alerts.category, alerts.source, alerts.status, alerts.is_read, alerts.resource, alerts.metadata, alerts.fired_at, alerts.resolved_at, alerts.id, alerts.created_at, alerts.updated_at 
FROM alerts 
WHERE alerts.tenant_id = ? ORDER BY alerts.created_at DESC
 LIMIT ? OFFSET ?
2026-06-16 18:24:56,991 INFO sqlalchemy.engine.Engine [cached since 5.578s ago] ('2ee4a482-7e73-4b75-85ac-38e48196dd12', 10, 0)
2026-06-16 18:24:56,991 INFO sqlalchemy.engine.Engine COMMIT
[32m2026-06-16 18:24:56[0m | [1mINFO    [0m | [36mapp.middleware.logging[0m:[36m15[0m - [1m[ba20c39d] GET /api/v1/alerts → 200 (3.33ms)[0m
INFO:     127.0.0.1:33246 - "GET /api/v1/alerts?page_size=10 HTTP/1.1" 200 OK
2026-06-16 18:24:57,042 INFO sqlalchemy.engine.Engine BEGIN (implicit)
2026-06-16 18:24:57,042 INFO sqlalchemy.engine.Engine SELECT count(*) AS count_1 
FROM (SELECT integrations.tenant_id AS tenant_id, integrations.name AS name, integrations.type AS type, integrations.status AS status, integrations.credentials AS credentials, integrations.config AS config, integrations.last_sync AS last_sync, integrations.is_active AS is_active, integrations.error_message AS error_message, integrations.id AS id, integrations.created_at AS created_at, integrations.updated_at AS updated_at 
FROM integrations 
WHERE integrations.tenant_id = ?) AS anon_1
2026-06-16 18:24:57,042 INFO sqlalchemy.engine.Engine [cached since 76.92s ago] ('2ee4a482-7e73-4b75-85ac-38e48196dd12',)
2026-06-16 18:24:57,043 INFO sqlalchemy.engine.Engine SELECT integrations.tenant_id, integrations.name, integrations.type, integrations.status, integrations.credentials, integrations.config, integrations.last_sync, integrations.is_active, integrations.error_message, integrations.id, integrations.created_at, integrations.updated_at 
FROM integrations 
WHERE integrations.tenant_id = ? ORDER BY integrations.created_at DESC
 LIMIT ? OFFSET ?
2026-06-16 18:24:57,044 INFO sqlalchemy.engine.Engine [cached since 29.13s ago] ('2ee4a482-7e73-4b75-85ac-38e48196dd12', 20, 0)
2026-06-16 18:24:57,044 INFO sqlalchemy.engine.Engine COMMIT
[32m2026-06-16 18:24:57[0m | [1mINFO    [0m | [36mapp.middleware.logging[0m:[36m15[0m - [1m[17081c08] GET /api/v1/integrations → 200 (4.06ms)[0m
INFO:     127.0.0.1:33250 - "GET /api/v1/integrations HTTP/1.1" 200 OK
2026-06-16 18:24:57,236 INFO sqlalchemy.engine.Engine BEGIN (implicit)
2026-06-16 18:24:57,236 INFO sqlalchemy.engine.Engine SELECT count(users.id) AS count_1 
FROM users 
WHERE users.tenant_id = ? AND users.is_active = 1
2026-06-16 18:24:57,236 INFO sqlalchemy.engine.Engine [cached since 77.11s ago] ('2ee4a482-7e73-4b75-85ac-38e48196dd12',)
2026-06-16 18:24:57,238 INFO sqlalchemy.engine.Engine BEGIN (implicit)
2026-06-16 18:24:57,238 INFO sqlalchemy.engine.Engine SELECT tenants.name, tenants.slug, tenants.domain, tenants.logo_url, tenants."plan", tenants.is_active, tenants.settings, tenants.metadata, tenants.id, tenants.created_at, tenants.updated_at 
FROM tenants 
WHERE tenants.id = ?
2026-06-16 18:24:57,238 INFO sqlalchemy.engine.Engine [cached since 77.11s ago] ('2ee4a482-7e73-4b75-85ac-38e48196dd12',)
2026-06-16 18:24:57,238 INFO sqlalchemy.engine.Engine SELECT count(integrations.id) AS count_1 
FROM integrations 
WHERE integrations.tenant_id = ? AND integrations.is_active = 1
2026-06-16 18:24:57,238 INFO sqlalchemy.engine.Engine [cached since 77.11s ago] ('2ee4a482-7e73-4b75-85ac-38e48196dd12',)
2026-06-16 18:24:57,239 INFO sqlalchemy.engine.Engine COMMIT
2026-06-16 18:24:57,239 INFO sqlalchemy.engine.Engine SELECT count(pipelines.id) AS count_1 
FROM pipelines 
WHERE pipelines.tenant_id = ? AND pipelines.status = ?
2026-06-16 18:24:57,239 INFO sqlalchemy.engine.Engine [cached since 77.11s ago] ('2ee4a482-7e73-4b75-85ac-38e48196dd12', 'running')
[32m2026-06-16 18:24:57[0m | [1mINFO    [0m | [36mapp.middleware.logging[0m:[36m15[0m - [1m[eac60346] GET /api/v1/companies → 200 (3.43ms)[0m
2026-06-16 18:24:57,241 INFO sqlalchemy.engine.Engine SELECT count(threats.id) AS count_1 
FROM threats 
WHERE threats.tenant_id = ? AND threats.status = ?
2026-06-16 18:24:57,241 INFO sqlalchemy.engine.Engine [cached since 77.11s ago] ('2ee4a482-7e73-4b75-85ac-38e48196dd12', 'open')
INFO:     127.0.0.1:33260 - "GET /api/v1/companies HTTP/1.1" 200 OK
2026-06-16 18:24:57,242 INFO sqlalchemy.engine.Engine SELECT sum(cost_metrics.amount) AS sum_1 
FROM cost_metrics 
WHERE cost_metrics.tenant_id = ?
2026-06-16 18:24:57,242 INFO sqlalchemy.engine.Engine [cached since 77.11s ago] ('2ee4a482-7e73-4b75-85ac-38e48196dd12',)
2026-06-16 18:24:57,242 INFO sqlalchemy.engine.Engine COMMIT
[32m2026-06-16 18:24:57[0m | [1mINFO    [0m | [36mapp.middleware.logging[0m:[36m15[0m - [1m[ec0ff02f] GET /api/v1/companies/stats → 200 (8.86ms)[0m
INFO:     127.0.0.1:33252 - "GET /api/v1/companies/stats HTTP/1.1" 200 OK
2026-06-16 18:24:58,166 INFO sqlalchemy.engine.Engine BEGIN (implicit)
2026-06-16 18:24:58,166 INFO sqlalchemy.engine.Engine SELECT count(*) AS count_1 
FROM (SELECT alerts.tenant_id AS tenant_id, alerts.title AS title, alerts.message AS message, alerts.severity AS severity, alerts.category AS category, alerts.source AS source, alerts.status AS status, alerts.is_read AS is_read, alerts.resource AS resource, alerts.metadata AS metadata, alerts.fired_at AS fired_at, alerts.resolved_at AS resolved_at, alerts.id AS id, alerts.created_at AS created_at, alerts.updated_at AS updated_at 
FROM alerts 
WHERE alerts.tenant_id = ?) AS anon_1
2026-06-16 18:24:58,166 INFO sqlalchemy.engine.Engine [cached since 6.812s ago] ('2ee4a482-7e73-4b75-85ac-38e48196dd12',)
2026-06-16 18:24:58,167 INFO sqlalchemy.engine.Engine SELECT alerts.tenant_id, alerts.title, alerts.message, alerts.severity, alerts.category, alerts.source, alerts.status, alerts.is_read, alerts.resource, alerts.metadata, alerts.fired_at, alerts.resolved_at, alerts.id, alerts.created_at, alerts.updated_at 
FROM alerts 
WHERE alerts.tenant_id = ? ORDER BY alerts.created_at DESC
 LIMIT ? OFFSET ?
2026-06-16 18:24:58,167 INFO sqlalchemy.engine.Engine [cached since 6.754s ago] ('2ee4a482-7e73-4b75-85ac-38e48196dd12', 10, 0)
2026-06-16 18:24:58,168 INFO sqlalchemy.engine.Engine COMMIT
[32m2026-06-16 18:24:58[0m | [1mINFO    [0m | [36mapp.middleware.logging[0m:[36m15[0m - [1m[83d4d0ec] GET /api/v1/alerts → 200 (4.46ms)[0m
INFO:     127.0.0.1:57940 - "GET /api/v1/alerts?page_size=10 HTTP/1.1" 200 OK
2026-06-16 18:24:58,174 INFO sqlalchemy.engine.Engine BEGIN (implicit)
2026-06-16 18:24:58,174 INFO sqlalchemy.engine.Engine SELECT count(*) AS count_1 
FROM (SELECT alerts.tenant_id AS tenant_id, alerts.title AS title, alerts.message AS message, alerts.severity AS severity, alerts.category AS category, alerts.source AS source, alerts.status AS status, alerts.is_read AS is_read, alerts.resource AS resource, alerts.metadata AS metadata, alerts.fired_at AS fired_at, alerts.resolved_at AS resolved_at, alerts.id AS id, alerts.created_at AS created_at, alerts.updated_at AS updated_at 
FROM alerts 
WHERE alerts.tenant_id = ?) AS anon_1
2026-06-16 18:24:58,174 INFO sqlalchemy.engine.Engine [cached since 6.821s ago] ('2ee4a482-7e73-4b75-85ac-38e48196dd12',)
2026-06-16 18:24:58,175 INFO sqlalchemy.engine.Engine SELECT alerts.tenant_id, alerts.title, alerts.message, alerts.severity, alerts.category, alerts.source, alerts.status, alerts.is_read, alerts.resource, alerts.metadata, alerts.fired_at, alerts.resolved_at, alerts.id, alerts.created_at, alerts.updated_at 
FROM alerts 
WHERE alerts.tenant_id = ? ORDER BY alerts.created_at DESC
 LIMIT ? OFFSET ?
2026-06-16 18:24:58,176 INFO sqlalchemy.engine.Engine [cached since 6.762s ago] ('2ee4a482-7e73-4b75-85ac-38e48196dd12', 10, 0)
2026-06-16 18:24:58,176 INFO sqlalchemy.engine.Engine COMMIT
[32m2026-06-16 18:24:58[0m | [1mINFO    [0m | [36mapp.middleware.logging[0m:[36m15[0m - [1m[71de2838] GET /api/v1/alerts → 200 (3.97ms)[0m
INFO:     127.0.0.1:57956 - "GET /api/v1/alerts?page_size=10 HTTP/1.1" 200 OK
2026-06-16 18:24:58,226 INFO sqlalchemy.engine.Engine BEGIN (implicit)
2026-06-16 18:24:58,226 INFO sqlalchemy.engine.Engine SELECT count(*) AS count_1 
FROM (SELECT integrations.tenant_id AS tenant_id, integrations.name AS name, integrations.type AS type, integrations.status AS status, integrations.credentials AS credentials, integrations.config AS config, integrations.last_sync AS last_sync, integrations.is_active AS is_active, integrations.error_message AS error_message, integrations.id AS id, integrations.created_at AS created_at, integrations.updated_at AS updated_at 
FROM integrations 
WHERE integrations.tenant_id = ?) AS anon_1
2026-06-16 18:24:58,226 INFO sqlalchemy.engine.Engine [cached since 78.1s ago] ('2ee4a482-7e73-4b75-85ac-38e48196dd12',)
2026-06-16 18:24:58,227 INFO sqlalchemy.engine.Engine SELECT integrations.tenant_id, integrations.name, integrations.type, integrations.status, integrations.credentials, integrations.config, integrations.last_sync, integrations.is_active, integrations.error_message, integrations.id, integrations.created_at, integrations.updated_at 
FROM integrations 
WHERE integrations.tenant_id = ? ORDER BY integrations.created_at DESC
 LIMIT ? OFFSET ?
2026-06-16 18:24:58,227 INFO sqlalchemy.engine.Engine [cached since 30.31s ago] ('2ee4a482-7e73-4b75-85ac-38e48196dd12', 20, 0)
2026-06-16 18:24:58,228 INFO sqlalchemy.engine.Engine COMMIT
[32m2026-06-16 18:24:58[0m | [1mINFO    [0m | [36mapp.middleware.logging[0m:[36m15[0m - [1m[dca259dc] GET /api/v1/integrations → 200 (4.2ms)[0m
INFO:     127.0.0.1:57968 - "GET /api/v1/integrations HTTP/1.1" 200 OK
2026-06-16 18:24:58,419 INFO sqlalchemy.engine.Engine BEGIN (implicit)
2026-06-16 18:24:58,419 INFO sqlalchemy.engine.Engine SELECT tenants.name, tenants.slug, tenants.domain, tenants.logo_url, tenants."plan", tenants.is_active, tenants.settings, tenants.metadata, tenants.id, tenants.created_at, tenants.updated_at 
FROM tenants 
WHERE tenants.id = ?
2026-06-16 18:24:58,419 INFO sqlalchemy.engine.Engine [cached since 78.29s ago] ('2ee4a482-7e73-4b75-85ac-38e48196dd12',)
2026-06-16 18:24:58,420 INFO sqlalchemy.engine.Engine COMMIT
[32m2026-06-16 18:24:58[0m | [1mINFO    [0m | [36mapp.middleware.logging[0m:[36m15[0m - [1m[16164f19] GET /api/v1/companies → 200 (2.84ms)[0m
INFO:     127.0.0.1:57974 - "GET /api/v1/companies HTTP/1.1" 200 OK
2026-06-16 18:24:58,425 INFO sqlalchemy.engine.Engine BEGIN (implicit)
2026-06-16 18:24:58,425 INFO sqlalchemy.engine.Engine SELECT count(users.id) AS count_1 
FROM users 
WHERE users.tenant_id = ? AND users.is_active = 1
2026-06-16 18:24:58,425 INFO sqlalchemy.engine.Engine [cached since 78.3s ago] ('2ee4a482-7e73-4b75-85ac-38e48196dd12',)
2026-06-16 18:24:58,426 INFO sqlalchemy.engine.Engine SELECT count(integrations.id) AS count_1 
FROM integrations 
WHERE integrations.tenant_id = ? AND integrations.is_active = 1
2026-06-16 18:24:58,426 INFO sqlalchemy.engine.Engine [cached since 78.3s ago] ('2ee4a482-7e73-4b75-85ac-38e48196dd12',)
2026-06-16 18:24:58,427 INFO sqlalchemy.engine.Engine SELECT count(pipelines.id) AS count_1 
FROM pipelines 
WHERE pipelines.tenant_id = ? AND pipelines.status = ?
2026-06-16 18:24:58,427 INFO sqlalchemy.engine.Engine [cached since 78.29s ago] ('2ee4a482-7e73-4b75-85ac-38e48196dd12', 'running')
2026-06-16 18:24:58,427 INFO sqlalchemy.engine.Engine SELECT count(threats.id) AS count_1 
FROM threats 
WHERE threats.tenant_id = ? AND threats.status = ?
2026-06-16 18:24:58,427 INFO sqlalchemy.engine.Engine [cached since 78.29s ago] ('2ee4a482-7e73-4b75-85ac-38e48196dd12', 'open')
2026-06-16 18:24:58,428 INFO sqlalchemy.engine.Engine SELECT sum(cost_metrics.amount) AS sum_1 
FROM cost_metrics 
WHERE cost_metrics.tenant_id = ?
2026-06-16 18:24:58,428 INFO sqlalchemy.engine.Engine [cached since 78.29s ago] ('2ee4a482-7e73-4b75-85ac-38e48196dd12',)
2026-06-16 18:24:58,429 INFO sqlalchemy.engine.Engine COMMIT
[32m2026-06-16 18:24:58[0m | [1mINFO    [0m | [36mapp.middleware.logging[0m:[36m15[0m - [1m[d23a7a3d] GET /api/v1/companies/stats → 200 (5.59ms)[0m
INFO:     127.0.0.1:57982 - "GET /api/v1/companies/stats HTTP/1.1" 200 OK
INFO:     ('127.0.0.1', 57998) - "WebSocket /ws/unknown?token=eyJhbGciOiJIUzI1NiIsInR5cCI6IkpXVCJ9.eyJzdWIiOiI4MGZlNjkyMy1kMGQ3LTQ3ZTQtYmVlMy0wYTZlZWEzNmZlOTgiLCJlbWFpbCI6ImRkZGRkZGRkZXNhMTIzQGdtYWlsLmNjb20iLCJ0ZW5hbnRfaWQiOiIyZWU0YTQ4Mi03ZTczLTRiNzUtODVhYy0zOGU0ODE5NmRkMTIiLCJyb2xlcyI6WyJhZG1pbiJdLCJleHAiOjE3ODE3MDk4MjAsImlhdCI6MTc4MTYyMzQyMCwidHlwZSI6ImFjY2VzcyJ9.VAtkN126YiygMRGkEXEBVsjow55W3RzXOosnNSNdjrU" [accepted]
[32m2026-06-16 18:24:58[0m | [1mINFO    [0m | [36mapp.api.v1.websocket.manager[0m:[36m19[0m - [1mWS connected: tenant=unknown, connections=2[0m
INFO:     connection open
[32m2026-06-16 18:24:58[0m | [1mINFO    [0m | [36mapp.api.v1.websocket.manager[0m:[36m30[0m - [1mWS disconnected: tenant=unknown[0m
INFO:     connection closed
2026-06-16 18:24:59,416 INFO sqlalchemy.engine.Engine BEGIN (implicit)
2026-06-16 18:24:59,417 INFO sqlalchemy.engine.Engine SELECT count(*) AS count_1 
FROM (SELECT alerts.tenant_id AS tenant_id, alerts.title AS title, alerts.message AS message, alerts.severity AS severity, alerts.category AS category, alerts.source AS source, alerts.status AS status, alerts.is_read AS is_read, alerts.resource AS resource, alerts.metadata AS metadata, alerts.fired_at AS fired_at, alerts.resolved_at AS resolved_at, alerts.id AS id, alerts.created_at AS created_at, alerts.updated_at AS updated_at 
FROM alerts 
WHERE alerts.tenant_id = ?) AS anon_1
2026-06-16 18:24:59,417 INFO sqlalchemy.engine.Engine [cached since 8.063s ago] ('2ee4a482-7e73-4b75-85ac-38e48196dd12',)
2026-06-16 18:24:59,418 INFO sqlalchemy.engine.Engine SELECT alerts.tenant_id, alerts.title, alerts.message, alerts.severity, alerts.category, alerts.source, alerts.status, alerts.is_read, alerts.resource, alerts.metadata, alerts.fired_at, alerts.resolved_at, alerts.id, alerts.created_at, alerts.updated_at 
FROM alerts 
WHERE alerts.tenant_id = ? ORDER BY alerts.created_at DESC
 LIMIT ? OFFSET ?
2026-06-16 18:24:59,418 INFO sqlalchemy.engine.Engine [cached since 8.005s ago] ('2ee4a482-7e73-4b75-85ac-38e48196dd12', 10, 0)
2026-06-16 18:24:59,418 INFO sqlalchemy.engine.Engine COMMIT
[32m2026-06-16 18:24:59[0m | [1mINFO    [0m | [36mapp.middleware.logging[0m:[36m15[0m - [1m[63c492ca] GET /api/v1/alerts → 200 (3.96ms)[0m
INFO:     127.0.0.1:58004 - "GET /api/v1/alerts?page_size=10 HTTP/1.1" 200 OK
2026-06-16 18:24:59,425 INFO sqlalchemy.engine.Engine BEGIN (implicit)
2026-06-16 18:24:59,425 INFO sqlalchemy.engine.Engine SELECT count(*) AS count_1 
FROM (SELECT alerts.tenant_id AS tenant_id, alerts.title AS title, alerts.message AS message, alerts.severity AS severity, alerts.category AS category, alerts.source AS source, alerts.status AS status, alerts.is_read AS is_read, alerts.resource AS resource, alerts.metadata AS metadata, alerts.fired_at AS fired_at, alerts.resolved_at AS resolved_at, alerts.id AS id, alerts.created_at AS created_at, alerts.updated_at AS updated_at 
FROM alerts 
WHERE alerts.tenant_id = ?) AS anon_1
2026-06-16 18:24:59,425 INFO sqlalchemy.engine.Engine [cached since 8.071s ago] ('2ee4a482-7e73-4b75-85ac-38e48196dd12',)
2026-06-16 18:24:59,426 INFO sqlalchemy.engine.Engine SELECT alerts.tenant_id, alerts.title, alerts.message, alerts.severity, alerts.category, alerts.source, alerts.status, alerts.is_read, alerts.resource, alerts.metadata, alerts.fired_at, alerts.resolved_at, alerts.id, alerts.created_at, alerts.updated_at 
FROM alerts 
WHERE alerts.tenant_id = ? ORDER BY alerts.created_at DESC
 LIMIT ? OFFSET ?
2026-06-16 18:24:59,426 INFO sqlalchemy.engine.Engine [cached since 8.013s ago] ('2ee4a482-7e73-4b75-85ac-38e48196dd12', 10, 0)
2026-06-16 18:24:59,426 INFO sqlalchemy.engine.Engine COMMIT
[32m2026-06-16 18:24:59[0m | [1mINFO    [0m | [36mapp.middleware.logging[0m:[36m15[0m - [1m[735dd231] GET /api/v1/alerts → 200 (3.89ms)[0m
INFO:     127.0.0.1:58012 - "GET /api/v1/alerts?page_size=10 HTTP/1.1" 200 OK
2026-06-16 18:24:59,475 INFO sqlalchemy.engine.Engine BEGIN (implicit)
2026-06-16 18:24:59,475 INFO sqlalchemy.engine.Engine SELECT count(*) AS count_1 
FROM (SELECT integrations.tenant_id AS tenant_id, integrations.name AS name, integrations.type AS type, integrations.status AS status, integrations.credentials AS credentials, integrations.config AS config, integrations.last_sync AS last_sync, integrations.is_active AS is_active, integrations.error_message AS error_message, integrations.id AS id, integrations.created_at AS created_at, integrations.updated_at AS updated_at 
FROM integrations 
WHERE integrations.tenant_id = ?) AS anon_1
2026-06-16 18:24:59,475 INFO sqlalchemy.engine.Engine [cached since 79.35s ago] ('2ee4a482-7e73-4b75-85ac-38e48196dd12',)
2026-06-16 18:24:59,476 INFO sqlalchemy.engine.Engine SELECT integrations.tenant_id, integrations.name, integrations.type, integrations.status, integrations.credentials, integrations.config, integrations.last_sync, integrations.is_active, integrations.error_message, integrations.id, integrations.created_at, integrations.updated_at 
FROM integrations 
WHERE integrations.tenant_id = ? ORDER BY integrations.created_at DESC
 LIMIT ? OFFSET ?
2026-06-16 18:24:59,476 INFO sqlalchemy.engine.Engine [cached since 31.56s ago] ('2ee4a482-7e73-4b75-85ac-38e48196dd12', 20, 0)
2026-06-16 18:24:59,477 INFO sqlalchemy.engine.Engine COMMIT
[32m2026-06-16 18:24:59[0m | [1mINFO    [0m | [36mapp.middleware.logging[0m:[36m15[0m - [1m[3a97fd56] GET /api/v1/integrations → 200 (3.85ms)[0m
INFO:     127.0.0.1:58026 - "GET /api/v1/integrations HTTP/1.1" 200 OK
2026-06-16 18:24:59,686 INFO sqlalchemy.engine.Engine BEGIN (implicit)
2026-06-16 18:24:59,686 INFO sqlalchemy.engine.Engine SELECT tenants.name, tenants.slug, tenants.domain, tenants.logo_url, tenants."plan", tenants.is_active, tenants.settings, tenants.metadata, tenants.id, tenants.created_at, tenants.updated_at 
FROM tenants 
WHERE tenants.id = ?
2026-06-16 18:24:59,686 INFO sqlalchemy.engine.Engine [cached since 79.56s ago] ('2ee4a482-7e73-4b75-85ac-38e48196dd12',)
2026-06-16 18:24:59,686 INFO sqlalchemy.engine.Engine BEGIN (implicit)
2026-06-16 18:24:59,687 INFO sqlalchemy.engine.Engine SELECT count(users.id) AS count_1 
FROM users 
WHERE users.tenant_id = ? AND users.is_active = 1
2026-06-16 18:24:59,687 INFO sqlalchemy.engine.Engine [cached since 79.56s ago] ('2ee4a482-7e73-4b75-85ac-38e48196dd12',)
2026-06-16 18:24:59,687 INFO sqlalchemy.engine.Engine COMMIT
2026-06-16 18:24:59,688 INFO sqlalchemy.engine.Engine SELECT count(integrations.id) AS count_1 
FROM integrations 
WHERE integrations.tenant_id = ? AND integrations.is_active = 1
2026-06-16 18:24:59,688 INFO sqlalchemy.engine.Engine [cached since 79.56s ago] ('2ee4a482-7e73-4b75-85ac-38e48196dd12',)
[32m2026-06-16 18:24:59[0m | [1mINFO    [0m | [36mapp.middleware.logging[0m:[36m15[0m - [1m[bf6b7aae] GET /api/v1/companies → 200 (4.92ms)[0m
INFO:     127.0.0.1:58042 - "GET /api/v1/companies HTTP/1.1" 200 OK
2026-06-16 18:24:59,689 INFO sqlalchemy.engine.Engine SELECT count(pipelines.id) AS count_1 
FROM pipelines 
WHERE pipelines.tenant_id = ? AND pipelines.status = ?
2026-06-16 18:24:59,689 INFO sqlalchemy.engine.Engine [cached since 79.56s ago] ('2ee4a482-7e73-4b75-85ac-38e48196dd12', 'running')
2026-06-16 18:24:59,690 INFO sqlalchemy.engine.Engine SELECT count(threats.id) AS count_1 
FROM threats 
WHERE threats.tenant_id = ? AND threats.status = ?
2026-06-16 18:24:59,690 INFO sqlalchemy.engine.Engine [cached since 79.56s ago] ('2ee4a482-7e73-4b75-85ac-38e48196dd12', 'open')
2026-06-16 18:24:59,690 INFO sqlalchemy.engine.Engine SELECT sum(cost_metrics.amount) AS sum_1 
FROM cost_metrics 
WHERE cost_metrics.tenant_id = ?
2026-06-16 18:24:59,690 INFO sqlalchemy.engine.Engine [cached since 79.55s ago] ('2ee4a482-7e73-4b75-85ac-38e48196dd12',)
2026-06-16 18:24:59,691 INFO sqlalchemy.engine.Engine COMMIT
[32m2026-06-16 18:24:59[0m | [1mINFO    [0m | [36mapp.middleware.logging[0m:[36m15[0m - [1m[25752568] GET /api/v1/companies/stats → 200 (6.33ms)[0m
INFO:     127.0.0.1:58052 - "GET /api/v1/companies/stats HTTP/1.1" 200 OK
2026-06-16 18:25:00,533 INFO sqlalchemy.engine.Engine BEGIN (implicit)
2026-06-16 18:25:00,533 INFO sqlalchemy.engine.Engine SELECT count(*) AS count_1 
FROM (SELECT alerts.tenant_id AS tenant_id, alerts.title AS title, alerts.message AS message, alerts.severity AS severity, alerts.category AS category, alerts.source AS source, alerts.status AS status, alerts.is_read AS is_read, alerts.resource AS resource, alerts.metadata AS metadata, alerts.fired_at AS fired_at, alerts.resolved_at AS resolved_at, alerts.id AS id, alerts.created_at AS created_at, alerts.updated_at AS updated_at 
FROM alerts 
WHERE alerts.tenant_id = ?) AS anon_1
2026-06-16 18:25:00,533 INFO sqlalchemy.engine.Engine [cached since 9.179s ago] ('2ee4a482-7e73-4b75-85ac-38e48196dd12',)
2026-06-16 18:25:00,534 INFO sqlalchemy.engine.Engine SELECT alerts.tenant_id, alerts.title, alerts.message, alerts.severity, alerts.category, alerts.source, alerts.status, alerts.is_read, alerts.resource, alerts.metadata, alerts.fired_at, alerts.resolved_at, alerts.id, alerts.created_at, alerts.updated_at 
FROM alerts 
WHERE alerts.tenant_id = ? ORDER BY alerts.created_at DESC
 LIMIT ? OFFSET ?
2026-06-16 18:25:00,534 INFO sqlalchemy.engine.Engine [cached since 9.121s ago] ('2ee4a482-7e73-4b75-85ac-38e48196dd12', 10, 0)
2026-06-16 18:25:00,534 INFO sqlalchemy.engine.Engine COMMIT
[32m2026-06-16 18:25:00[0m | [1mINFO    [0m | [36mapp.middleware.logging[0m:[36m15[0m - [1m[5c1c7936] GET /api/v1/alerts → 200 (4.55ms)[0m
INFO:     127.0.0.1:58056 - "GET /api/v1/alerts?page_size=10 HTTP/1.1" 200 OK
2026-06-16 18:25:00,541 INFO sqlalchemy.engine.Engine BEGIN (implicit)
2026-06-16 18:25:00,542 INFO sqlalchemy.engine.Engine SELECT count(*) AS count_1 
FROM (SELECT alerts.tenant_id AS tenant_id, alerts.title AS title, alerts.message AS message, alerts.severity AS severity, alerts.category AS category, alerts.source AS source, alerts.status AS status, alerts.is_read AS is_read, alerts.resource AS resource, alerts.metadata AS metadata, alerts.fired_at AS fired_at, alerts.resolved_at AS resolved_at, alerts.id AS id, alerts.created_at AS created_at, alerts.updated_at AS updated_at 
FROM alerts 
WHERE alerts.tenant_id = ?) AS anon_1
2026-06-16 18:25:00,542 INFO sqlalchemy.engine.Engine [cached since 9.188s ago] ('2ee4a482-7e73-4b75-85ac-38e48196dd12',)
2026-06-16 18:25:00,543 INFO sqlalchemy.engine.Engine SELECT alerts.tenant_id, alerts.title, alerts.message, alerts.severity, alerts.category, alerts.source, alerts.status, alerts.is_read, alerts.resource, alerts.metadata, alerts.fired_at, alerts.resolved_at, alerts.id, alerts.created_at, alerts.updated_at 
FROM alerts 
WHERE alerts.tenant_id = ? ORDER BY alerts.created_at DESC
 LIMIT ? OFFSET ?
2026-06-16 18:25:00,543 INFO sqlalchemy.engine.Engine [cached since 9.13s ago] ('2ee4a482-7e73-4b75-85ac-38e48196dd12', 10, 0)
2026-06-16 18:25:00,543 INFO sqlalchemy.engine.Engine COMMIT
[32m2026-06-16 18:25:00[0m | [1mINFO    [0m | [36mapp.middleware.logging[0m:[36m15[0m - [1m[fcf38b7c] GET /api/v1/alerts → 200 (3.81ms)[0m
INFO:     127.0.0.1:58060 - "GET /api/v1/alerts?page_size=10 HTTP/1.1" 200 OK
2026-06-16 18:25:00,590 INFO sqlalchemy.engine.Engine BEGIN (implicit)
2026-06-16 18:25:00,590 INFO sqlalchemy.engine.Engine SELECT count(*) AS count_1 
FROM (SELECT integrations.tenant_id AS tenant_id, integrations.name AS name, integrations.type AS type, integrations.status AS status, integrations.credentials AS credentials, integrations.config AS config, integrations.last_sync AS last_sync, integrations.is_active AS is_active, integrations.error_message AS error_message, integrations.id AS id, integrations.created_at AS created_at, integrations.updated_at AS updated_at 
FROM integrations 
WHERE integrations.tenant_id = ?) AS anon_1
2026-06-16 18:25:00,590 INFO sqlalchemy.engine.Engine [cached since 80.46s ago] ('2ee4a482-7e73-4b75-85ac-38e48196dd12',)
2026-06-16 18:25:00,591 INFO sqlalchemy.engine.Engine SELECT integrations.tenant_id, integrations.name, integrations.type, integrations.status, integrations.credentials, integrations.config, integrations.last_sync, integrations.is_active, integrations.error_message, integrations.id, integrations.created_at, integrations.updated_at 
FROM integrations 
WHERE integrations.tenant_id = ? ORDER BY integrations.created_at DESC
 LIMIT ? OFFSET ?
2026-06-16 18:25:00,591 INFO sqlalchemy.engine.Engine [cached since 32.68s ago] ('2ee4a482-7e73-4b75-85ac-38e48196dd12', 20, 0)
2026-06-16 18:25:00,591 INFO sqlalchemy.engine.Engine COMMIT
[32m2026-06-16 18:25:00[0m | [1mINFO    [0m | [36mapp.middleware.logging[0m:[36m15[0m - [1m[0371e4a5] GET /api/v1/integrations → 200 (3.66ms)[0m
INFO:     127.0.0.1:58074 - "GET /api/v1/integrations HTTP/1.1" 200 OK
2026-06-16 18:25:00,761 INFO sqlalchemy.engine.Engine BEGIN (implicit)
2026-06-16 18:25:00,761 INFO sqlalchemy.engine.Engine SELECT tenants.name, tenants.slug, tenants.domain, tenants.logo_url, tenants."plan", tenants.is_active, tenants.settings, tenants.metadata, tenants.id, tenants.created_at, tenants.updated_at 
FROM tenants 
WHERE tenants.id = ?
2026-06-16 18:25:00,761 INFO sqlalchemy.engine.Engine [cached since 80.64s ago] ('2ee4a482-7e73-4b75-85ac-38e48196dd12',)
2026-06-16 18:25:00,762 INFO sqlalchemy.engine.Engine BEGIN (implicit)
2026-06-16 18:25:00,762 INFO sqlalchemy.engine.Engine SELECT count(users.id) AS count_1 
FROM users 
WHERE users.tenant_id = ? AND users.is_active = 1
2026-06-16 18:25:00,762 INFO sqlalchemy.engine.Engine [cached since 80.64s ago] ('2ee4a482-7e73-4b75-85ac-38e48196dd12',)
2026-06-16 18:25:00,763 INFO sqlalchemy.engine.Engine COMMIT
2026-06-16 18:25:00,764 INFO sqlalchemy.engine.Engine SELECT count(integrations.id) AS count_1 
FROM integrations 
WHERE integrations.tenant_id = ? AND integrations.is_active = 1
2026-06-16 18:25:00,764 INFO sqlalchemy.engine.Engine [cached since 80.63s ago] ('2ee4a482-7e73-4b75-85ac-38e48196dd12',)
[32m2026-06-16 18:25:00[0m | [1mINFO    [0m | [36mapp.middleware.logging[0m:[36m15[0m - [1m[0b423214] GET /api/v1/companies → 200 (5.54ms)[0m
INFO:     127.0.0.1:58082 - "GET /api/v1/companies HTTP/1.1" 200 OK
2026-06-16 18:25:00,766 INFO sqlalchemy.engine.Engine SELECT count(pipelines.id) AS count_1 
FROM pipelines 
WHERE pipelines.tenant_id = ? AND pipelines.status = ?
2026-06-16 18:25:00,766 INFO sqlalchemy.engine.Engine [cached since 80.63s ago] ('2ee4a482-7e73-4b75-85ac-38e48196dd12', 'running')
2026-06-16 18:25:00,767 INFO sqlalchemy.engine.Engine SELECT count(threats.id) AS count_1 
FROM threats 
WHERE threats.tenant_id = ? AND threats.status = ?
2026-06-16 18:25:00,767 INFO sqlalchemy.engine.Engine [cached since 80.63s ago] ('2ee4a482-7e73-4b75-85ac-38e48196dd12', 'open')
2026-06-16 18:25:00,767 INFO sqlalchemy.engine.Engine SELECT sum(cost_metrics.amount) AS sum_1 
FROM cost_metrics 
WHERE cost_metrics.tenant_id = ?
2026-06-16 18:25:00,767 INFO sqlalchemy.engine.Engine [cached since 80.63s ago] ('2ee4a482-7e73-4b75-85ac-38e48196dd12',)
2026-06-16 18:25:00,768 INFO sqlalchemy.engine.Engine COMMIT
[32m2026-06-16 18:25:00[0m | [1mINFO    [0m | [36mapp.middleware.logging[0m:[36m15[0m - [1m[a7655311] GET /api/v1/companies/stats → 200 (7.85ms)[0m
INFO:     127.0.0.1:58086 - "GET /api/v1/companies/stats HTTP/1.1" 200 OK
2026-06-16 18:25:01,636 INFO sqlalchemy.engine.Engine BEGIN (implicit)
2026-06-16 18:25:01,636 INFO sqlalchemy.engine.Engine SELECT count(*) AS count_1 
FROM (SELECT alerts.tenant_id AS tenant_id, alerts.title AS title, alerts.message AS message, alerts.severity AS severity, alerts.category AS category, alerts.source AS source, alerts.status AS status, alerts.is_read AS is_read, alerts.resource AS resource, alerts.metadata AS metadata, alerts.fired_at AS fired_at, alerts.resolved_at AS resolved_at, alerts.id AS id, alerts.created_at AS created_at, alerts.updated_at AS updated_at 
FROM alerts 
WHERE alerts.tenant_id = ?) AS anon_1
2026-06-16 18:25:01,636 INFO sqlalchemy.engine.Engine [cached since 10.28s ago] ('2ee4a482-7e73-4b75-85ac-38e48196dd12',)
2026-06-16 18:25:01,637 INFO sqlalchemy.engine.Engine SELECT alerts.tenant_id, alerts.title, alerts.message, alerts.severity, alerts.category, alerts.source, alerts.status, alerts.is_read, alerts.resource, alerts.metadata, alerts.fired_at, alerts.resolved_at, alerts.id, alerts.created_at, alerts.updated_at 
FROM alerts 
WHERE alerts.tenant_id = ? ORDER BY alerts.created_at DESC
 LIMIT ? OFFSET ?
2026-06-16 18:25:01,637 INFO sqlalchemy.engine.Engine [cached since 10.22s ago] ('2ee4a482-7e73-4b75-85ac-38e48196dd12', 10, 0)
2026-06-16 18:25:01,637 INFO sqlalchemy.engine.Engine COMMIT
[32m2026-06-16 18:25:01[0m | [1mINFO    [0m | [36mapp.middleware.logging[0m:[36m15[0m - [1m[946e86d6] GET /api/v1/alerts → 200 (4.11ms)[0m
INFO:     127.0.0.1:58102 - "GET /api/v1/alerts?page_size=10 HTTP/1.1" 200 OK
2026-06-16 18:25:01,644 INFO sqlalchemy.engine.Engine BEGIN (implicit)
2026-06-16 18:25:01,644 INFO sqlalchemy.engine.Engine SELECT count(*) AS count_1 
FROM (SELECT alerts.tenant_id AS tenant_id, alerts.title AS title, alerts.message AS message, alerts.severity AS severity, alerts.category AS category, alerts.source AS source, alerts.status AS status, alerts.is_read AS is_read, alerts.resource AS resource, alerts.metadata AS metadata, alerts.fired_at AS fired_at, alerts.resolved_at AS resolved_at, alerts.id AS id, alerts.created_at AS created_at, alerts.updated_at AS updated_at 
FROM alerts 
WHERE alerts.tenant_id = ?) AS anon_1
2026-06-16 18:25:01,644 INFO sqlalchemy.engine.Engine [cached since 10.29s ago] ('2ee4a482-7e73-4b75-85ac-38e48196dd12',)
2026-06-16 18:25:01,645 INFO sqlalchemy.engine.Engine SELECT alerts.tenant_id, alerts.title, alerts.message, alerts.severity, alerts.category, alerts.source, alerts.status, alerts.is_read, alerts.resource, alerts.metadata, alerts.fired_at, alerts.resolved_at, alerts.id, alerts.created_at, alerts.updated_at 
FROM alerts 
WHERE alerts.tenant_id = ? ORDER BY alerts.created_at DESC
 LIMIT ? OFFSET ?
2026-06-16 18:25:01,645 INFO sqlalchemy.engine.Engine [cached since 10.23s ago] ('2ee4a482-7e73-4b75-85ac-38e48196dd12', 10, 0)
2026-06-16 18:25:01,646 INFO sqlalchemy.engine.Engine COMMIT
[32m2026-06-16 18:25:01[0m | [1mINFO    [0m | [36mapp.middleware.logging[0m:[36m15[0m - [1m[3baed1af] GET /api/v1/alerts → 200 (3.8ms)[0m
INFO:     127.0.0.1:58106 - "GET /api/v1/alerts?page_size=10 HTTP/1.1" 200 OK
2026-06-16 18:25:01,693 INFO sqlalchemy.engine.Engine BEGIN (implicit)
2026-06-16 18:25:01,693 INFO sqlalchemy.engine.Engine SELECT count(*) AS count_1 
FROM (SELECT integrations.tenant_id AS tenant_id, integrations.name AS name, integrations.type AS type, integrations.status AS status, integrations.credentials AS credentials, integrations.config AS config, integrations.last_sync AS last_sync, integrations.is_active AS is_active, integrations.error_message AS error_message, integrations.id AS id, integrations.created_at AS created_at, integrations.updated_at AS updated_at 
FROM integrations 
WHERE integrations.tenant_id = ?) AS anon_1
2026-06-16 18:25:01,693 INFO sqlalchemy.engine.Engine [cached since 81.57s ago] ('2ee4a482-7e73-4b75-85ac-38e48196dd12',)
2026-06-16 18:25:01,694 INFO sqlalchemy.engine.Engine SELECT integrations.tenant_id, integrations.name, integrations.type, integrations.status, integrations.credentials, integrations.config, integrations.last_sync, integrations.is_active, integrations.error_message, integrations.id, integrations.created_at, integrations.updated_at 
FROM integrations 
WHERE integrations.tenant_id = ? ORDER BY integrations.created_at DESC
 LIMIT ? OFFSET ?
2026-06-16 18:25:01,694 INFO sqlalchemy.engine.Engine [cached since 33.78s ago] ('2ee4a482-7e73-4b75-85ac-38e48196dd12', 20, 0)
2026-06-16 18:25:01,695 INFO sqlalchemy.engine.Engine COMMIT
[32m2026-06-16 18:25:01[0m | [1mINFO    [0m | [36mapp.middleware.logging[0m:[36m15[0m - [1m[6e50356e] GET /api/v1/integrations → 200 (3.83ms)[0m
INFO:     127.0.0.1:58116 - "GET /api/v1/integrations HTTP/1.1" 200 OK
2026-06-16 18:25:01,888 INFO sqlalchemy.engine.Engine BEGIN (implicit)
2026-06-16 18:25:01,888 INFO sqlalchemy.engine.Engine SELECT count(users.id) AS count_1 
FROM users 
WHERE users.tenant_id = ? AND users.is_active = 1
2026-06-16 18:25:01,888 INFO sqlalchemy.engine.Engine [cached since 81.76s ago] ('2ee4a482-7e73-4b75-85ac-38e48196dd12',)
2026-06-16 18:25:01,889 INFO sqlalchemy.engine.Engine BEGIN (implicit)
2026-06-16 18:25:01,889 INFO sqlalchemy.engine.Engine SELECT tenants.name, tenants.slug, tenants.domain, tenants.logo_url, tenants."plan", tenants.is_active, tenants.settings, tenants.metadata, tenants.id, tenants.created_at, tenants.updated_at 
FROM tenants 
WHERE tenants.id = ?
2026-06-16 18:25:01,890 INFO sqlalchemy.engine.Engine [cached since 81.76s ago] ('2ee4a482-7e73-4b75-85ac-38e48196dd12',)
2026-06-16 18:25:01,890 INFO sqlalchemy.engine.Engine SELECT count(integrations.id) AS count_1 
FROM integrations 
WHERE integrations.tenant_id = ? AND integrations.is_active = 1
2026-06-16 18:25:01,890 INFO sqlalchemy.engine.Engine [cached since 81.76s ago] ('2ee4a482-7e73-4b75-85ac-38e48196dd12',)
2026-06-16 18:25:01,891 INFO sqlalchemy.engine.Engine COMMIT
2026-06-16 18:25:01,891 INFO sqlalchemy.engine.Engine SELECT count(pipelines.id) AS count_1 
FROM pipelines 
WHERE pipelines.tenant_id = ? AND pipelines.status = ?
2026-06-16 18:25:01,891 INFO sqlalchemy.engine.Engine [cached since 81.76s ago] ('2ee4a482-7e73-4b75-85ac-38e48196dd12', 'running')
[32m2026-06-16 18:25:01[0m | [1mINFO    [0m | [36mapp.middleware.logging[0m:[36m15[0m - [1m[06048025] GET /api/v1/companies → 200 (3.34ms)[0m
INFO:     127.0.0.1:58124 - "GET /api/v1/companies HTTP/1.1" 200 OK
2026-06-16 18:25:01,893 INFO sqlalchemy.engine.Engine SELECT count(threats.id) AS count_1 
FROM threats 
WHERE threats.tenant_id = ? AND threats.status = ?
2026-06-16 18:25:01,893 INFO sqlalchemy.engine.Engine [cached since 81.76s ago] ('2ee4a482-7e73-4b75-85ac-38e48196dd12', 'open')
2026-06-16 18:25:01,893 INFO sqlalchemy.engine.Engine SELECT sum(cost_metrics.amount) AS sum_1 
FROM cost_metrics 
WHERE cost_metrics.tenant_id = ?
2026-06-16 18:25:01,893 INFO sqlalchemy.engine.Engine [cached since 81.76s ago] ('2ee4a482-7e73-4b75-85ac-38e48196dd12',)
2026-06-16 18:25:01,894 INFO sqlalchemy.engine.Engine COMMIT
[32m2026-06-16 18:25:01[0m | [1mINFO    [0m | [36mapp.middleware.logging[0m:[36m15[0m - [1m[f6dbc673] GET /api/v1/companies/stats → 200 (8.49ms)[0m
INFO:     127.0.0.1:58118 - "GET /api/v1/companies/stats HTTP/1.1" 200 OK
[32m2026-06-16 18:25:03[0m | [33m[1mWARNING [0m | [36mapp.integrations.aws.cost_explorer[0m:[36m326[0m - [33m[1m[aws_ce] get_ri_recommendations failed: An error occurred (AccessDeniedException) when calling the GetReservationPurchaseRecommendation operation: User not enabled for cost explorer access[0m
[32m2026-06-16 18:25:03[0m | [1mINFO    [0m | [36mapp.tasks.sync_costs[0m:[36m164[0m - [1m[sync_costs_complete] ✓ integration=AWS Production id=f2eef28c tenant=2ee4a482 cost_records=0 anomalies=0 savings_recs=0[0m
[32m2026-06-16 18:25:03[0m | [1mINFO    [0m | [36mapp.tasks.sync_costs[0m:[36m176[0m - [1m[cache_invalidated] tenant=2ee4a482[0m
[32m2026-06-16 18:25:03[0m | [1mINFO    [0m | [36mapp.tasks.sync_costs[0m:[36m183[0m - [1m[sync_costs_summary] {'integrations': 1, 'cost_records': 0, 'anomalies': 0, 'savings': 0}[0m
[32m2026-06-16 18:25:03[0m | [1mINFO    [0m | [36mapp.api.v1.endpoints.integrations[0m:[36m339[0m - [1m[bg] AWS cost sync completed for tenant 2ee4a482-7e73-4b75-85ac-38e48196dd12[0m
INFO:     ('127.0.0.1', 58130) - "WebSocket /ws/unknown?token=eyJhbGciOiJIUzI1NiIsInR5cCI6IkpXVCJ9.eyJzdWIiOiI4MGZlNjkyMy1kMGQ3LTQ3ZTQtYmVlMy0wYTZlZWEzNmZlOTgiLCJlbWFpbCI6ImRkZGRkZGRkZXNhMTIzQGdtYWlsLmNjb20iLCJ0ZW5hbnRfaWQiOiIyZWU0YTQ4Mi03ZTczLTRiNzUtODVhYy0zOGU0ODE5NmRkMTIiLCJyb2xlcyI6WyJhZG1pbiJdLCJleHAiOjE3ODE3MDk4MjAsImlhdCI6MTc4MTYyMzQyMCwidHlwZSI6ImFjY2VzcyJ9.VAtkN126YiygMRGkEXEBVsjow55W3RzXOosnNSNdjrU" [accepted]
[32m2026-06-16 18:25:05[0m | [1mINFO    [0m | [36mapp.api.v1.websocket.manager[0m:[36m19[0m - [1mWS connected: tenant=unknown, connections=2[0m
INFO:     connection open
[32m2026-06-16 18:25:16[0m | [1mINFO    [0m | [36mapp.tasks.sync_pods[0m:[36m56[0m - [1mSnapshot sync: 0 K8s integrations[0m
[32m2026-06-16 18:25:16[0m | [1mINFO    [0m | [36mapp.core.scheduler[0m:[36m76[0m - [1mScheduled pod sync: {'integrations': 0, 'pods_synced': 0, 'pods_deleted': 0}[0m
[32m2026-06-16 18:25:20[0m | [31m[1mERROR   [0m | [36mapp.services.ml_service[0m:[36m431[0m - [31m[1m[MLListener] Connection lost: ConnectionError('Error 111 connecting to localhost:6379. 111.') — reconnecting in 160s[0m
[32m2026-06-16 18:25:35[0m | [1mINFO    [0m | [36mapp.api.v1.websocket.manager[0m:[36m30[0m - [1mWS disconnected: tenant=unknown[0m
INFO:     connection closed
[32m2026-06-16 18:27:16[0m | [1mINFO    [0m | [36mapp.tasks.sync_pods[0m:[36m56[0m - [1mSnapshot sync: 0 K8s integrations[0m
[32m2026-06-16 18:27:16[0m | [1mINFO    [0m | [36mapp.core.scheduler[0m:[36m76[0m - [1mScheduled pod sync: {'integrations': 0, 'pods_synced': 0, 'pods_deleted': 0}[0m
[32m2026-06-16 18:28:00[0m | [31m[1mERROR   [0m | [36mapp.services.ml_service[0m:[36m431[0m - [31m[1m[MLListener] Connection lost: ConnectionError('Error 111 connecting to localhost:6379. 111.') — reconnecting in 300s[0m
[32m2026-06-16 18:28:16[0m | [1mINFO    [0m | [36mapp.tasks.sync_pipelines[0m:[36m44[0m - [1mSyncing pipelines for 0 integrations[0m
[32m2026-06-16 18:29:16[0m | [1mINFO    [0m | [36mapp.tasks.sync_pods[0m:[36m56[0m - [1mSnapshot sync: 0 K8s integrations[0m
[32m2026-06-16 18:29:16[0m | [1mINFO    [0m | [36mapp.core.scheduler[0m:[36m76[0m - [1mScheduled pod sync: {'integrations': 0, 'pods_synced': 0, 'pods_deleted': 0}[0m
[32m2026-06-16 18:31:16[0m | [1mINFO    [0m | [36mapp.tasks.sync_pods[0m:[36m56[0m - [1mSnapshot sync: 0 K8s integrations[0m
[32m2026-06-16 18:31:16[0m | [1mINFO    [0m | [36mapp.core.scheduler[0m:[36m76[0m - [1mScheduled pod sync: {'integrations': 0, 'pods_synced': 0, 'pods_deleted': 0}[0m
[32m2026-06-16 18:33:00[0m | [31m[1mERROR   [0m | [36mapp.services.ml_service[0m:[36m431[0m - [31m[1m[MLListener] Connection lost: ConnectionError('Error 111 connecting to localhost:6379. 111.') — reconnecting in 300s[0m
[32m2026-06-16 18:33:16[0m | [1mINFO    [0m | [36mapp.tasks.sync_pipelines[0m:[36m44[0m - [1mSyncing pipelines for 0 integrations[0m
[32m2026-06-16 18:33:16[0m | [1mINFO    [0m | [36mapp.tasks.sync_pods[0m:[36m56[0m - [1mSnapshot sync: 0 K8s integrations[0m
[32m2026-06-16 18:33:16[0m | [1mINFO    [0m | [36mapp.core.scheduler[0m:[36m76[0m - [1mScheduled pod sync: {'integrations': 0, 'pods_synced': 0, 'pods_deleted': 0}[0m
[32m2026-06-16 18:35:16[0m | [1mINFO    [0m | [36mapp.tasks.sync_pods[0m:[36m56[0m - [1mSnapshot sync: 0 K8s integrations[0m
[32m2026-06-16 18:35:16[0m | [1mINFO    [0m | [36mapp.core.scheduler[0m:[36m76[0m - [1mScheduled pod sync: {'integrations': 0, 'pods_synced': 0, 'pods_deleted': 0}[0m
[32m2026-06-16 18:37:16[0m | [1mINFO    [0m | [36mapp.tasks.sync_pods[0m:[36m56[0m - [1mSnapshot sync: 0 K8s integrations[0m
[32m2026-06-16 18:37:16[0m | [1mINFO    [0m | [36mapp.core.scheduler[0m:[36m76[0m - [1mScheduled pod sync: {'integrations': 0, 'pods_synced': 0, 'pods_deleted': 0}[0m
[32m2026-06-16 18:38:00[0m | [31m[1mERROR   [0m | [36mapp.services.ml_service[0m:[36m431[0m - [31m[1m[MLListener] Connection lost: ConnectionError('Error 111 connecting to localhost:6379. 111.') — reconnecting in 300s[0m
[32m2026-06-16 18:38:16[0m | [1mINFO    [0m | [36mapp.tasks.sync_pipelines[0m:[36m44[0m - [1mSyncing pipelines for 0 integrations[0m
[32m2026-06-16 18:39:16[0m | [1mINFO    [0m | [36mapp.tasks.sync_pods[0m:[36m56[0m - [1mSnapshot sync: 0 K8s integrations[0m
[32m2026-06-16 18:39:16[0m | [1mINFO    [0m | [36mapp.core.scheduler[0m:[36m76[0m - [1mScheduled pod sync: {'integrations': 0, 'pods_synced': 0, 'pods_deleted': 0}[0m
[32m2026-06-16 18:41:16[0m | [1mINFO    [0m | [36mapp.tasks.sync_pods[0m:[36m56[0m - [1mSnapshot sync: 0 K8s integrations[0m
[32m2026-06-16 18:41:16[0m | [1mINFO    [0m | [36mapp.core.scheduler[0m:[36m76[0m - [1mScheduled pod sync: {'integrations': 0, 'pods_synced': 0, 'pods_deleted': 0}[0m
2026-06-16 18:42:07,084 INFO sqlalchemy.engine.Engine BEGIN (implicit)
2026-06-16 18:42:07,084 INFO sqlalchemy.engine.Engine SELECT count(*) AS count_1 
FROM (SELECT alerts.tenant_id AS tenant_id, alerts.title AS title, alerts.message AS message, alerts.severity AS severity, alerts.category AS category, alerts.source AS source, alerts.status AS status, alerts.is_read AS is_read, alerts.resource AS resource, alerts.metadata AS metadata, alerts.fired_at AS fired_at, alerts.resolved_at AS resolved_at, alerts.id AS id, alerts.created_at AS created_at, alerts.updated_at AS updated_at 
FROM alerts 
WHERE alerts.tenant_id = ?) AS anon_1
2026-06-16 18:42:07,084 INFO sqlalchemy.engine.Engine [cached since 1036s ago] ('2ee4a482-7e73-4b75-85ac-38e48196dd12',)
2026-06-16 18:42:07,085 INFO sqlalchemy.engine.Engine SELECT alerts.tenant_id, alerts.title, alerts.message, alerts.severity, alerts.category, alerts.source, alerts.status, alerts.is_read, alerts.resource, alerts.metadata, alerts.fired_at, alerts.resolved_at, alerts.id, alerts.created_at, alerts.updated_at 
FROM alerts 
WHERE alerts.tenant_id = ? ORDER BY alerts.created_at DESC
 LIMIT ? OFFSET ?
2026-06-16 18:42:07,085 INFO sqlalchemy.engine.Engine [cached since 1036s ago] ('2ee4a482-7e73-4b75-85ac-38e48196dd12', 10, 0)
2026-06-16 18:42:07,086 INFO sqlalchemy.engine.Engine COMMIT
[32m2026-06-16 18:42:07[0m | [1mINFO    [0m | [36mapp.middleware.logging[0m:[36m15[0m - [1m[906ce30f] GET /api/v1/alerts → 200 (3.81ms)[0m
INFO:     127.0.0.1:46570 - "GET /api/v1/alerts?page_size=10 HTTP/1.1" 200 OK
2026-06-16 18:42:07,248 INFO sqlalchemy.engine.Engine BEGIN (implicit)
2026-06-16 18:42:07,249 INFO sqlalchemy.engine.Engine SELECT count(*) AS count_1 
FROM (SELECT alerts.tenant_id AS tenant_id, alerts.title AS title, alerts.message AS message, alerts.severity AS severity, alerts.category AS category, alerts.source AS source, alerts.status AS status, alerts.is_read AS is_read, alerts.resource AS resource, alerts.metadata AS metadata, alerts.fired_at AS fired_at, alerts.resolved_at AS resolved_at, alerts.id AS id, alerts.created_at AS created_at, alerts.updated_at AS updated_at 
FROM alerts 
WHERE alerts.tenant_id = ?) AS anon_1
2026-06-16 18:42:07,249 INFO sqlalchemy.engine.Engine [cached since 1036s ago] ('2ee4a482-7e73-4b75-85ac-38e48196dd12',)
2026-06-16 18:42:07,249 INFO sqlalchemy.engine.Engine SELECT alerts.tenant_id, alerts.title, alerts.message, alerts.severity, alerts.category, alerts.source, alerts.status, alerts.is_read, alerts.resource, alerts.metadata, alerts.fired_at, alerts.resolved_at, alerts.id, alerts.created_at, alerts.updated_at 
FROM alerts 
WHERE alerts.tenant_id = ? ORDER BY alerts.created_at DESC
 LIMIT ? OFFSET ?
2026-06-16 18:42:07,249 INFO sqlalchemy.engine.Engine [cached since 1036s ago] ('2ee4a482-7e73-4b75-85ac-38e48196dd12', 10, 0)
2026-06-16 18:42:07,250 INFO sqlalchemy.engine.Engine COMMIT
[32m2026-06-16 18:42:07[0m | [1mINFO    [0m | [36mapp.middleware.logging[0m:[36m15[0m - [1m[bddb436d] GET /api/v1/alerts → 200 (3.97ms)[0m
INFO:     127.0.0.1:46576 - "GET /api/v1/alerts?page_size=10 HTTP/1.1" 200 OK
2026-06-16 18:42:07,352 INFO sqlalchemy.engine.Engine BEGIN (implicit)
2026-06-16 18:42:07,353 INFO sqlalchemy.engine.Engine SELECT count(users.id) AS count_1 
FROM users 
WHERE users.tenant_id = ? AND users.is_active = 1
2026-06-16 18:42:07,353 INFO sqlalchemy.engine.Engine [cached since 1107s ago] ('2ee4a482-7e73-4b75-85ac-38e48196dd12',)
2026-06-16 18:42:07,354 INFO sqlalchemy.engine.Engine SELECT count(integrations.id) AS count_1 
FROM integrations 
WHERE integrations.tenant_id = ? AND integrations.is_active = 1
2026-06-16 18:42:07,354 INFO sqlalchemy.engine.Engine [cached since 1107s ago] ('2ee4a482-7e73-4b75-85ac-38e48196dd12',)
2026-06-16 18:42:07,355 INFO sqlalchemy.engine.Engine SELECT count(pipelines.id) AS count_1 
FROM pipelines 
WHERE pipelines.tenant_id = ? AND pipelines.status = ?
2026-06-16 18:42:07,355 INFO sqlalchemy.engine.Engine [cached since 1107s ago] ('2ee4a482-7e73-4b75-85ac-38e48196dd12', 'running')
2026-06-16 18:42:07,355 INFO sqlalchemy.engine.Engine SELECT count(threats.id) AS count_1 
FROM threats 
WHERE threats.tenant_id = ? AND threats.status = ?
2026-06-16 18:42:07,356 INFO sqlalchemy.engine.Engine [cached since 1107s ago] ('2ee4a482-7e73-4b75-85ac-38e48196dd12', 'open')
2026-06-16 18:42:07,359 INFO sqlalchemy.engine.Engine SELECT sum(cost_metrics.amount) AS sum_1 
FROM cost_metrics 
WHERE cost_metrics.tenant_id = ?
2026-06-16 18:42:07,359 INFO sqlalchemy.engine.Engine [cached since 1107s ago] ('2ee4a482-7e73-4b75-85ac-38e48196dd12',)
2026-06-16 18:42:07,359 INFO sqlalchemy.engine.Engine BEGIN (implicit)
2026-06-16 18:42:07,359 INFO sqlalchemy.engine.Engine SELECT count(*) AS count_1 
FROM (SELECT integrations.tenant_id AS tenant_id, integrations.name AS name, integrations.type AS type, integrations.status AS status, integrations.credentials AS credentials, integrations.config AS config, integrations.last_sync AS last_sync, integrations.is_active AS is_active, integrations.error_message AS error_message, integrations.id AS id, integrations.created_at AS created_at, integrations.updated_at AS updated_at 
FROM integrations 
WHERE integrations.tenant_id = ?) AS anon_1
2026-06-16 18:42:07,359 INFO sqlalchemy.engine.Engine [cached since 1107s ago] ('2ee4a482-7e73-4b75-85ac-38e48196dd12',)
2026-06-16 18:42:07,359 INFO sqlalchemy.engine.Engine BEGIN (implicit)
2026-06-16 18:42:07,360 INFO sqlalchemy.engine.Engine SELECT tenants.name, tenants.slug, tenants.domain, tenants.logo_url, tenants."plan", tenants.is_active, tenants.settings, tenants.metadata, tenants.id, tenants.created_at, tenants.updated_at 
FROM tenants 
WHERE tenants.id = ?
2026-06-16 18:42:07,360 INFO sqlalchemy.engine.Engine [cached since 1107s ago] ('2ee4a482-7e73-4b75-85ac-38e48196dd12',)
2026-06-16 18:42:07,360 INFO sqlalchemy.engine.Engine COMMIT
2026-06-16 18:42:07,361 INFO sqlalchemy.engine.Engine SELECT integrations.tenant_id, integrations.name, integrations.type, integrations.status, integrations.credentials, integrations.config, integrations.last_sync, integrations.is_active, integrations.error_message, integrations.id, integrations.created_at, integrations.updated_at 
FROM integrations 
WHERE integrations.tenant_id = ? ORDER BY integrations.created_at DESC
 LIMIT ? OFFSET ?
2026-06-16 18:42:07,361 INFO sqlalchemy.engine.Engine [cached since 1059s ago] ('2ee4a482-7e73-4b75-85ac-38e48196dd12', 20, 0)
2026-06-16 18:42:07,362 INFO sqlalchemy.engine.Engine COMMIT
[32m2026-06-16 18:42:07[0m | [1mINFO    [0m | [36mapp.middleware.logging[0m:[36m15[0m - [1m[d0d2c0a4] GET /api/v1/companies/stats → 200 (11.14ms)[0m
INFO:     127.0.0.1:46582 - "GET /api/v1/companies/stats HTTP/1.1" 200 OK
2026-06-16 18:42:07,364 INFO sqlalchemy.engine.Engine COMMIT
[32m2026-06-16 18:42:07[0m | [1mINFO    [0m | [36mapp.middleware.logging[0m:[36m15[0m - [1m[be98b79b] GET /api/v1/companies → 200 (7.98ms)[0m
INFO:     127.0.0.1:46598 - "GET /api/v1/companies HTTP/1.1" 200 OK
[32m2026-06-16 18:42:07[0m | [1mINFO    [0m | [36mapp.middleware.logging[0m:[36m15[0m - [1m[342edb5e] GET /api/v1/integrations → 200 (8.17ms)[0m
INFO:     127.0.0.1:46610 - "GET /api/v1/integrations HTTP/1.1" 200 OK
2026-06-16 18:42:09,428 INFO sqlalchemy.engine.Engine BEGIN (implicit)
2026-06-16 18:42:09,429 INFO sqlalchemy.engine.Engine SELECT count(*) AS count_1 
FROM (SELECT alerts.tenant_id AS tenant_id, alerts.title AS title, alerts.message AS message, alerts.severity AS severity, alerts.category AS category, alerts.source AS source, alerts.status AS status, alerts.is_read AS is_read, alerts.resource AS resource, alerts.metadata AS metadata, alerts.fired_at AS fired_at, alerts.resolved_at AS resolved_at, alerts.id AS id, alerts.created_at AS created_at, alerts.updated_at AS updated_at 
FROM alerts 
WHERE alerts.tenant_id = ?) AS anon_1
2026-06-16 18:42:09,429 INFO sqlalchemy.engine.Engine [cached since 1038s ago] ('2ee4a482-7e73-4b75-85ac-38e48196dd12',)
2026-06-16 18:42:09,430 INFO sqlalchemy.engine.Engine SELECT alerts.tenant_id, alerts.title, alerts.message, alerts.severity, alerts.category, alerts.source, alerts.status, alerts.is_read, alerts.resource, alerts.metadata, alerts.fired_at, alerts.resolved_at, alerts.id, alerts.created_at, alerts.updated_at 
FROM alerts 
WHERE alerts.tenant_id = ? ORDER BY alerts.created_at DESC
 LIMIT ? OFFSET ?
2026-06-16 18:42:09,430 INFO sqlalchemy.engine.Engine [cached since 1038s ago] ('2ee4a482-7e73-4b75-85ac-38e48196dd12', 10, 0)
2026-06-16 18:42:09,430 INFO sqlalchemy.engine.Engine COMMIT
[32m2026-06-16 18:42:09[0m | [1mINFO    [0m | [36mapp.middleware.logging[0m:[36m15[0m - [1m[d5b1856d] GET /api/v1/alerts → 200 (4.15ms)[0m
INFO:     127.0.0.1:56114 - "GET /api/v1/alerts?page_size=10 HTTP/1.1" 200 OK
2026-06-16 18:42:09,437 INFO sqlalchemy.engine.Engine BEGIN (implicit)
2026-06-16 18:42:09,437 INFO sqlalchemy.engine.Engine SELECT count(*) AS count_1 
FROM (SELECT alerts.tenant_id AS tenant_id, alerts.title AS title, alerts.message AS message, alerts.severity AS severity, alerts.category AS category, alerts.source AS source, alerts.status AS status, alerts.is_read AS is_read, alerts.resource AS resource, alerts.metadata AS metadata, alerts.fired_at AS fired_at, alerts.resolved_at AS resolved_at, alerts.id AS id, alerts.created_at AS created_at, alerts.updated_at AS updated_at 
FROM alerts 
WHERE alerts.tenant_id = ?) AS anon_1
2026-06-16 18:42:09,437 INFO sqlalchemy.engine.Engine [cached since 1038s ago] ('2ee4a482-7e73-4b75-85ac-38e48196dd12',)
2026-06-16 18:42:09,438 INFO sqlalchemy.engine.Engine SELECT alerts.tenant_id, alerts.title, alerts.message, alerts.severity, alerts.category, alerts.source, alerts.status, alerts.is_read, alerts.resource, alerts.metadata, alerts.fired_at, alerts.resolved_at, alerts.id, alerts.created_at, alerts.updated_at 
FROM alerts 
WHERE alerts.tenant_id = ? ORDER BY alerts.created_at DESC
 LIMIT ? OFFSET ?
2026-06-16 18:42:09,438 INFO sqlalchemy.engine.Engine [cached since 1038s ago] ('2ee4a482-7e73-4b75-85ac-38e48196dd12', 10, 0)
2026-06-16 18:42:09,438 INFO sqlalchemy.engine.Engine COMMIT
[32m2026-06-16 18:42:09[0m | [1mINFO    [0m | [36mapp.middleware.logging[0m:[36m15[0m - [1m[57765789] GET /api/v1/alerts → 200 (3.42ms)[0m
INFO:     127.0.0.1:56126 - "GET /api/v1/alerts?page_size=10 HTTP/1.1" 200 OK
2026-06-16 18:42:09,655 INFO sqlalchemy.engine.Engine BEGIN (implicit)
2026-06-16 18:42:09,655 INFO sqlalchemy.engine.Engine SELECT count(users.id) AS count_1 
FROM users 
WHERE users.tenant_id = ? AND users.is_active = 1
2026-06-16 18:42:09,655 INFO sqlalchemy.engine.Engine [cached since 1110s ago] ('2ee4a482-7e73-4b75-85ac-38e48196dd12',)
2026-06-16 18:42:09,657 INFO sqlalchemy.engine.Engine BEGIN (implicit)
2026-06-16 18:42:09,657 INFO sqlalchemy.engine.Engine SELECT tenants.name, tenants.slug, tenants.domain, tenants.logo_url, tenants."plan", tenants.is_active, tenants.settings, tenants.metadata, tenants.id, tenants.created_at, tenants.updated_at 
FROM tenants 
WHERE tenants.id = ?
2026-06-16 18:42:09,657 INFO sqlalchemy.engine.Engine [cached since 1110s ago] ('2ee4a482-7e73-4b75-85ac-38e48196dd12',)
2026-06-16 18:42:09,657 INFO sqlalchemy.engine.Engine SELECT count(integrations.id) AS count_1 
FROM integrations 
WHERE integrations.tenant_id = ? AND integrations.is_active = 1
2026-06-16 18:42:09,658 INFO sqlalchemy.engine.Engine [cached since 1110s ago] ('2ee4a482-7e73-4b75-85ac-38e48196dd12',)
2026-06-16 18:42:09,658 INFO sqlalchemy.engine.Engine BEGIN (implicit)
2026-06-16 18:42:09,658 INFO sqlalchemy.engine.Engine SELECT count(*) AS count_1 
FROM (SELECT integrations.tenant_id AS tenant_id, integrations.name AS name, integrations.type AS type, integrations.status AS status, integrations.credentials AS credentials, integrations.config AS config, integrations.last_sync AS last_sync, integrations.is_active AS is_active, integrations.error_message AS error_message, integrations.id AS id, integrations.created_at AS created_at, integrations.updated_at AS updated_at 
FROM integrations 
WHERE integrations.tenant_id = ?) AS anon_1
2026-06-16 18:42:09,658 INFO sqlalchemy.engine.Engine [cached since 1110s ago] ('2ee4a482-7e73-4b75-85ac-38e48196dd12',)
2026-06-16 18:42:09,659 INFO sqlalchemy.engine.Engine COMMIT
2026-06-16 18:42:09,659 INFO sqlalchemy.engine.Engine SELECT count(pipelines.id) AS count_1 
FROM pipelines 
WHERE pipelines.tenant_id = ? AND pipelines.status = ?
2026-06-16 18:42:09,659 INFO sqlalchemy.engine.Engine [cached since 1110s ago] ('2ee4a482-7e73-4b75-85ac-38e48196dd12', 'running')
2026-06-16 18:42:09,660 INFO sqlalchemy.engine.Engine SELECT integrations.tenant_id, integrations.name, integrations.type, integrations.status, integrations.credentials, integrations.config, integrations.last_sync, integrations.is_active, integrations.error_message, integrations.id, integrations.created_at, integrations.updated_at 
FROM integrations 
WHERE integrations.tenant_id = ? ORDER BY integrations.created_at DESC
 LIMIT ? OFFSET ?
2026-06-16 18:42:09,660 INFO sqlalchemy.engine.Engine [cached since 1062s ago] ('2ee4a482-7e73-4b75-85ac-38e48196dd12', 20, 0)
2026-06-16 18:42:09,661 INFO sqlalchemy.engine.Engine SELECT count(threats.id) AS count_1 
FROM threats 
WHERE threats.tenant_id = ? AND threats.status = ?
2026-06-16 18:42:09,661 INFO sqlalchemy.engine.Engine [cached since 1110s ago] ('2ee4a482-7e73-4b75-85ac-38e48196dd12', 'open')
2026-06-16 18:42:09,662 INFO sqlalchemy.engine.Engine COMMIT
[32m2026-06-16 18:42:09[0m | [1mINFO    [0m | [36mapp.middleware.logging[0m:[36m15[0m - [1m[322ba9fa] GET /api/v1/companies → 200 (8.32ms)[0m
INFO:     127.0.0.1:56136 - "GET /api/v1/companies HTTP/1.1" 200 OK
2026-06-16 18:42:09,664 INFO sqlalchemy.engine.Engine SELECT sum(cost_metrics.amount) AS sum_1 
FROM cost_metrics 
WHERE cost_metrics.tenant_id = ?
2026-06-16 18:42:09,664 INFO sqlalchemy.engine.Engine [cached since 1110s ago] ('2ee4a482-7e73-4b75-85ac-38e48196dd12',)
[32m2026-06-16 18:42:09[0m | [1mINFO    [0m | [36mapp.middleware.logging[0m:[36m15[0m - [1m[db9b35d6] GET /api/v1/integrations → 200 (8.77ms)[0m
INFO:     127.0.0.1:56142 - "GET /api/v1/integrations HTTP/1.1" 200 OK
2026-06-16 18:42:09,665 INFO sqlalchemy.engine.Engine COMMIT
[32m2026-06-16 18:42:09[0m | [1mINFO    [0m | [36mapp.middleware.logging[0m:[36m15[0m - [1m[4065d780] GET /api/v1/companies/stats → 200 (13.92ms)[0m
INFO:     127.0.0.1:56128 - "GET /api/v1/companies/stats HTTP/1.1" 200 OK
INFO:     ('127.0.0.1', 56152) - "WebSocket /ws/unknown?token=eyJhbGciOiJIUzI1NiIsInR5cCI6IkpXVCJ9.eyJzdWIiOiI4MGZlNjkyMy1kMGQ3LTQ3ZTQtYmVlMy0wYTZlZWEzNmZlOTgiLCJlbWFpbCI6ImRkZGRkZGRkZXNhMTIzQGdtYWlsLmNjb20iLCJ0ZW5hbnRfaWQiOiIyZWU0YTQ4Mi03ZTczLTRiNzUtODVhYy0zOGU0ODE5NmRkMTIiLCJyb2xlcyI6WyJhZG1pbiJdLCJleHAiOjE3ODE3MDk4MjAsImlhdCI6MTc4MTYyMzQyMCwidHlwZSI6ImFjY2VzcyJ9.VAtkN126YiygMRGkEXEBVsjow55W3RzXOosnNSNdjrU" [accepted]
[32m2026-06-16 18:42:13[0m | [1mINFO    [0m | [36mapp.api.v1.websocket.manager[0m:[36m19[0m - [1mWS connected: tenant=unknown, connections=2[0m
INFO:     connection open
[32m2026-06-16 18:42:45[0m | [1mINFO    [0m | [36mapp.api.v1.websocket.manager[0m:[36m30[0m - [1mWS disconnected: tenant=unknown[0m
INFO:     connection closed
[32m2026-06-16 18:43:00[0m | [31m[1mERROR   [0m | [36mapp.services.ml_service[0m:[36m431[0m - [31m[1m[MLListener] Connection lost: ConnectionError('Error 111 connecting to localhost:6379. 111.') — reconnecting in 300s[0m
[32m2026-06-16 18:43:16[0m | [1mINFO    [0m | [36mapp.tasks.sync_pipelines[0m:[36m44[0m - [1mSyncing pipelines for 0 integrations[0m
[32m2026-06-16 18:43:16[0m | [1mINFO    [0m | [36mapp.tasks.sync_pods[0m:[36m56[0m - [1mSnapshot sync: 0 K8s integrations[0m
[32m2026-06-16 18:43:16[0m | [1mINFO    [0m | [36mapp.core.scheduler[0m:[36m76[0m - [1mScheduled pod sync: {'integrations': 0, 'pods_synced': 0, 'pods_deleted': 0}[0m
2026-06-16 18:43:46,111 INFO sqlalchemy.engine.Engine BEGIN (implicit)
2026-06-16 18:43:46,111 INFO sqlalchemy.engine.Engine SELECT count(*) AS count_1 
FROM (SELECT alerts.tenant_id AS tenant_id, alerts.title AS title, alerts.message AS message, alerts.severity AS severity, alerts.category AS category, alerts.source AS source, alerts.status AS status, alerts.is_read AS is_read, alerts.resource AS resource, alerts.metadata AS metadata, alerts.fired_at AS fired_at, alerts.resolved_at AS resolved_at, alerts.id AS id, alerts.created_at AS created_at, alerts.updated_at AS updated_at 
FROM alerts 
WHERE alerts.tenant_id = ?) AS anon_1
2026-06-16 18:43:46,111 INFO sqlalchemy.engine.Engine [cached since 1135s ago] ('2ee4a482-7e73-4b75-85ac-38e48196dd12',)
2026-06-16 18:43:46,112 INFO sqlalchemy.engine.Engine SELECT alerts.tenant_id, alerts.title, alerts.message, alerts.severity, alerts.category, alerts.source, alerts.status, alerts.is_read, alerts.resource, alerts.metadata, alerts.fired_at, alerts.resolved_at, alerts.id, alerts.created_at, alerts.updated_at 
FROM alerts 
WHERE alerts.tenant_id = ? ORDER BY alerts.created_at DESC
 LIMIT ? OFFSET ?
2026-06-16 18:43:46,112 INFO sqlalchemy.engine.Engine [cached since 1135s ago] ('2ee4a482-7e73-4b75-85ac-38e48196dd12', 10, 0)
2026-06-16 18:43:46,113 INFO sqlalchemy.engine.Engine COMMIT
[32m2026-06-16 18:43:46[0m | [1mINFO    [0m | [36mapp.middleware.logging[0m:[36m15[0m - [1m[e3de16c6] GET /api/v1/alerts → 200 (4.4ms)[0m
INFO:     127.0.0.1:51328 - "GET /api/v1/alerts?page_size=10 HTTP/1.1" 200 OK
2026-06-16 18:43:46,176 INFO sqlalchemy.engine.Engine BEGIN (implicit)
2026-06-16 18:43:46,176 INFO sqlalchemy.engine.Engine SELECT count(*) AS count_1 
FROM (SELECT alerts.tenant_id AS tenant_id, alerts.title AS title, alerts.message AS message, alerts.severity AS severity, alerts.category AS category, alerts.source AS source, alerts.status AS status, alerts.is_read AS is_read, alerts.resource AS resource, alerts.metadata AS metadata, alerts.fired_at AS fired_at, alerts.resolved_at AS resolved_at, alerts.id AS id, alerts.created_at AS created_at, alerts.updated_at AS updated_at 
FROM alerts 
WHERE alerts.tenant_id = ?) AS anon_1
2026-06-16 18:43:46,176 INFO sqlalchemy.engine.Engine [cached since 1135s ago] ('2ee4a482-7e73-4b75-85ac-38e48196dd12',)
2026-06-16 18:43:46,177 INFO sqlalchemy.engine.Engine SELECT alerts.tenant_id, alerts.title, alerts.message, alerts.severity, alerts.category, alerts.source, alerts.status, alerts.is_read, alerts.resource, alerts.metadata, alerts.fired_at, alerts.resolved_at, alerts.id, alerts.created_at, alerts.updated_at 
FROM alerts 
WHERE alerts.tenant_id = ? ORDER BY alerts.created_at DESC
 LIMIT ? OFFSET ?
2026-06-16 18:43:46,177 INFO sqlalchemy.engine.Engine [cached since 1135s ago] ('2ee4a482-7e73-4b75-85ac-38e48196dd12', 10, 0)
2026-06-16 18:43:46,178 INFO sqlalchemy.engine.Engine COMMIT
[32m2026-06-16 18:43:46[0m | [1mINFO    [0m | [36mapp.middleware.logging[0m:[36m15[0m - [1m[977893b8] GET /api/v1/alerts → 200 (3.88ms)[0m
INFO:     127.0.0.1:51338 - "GET /api/v1/alerts?page_size=10 HTTP/1.1" 200 OK
2026-06-16 18:43:46,285 INFO sqlalchemy.engine.Engine BEGIN (implicit)
2026-06-16 18:43:46,285 INFO sqlalchemy.engine.Engine SELECT count(*) AS count_1 
FROM (SELECT integrations.tenant_id AS tenant_id, integrations.name AS name, integrations.type AS type, integrations.status AS status, integrations.credentials AS credentials, integrations.config AS config, integrations.last_sync AS last_sync, integrations.is_active AS is_active, integrations.error_message AS error_message, integrations.id AS id, integrations.created_at AS created_at, integrations.updated_at AS updated_at 
FROM integrations 
WHERE integrations.tenant_id = ?) AS anon_1
2026-06-16 18:43:46,285 INFO sqlalchemy.engine.Engine [cached since 1206s ago] ('2ee4a482-7e73-4b75-85ac-38e48196dd12',)
2026-06-16 18:43:46,286 INFO sqlalchemy.engine.Engine BEGIN (implicit)
2026-06-16 18:43:46,286 INFO sqlalchemy.engine.Engine SELECT count(users.id) AS count_1 
FROM users 
WHERE users.tenant_id = ? AND users.is_active = 1
2026-06-16 18:43:46,286 INFO sqlalchemy.engine.Engine [cached since 1206s ago] ('2ee4a482-7e73-4b75-85ac-38e48196dd12',)
2026-06-16 18:43:46,286 INFO sqlalchemy.engine.Engine BEGIN (implicit)
2026-06-16 18:43:46,286 INFO sqlalchemy.engine.Engine SELECT tenants.name, tenants.slug, tenants.domain, tenants.logo_url, tenants."plan", tenants.is_active, tenants.settings, tenants.metadata, tenants.id, tenants.created_at, tenants.updated_at 
FROM tenants 
WHERE tenants.id = ?
2026-06-16 18:43:46,286 INFO sqlalchemy.engine.Engine [cached since 1206s ago] ('2ee4a482-7e73-4b75-85ac-38e48196dd12',)
2026-06-16 18:43:46,288 INFO sqlalchemy.engine.Engine SELECT integrations.tenant_id, integrations.name, integrations.type, integrations.status, integrations.credentials, integrations.config, integrations.last_sync, integrations.is_active, integrations.error_message, integrations.id, integrations.created_at, integrations.updated_at 
FROM integrations 
WHERE integrations.tenant_id = ? ORDER BY integrations.created_at DESC
 LIMIT ? OFFSET ?
2026-06-16 18:43:46,289 INFO sqlalchemy.engine.Engine [cached since 1158s ago] ('2ee4a482-7e73-4b75-85ac-38e48196dd12', 20, 0)
2026-06-16 18:43:46,290 INFO sqlalchemy.engine.Engine COMMIT
2026-06-16 18:43:46,290 INFO sqlalchemy.engine.Engine SELECT count(integrations.id) AS count_1 
FROM integrations 
WHERE integrations.tenant_id = ? AND integrations.is_active = 1
2026-06-16 18:43:46,290 INFO sqlalchemy.engine.Engine [cached since 1206s ago] ('2ee4a482-7e73-4b75-85ac-38e48196dd12',)
2026-06-16 18:43:46,291 INFO sqlalchemy.engine.Engine COMMIT
[32m2026-06-16 18:43:46[0m | [1mINFO    [0m | [36mapp.middleware.logging[0m:[36m15[0m - [1m[9b02776b] GET /api/v1/companies → 200 (7.97ms)[0m
INFO:     127.0.0.1:51354 - "GET /api/v1/companies HTTP/1.1" 200 OK
2026-06-16 18:43:46,293 INFO sqlalchemy.engine.Engine SELECT count(pipelines.id) AS count_1 
FROM pipelines 
WHERE pipelines.tenant_id = ? AND pipelines.status = ?
2026-06-16 18:43:46,293 INFO sqlalchemy.engine.Engine [cached since 1206s ago] ('2ee4a482-7e73-4b75-85ac-38e48196dd12', 'running')
[32m2026-06-16 18:43:46[0m | [1mINFO    [0m | [36mapp.middleware.logging[0m:[36m15[0m - [1m[509d0244] GET /api/v1/integrations → 200 (15.48ms)[0m
INFO:     127.0.0.1:51342 - "GET /api/v1/integrations HTTP/1.1" 200 OK
2026-06-16 18:43:46,295 INFO sqlalchemy.engine.Engine SELECT count(threats.id) AS count_1 
FROM threats 
WHERE threats.tenant_id = ? AND threats.status = ?
2026-06-16 18:43:46,295 INFO sqlalchemy.engine.Engine [cached since 1206s ago] ('2ee4a482-7e73-4b75-85ac-38e48196dd12', 'open')
2026-06-16 18:43:46,296 INFO sqlalchemy.engine.Engine SELECT sum(cost_metrics.amount) AS sum_1 
FROM cost_metrics 
WHERE cost_metrics.tenant_id = ?
2026-06-16 18:43:46,296 INFO sqlalchemy.engine.Engine [cached since 1206s ago] ('2ee4a482-7e73-4b75-85ac-38e48196dd12',)
2026-06-16 18:43:46,296 INFO sqlalchemy.engine.Engine COMMIT
[32m2026-06-16 18:43:46[0m | [1mINFO    [0m | [36mapp.middleware.logging[0m:[36m15[0m - [1m[ab1c37ef] GET /api/v1/companies/stats → 200 (14.5ms)[0m
INFO:     127.0.0.1:51344 - "GET /api/v1/companies/stats HTTP/1.1" 200 OK
INFO:     ('127.0.0.1', 49564) - "WebSocket /ws/unknown?token=eyJhbGciOiJIUzI1NiIsInR5cCI6IkpXVCJ9.eyJzdWIiOiI4MGZlNjkyMy1kMGQ3LTQ3ZTQtYmVlMy0wYTZlZWEzNmZlOTgiLCJlbWFpbCI6ImRkZGRkZGRkZXNhMTIzQGdtYWlsLmNjb20iLCJ0ZW5hbnRfaWQiOiIyZWU0YTQ4Mi03ZTczLTRiNzUtODVhYy0zOGU0ODE5NmRkMTIiLCJyb2xlcyI6WyJhZG1pbiJdLCJleHAiOjE3ODE3MDk4MjAsImlhdCI6MTc4MTYyMzQyMCwidHlwZSI6ImFjY2VzcyJ9.VAtkN126YiygMRGkEXEBVsjow55W3RzXOosnNSNdjrU" [accepted]
[32m2026-06-16 18:43:49[0m | [1mINFO    [0m | [36mapp.api.v1.websocket.manager[0m:[36m19[0m - [1mWS connected: tenant=unknown, connections=2[0m
INFO:     connection open
[32m2026-06-16 18:44:13[0m | [1mINFO    [0m | [36mapp.api.v1.websocket.manager[0m:[36m30[0m - [1mWS disconnected: tenant=unknown[0m
INFO:     connection closed
[32m2026-06-16 18:44:29[0m | [1mINFO    [0m | [36mapp.api.v1.websocket.manager[0m:[36m30[0m - [1mWS disconnected: tenant=unknown[0m
INFO:     connection closed
[32m2026-06-16 18:45:16[0m | [1mINFO    [0m | [36mapp.tasks.sync_pods[0m:[36m56[0m - [1mSnapshot sync: 0 K8s integrations[0m
[32m2026-06-16 18:45:16[0m | [1mINFO    [0m | [36mapp.core.scheduler[0m:[36m76[0m - [1mScheduled pod sync: {'integrations': 0, 'pods_synced': 0, 'pods_deleted': 0}[0m
[32m2026-06-16 18:47:16[0m | [1mINFO    [0m | [36mapp.tasks.sync_pods[0m:[36m56[0m - [1mSnapshot sync: 0 K8s integrations[0m
[32m2026-06-16 18:47:16[0m | [1mINFO    [0m | [36mapp.core.scheduler[0m:[36m76[0m - [1mScheduled pod sync: {'integrations': 0, 'pods_synced': 0, 'pods_deleted': 0}[0m
[32m2026-06-16 18:48:00[0m | [31m[1mERROR   [0m | [36mapp.services.ml_service[0m:[36m431[0m - [31m[1m[MLListener] Connection lost: ConnectionError('Error 111 connecting to localhost:6379. 111.') — reconnecting in 300s[0m
[32m2026-06-16 18:48:16[0m | [1mINFO    [0m | [36mapp.tasks.sync_pipelines[0m:[36m44[0m - [1mSyncing pipelines for 0 integrations[0m
[32m2026-06-16 18:49:16[0m | [1mINFO    [0m | [36mapp.tasks.sync_pods[0m:[36m56[0m - [1mSnapshot sync: 0 K8s integrations[0m
[32m2026-06-16 18:49:16[0m | [1mINFO    [0m | [36mapp.core.scheduler[0m:[36m76[0m - [1mScheduled pod sync: {'integrations': 0, 'pods_synced': 0, 'pods_deleted': 0}[0m
[32m2026-06-16 18:51:16[0m | [1mINFO    [0m | [36mapp.tasks.sync_pods[0m:[36m56[0m - [1mSnapshot sync: 0 K8s integrations[0m
[32m2026-06-16 18:51:16[0m | [1mINFO    [0m | [36mapp.core.scheduler[0m:[36m76[0m - [1mScheduled pod sync: {'integrations': 0, 'pods_synced': 0, 'pods_deleted': 0}[0m
[32m2026-06-16 18:53:00[0m | [31m[1mERROR   [0m | [36mapp.services.ml_service[0m:[36m431[0m - [31m[1m[MLListener] Connection lost: ConnectionError('Error 111 connecting to localhost:6379. 111.') — reconnecting in 300s[0m
[32m2026-06-16 18:53:16[0m | [1mINFO    [0m | [36mapp.tasks.sync_pipelines[0m:[36m44[0m - [1mSyncing pipelines for 0 integrations[0m
[32m2026-06-16 18:53:16[0m | [1mINFO    [0m | [36mapp.tasks.sync_pods[0m:[36m56[0m - [1mSnapshot sync: 0 K8s integrations[0m
[32m2026-06-16 18:53:16[0m | [1mINFO    [0m | [36mapp.core.scheduler[0m:[36m76[0m - [1mScheduled pod sync: {'integrations': 0, 'pods_synced': 0, 'pods_deleted': 0}[0m
[32m2026-06-16 18:55:16[0m | [1mINFO    [0m | [36mapp.tasks.sync_pods[0m:[36m56[0m - [1mSnapshot sync: 0 K8s integrations[0m
[32m2026-06-16 18:55:16[0m | [1mINFO    [0m | [36mapp.core.scheduler[0m:[36m76[0m - [1mScheduled pod sync: {'integrations': 0, 'pods_synced': 0, 'pods_deleted': 0}[0m
[32m2026-06-16 18:57:16[0m | [1mINFO    [0m | [36mapp.tasks.sync_pods[0m:[36m56[0m - [1mSnapshot sync: 0 K8s integrations[0m
[32m2026-06-16 18:57:16[0m | [1mINFO    [0m | [36mapp.core.scheduler[0m:[36m76[0m - [1mScheduled pod sync: {'integrations': 0, 'pods_synced': 0, 'pods_deleted': 0}[0m
[32m2026-06-16 18:58:00[0m | [31m[1mERROR   [0m | [36mapp.services.ml_service[0m:[36m431[0m - [31m[1m[MLListener] Connection lost: ConnectionError('Error 111 connecting to localhost:6379. 111.') — reconnecting in 300s[0m
[32m2026-06-16 18:58:16[0m | [1mINFO    [0m | [36mapp.tasks.sync_pipelines[0m:[36m44[0m - [1mSyncing pipelines for 0 integrations[0m
[32m2026-06-16 18:59:16[0m | [1mINFO    [0m | [36mapp.tasks.sync_pods[0m:[36m56[0m - [1mSnapshot sync: 0 K8s integrations[0m
[32m2026-06-16 18:59:16[0m | [1mINFO    [0m | [36mapp.core.scheduler[0m:[36m76[0m - [1mScheduled pod sync: {'integrations': 0, 'pods_synced': 0, 'pods_deleted': 0}[0m
[32m2026-06-16 19:01:16[0m | [1mINFO    [0m | [36mapp.tasks.sync_pods[0m:[36m56[0m - [1mSnapshot sync: 0 K8s integrations[0m
[32m2026-06-16 19:01:16[0m | [1mINFO    [0m | [36mapp.core.scheduler[0m:[36m76[0m - [1mScheduled pod sync: {'integrations': 0, 'pods_synced': 0, 'pods_deleted': 0}[0m
[32m2026-06-16 19:03:00[0m | [31m[1mERROR   [0m | [36mapp.services.ml_service[0m:[36m431[0m - [31m[1m[MLListener] Connection lost: ConnectionError('Error 111 connecting to localhost:6379. 111.') — reconnecting in 300s[0m
[32m2026-06-16 19:03:16[0m | [1mINFO    [0m | [36mapp.tasks.sync_pipelines[0m:[36m44[0m - [1mSyncing pipelines for 0 integrations[0m
[32m2026-06-16 19:03:16[0m | [1mINFO    [0m | [36mapp.tasks.sync_pods[0m:[36m56[0m - [1mSnapshot sync: 0 K8s integrations[0m
[32m2026-06-16 19:03:16[0m | [1mINFO    [0m | [36mapp.core.scheduler[0m:[36m76[0m - [1mScheduled pod sync: {'integrations': 0, 'pods_synced': 0, 'pods_deleted': 0}[0m
[32m2026-06-16 19:05:16[0m | [1mINFO    [0m | [36mapp.tasks.sync_pods[0m:[36m56[0m - [1mSnapshot sync: 0 K8s integrations[0m
[32m2026-06-16 19:05:16[0m | [1mINFO    [0m | [36mapp.core.scheduler[0m:[36m76[0m - [1mScheduled pod sync: {'integrations': 0, 'pods_synced': 0, 'pods_deleted': 0}[0m
[32m2026-06-16 19:07:16[0m | [1mINFO    [0m | [36mapp.tasks.sync_pods[0m:[36m56[0m - [1mSnapshot sync: 0 K8s integrations[0m
[32m2026-06-16 19:07:16[0m | [1mINFO    [0m | [36mapp.core.scheduler[0m:[36m76[0m - [1mScheduled pod sync: {'integrations': 0, 'pods_synced': 0, 'pods_deleted': 0}[0m
[32m2026-06-16 19:08:00[0m | [31m[1mERROR   [0m | [36mapp.services.ml_service[0m:[36m431[0m - [31m[1m[MLListener] Connection lost: ConnectionError('Error 111 connecting to localhost:6379. 111.') — reconnecting in 300s[0m
[32m2026-06-16 19:08:16[0m | [1mINFO    [0m | [36mapp.tasks.sync_pipelines[0m:[36m44[0m - [1mSyncing pipelines for 0 integrations[0m
[32m2026-06-16 19:09:16[0m | [1mINFO    [0m | [36mapp.tasks.sync_pods[0m:[36m56[0m - [1mSnapshot sync: 0 K8s integrations[0m
[32m2026-06-16 19:09:16[0m | [1mINFO    [0m | [36mapp.core.scheduler[0m:[36m76[0m - [1mScheduled pod sync: {'integrations': 0, 'pods_synced': 0, 'pods_deleted': 0}[0m
[32m2026-06-16 19:11:16[0m | [1mINFO    [0m | [36mapp.tasks.sync_pods[0m:[36m56[0m - [1mSnapshot sync: 0 K8s integrations[0m
[32m2026-06-16 19:11:16[0m | [1mINFO    [0m | [36mapp.core.scheduler[0m:[36m76[0m - [1mScheduled pod sync: {'integrations': 0, 'pods_synced': 0, 'pods_deleted': 0}[0m
[32m2026-06-16 19:13:00[0m | [31m[1mERROR   [0m | [36mapp.services.ml_service[0m:[36m431[0m - [31m[1m[MLListener] Connection lost: ConnectionError('Error 111 connecting to localhost:6379. 111.') — reconnecting in 300s[0m
[32m2026-06-16 19:13:16[0m | [1mINFO    [0m | [36mapp.tasks.sync_pipelines[0m:[36m44[0m - [1mSyncing pipelines for 0 integrations[0m
[32m2026-06-16 19:13:16[0m | [1mINFO    [0m | [36mapp.tasks.sync_pods[0m:[36m56[0m - [1mSnapshot sync: 0 K8s integrations[0m
[32m2026-06-16 19:13:16[0m | [1mINFO    [0m | [36mapp.core.scheduler[0m:[36m76[0m - [1mScheduled pod sync: {'integrations': 0, 'pods_synced': 0, 'pods_deleted': 0}[0m
[32m2026-06-16 19:15:16[0m | [1mINFO    [0m | [36mapp.tasks.sync_pods[0m:[36m56[0m - [1mSnapshot sync: 0 K8s integrations[0m
[32m2026-06-16 19:15:16[0m | [1mINFO    [0m | [36mapp.core.scheduler[0m:[36m76[0m - [1mScheduled pod sync: {'integrations': 0, 'pods_synced': 0, 'pods_deleted': 0}[0m
[32m2026-06-16 19:17:16[0m | [1mINFO    [0m | [36mapp.tasks.sync_pods[0m:[36m56[0m - [1mSnapshot sync: 0 K8s integrations[0m
[32m2026-06-16 19:17:16[0m | [1mINFO    [0m | [36mapp.core.scheduler[0m:[36m76[0m - [1mScheduled pod sync: {'integrations': 0, 'pods_synced': 0, 'pods_deleted': 0}[0m
[32m2026-06-16 19:18:00[0m | [31m[1mERROR   [0m | [36mapp.services.ml_service[0m:[36m431[0m - [31m[1m[MLListener] Connection lost: ConnectionError('Error 111 connecting to localhost:6379. 111.') — reconnecting in 300s[0m
[32m2026-06-16 19:18:16[0m | [1mINFO    [0m | [36mapp.tasks.sync_pipelines[0m:[36m44[0m - [1mSyncing pipelines for 0 integrations[0m
[32m2026-06-16 19:19:16[0m | [1mINFO    [0m | [36mapp.tasks.sync_pods[0m:[36m56[0m - [1mSnapshot sync: 0 K8s integrations[0m
[32m2026-06-16 19:19:16[0m | [1mINFO    [0m | [36mapp.core.scheduler[0m:[36m76[0m - [1mScheduled pod sync: {'integrations': 0, 'pods_synced': 0, 'pods_deleted': 0}[0m
[32m2026-06-16 19:21:16[0m | [1mINFO    [0m | [36mapp.tasks.sync_pods[0m:[36m56[0m - [1mSnapshot sync: 0 K8s integrations[0m
[32m2026-06-16 19:21:16[0m | [1mINFO    [0m | [36mapp.core.scheduler[0m:[36m76[0m - [1mScheduled pod sync: {'integrations': 0, 'pods_synced': 0, 'pods_deleted': 0}[0m
[32m2026-06-16 19:23:00[0m | [31m[1mERROR   [0m | [36mapp.services.ml_service[0m:[36m431[0m - [31m[1m[MLListener] Connection lost: ConnectionError('Error 111 connecting to localhost:6379. 111.') — reconnecting in 300s[0m
[32m2026-06-16 19:23:16[0m | [1mINFO    [0m | [36mapp.tasks.sync_costs[0m:[36m74[0m - [1m[finops_data_load_attempt] tenant=all integrations_found=1[0m
[32m2026-06-16 19:23:16[0m | [1mINFO    [0m | [36mapp.tasks.sync_costs[0m:[36m82[0m - [1m[sync_started] integration=AWS Production id=f2eef28c tenant=2ee4a482 prior_status=connected[0m
[32m2026-06-16 19:23:16[0m | [1mINFO    [0m | [36mapp.tasks.sync_costs[0m:[36m95[0m - [1m[aws_cost_api_call] Calling ce:GetCostAndUsage integration=AWS Production id=f2eef28c[0m
[32m2026-06-16 19:23:16[0m | [1mINFO    [0m | [36mapp.integrations.aws.cost_explorer[0m:[36m63[0m - [1m[aws_ce] get_costs_by_service start=2026-03-01 end=2026-06-16 months=3[0m
